-- ============================================================
-- gearup FINAL post-restore splice SQL  (generator v2)
-- Generated: 2026-06-11T19:58:55.913002+00:00
-- Restore point: 2026-06-09T21:34:10.736Z  (Supabase backup id 858853101)
-- Columns sourced from live-schema pg_dump COPY headers.
-- Idempotent: INSERT ... ON CONFLICT DO NOTHING. Re-runnable.
-- ============================================================

-- ---- Prologue: columns added by the audit AFTER the restore point.
-- The restored June-9 DB lacks these; Phase B JobCard inserts need them.
ALTER TABLE public."JobCard" ADD COLUMN IF NOT EXISTS "estimateToken" TEXT;
ALTER TABLE public."JobCard" ADD COLUMN IF NOT EXISTS "estimateTokenExpiresAt" TIMESTAMPTZ;
ALTER TABLE public."JobCard" ADD COLUMN IF NOT EXISTS "estimateRevision" TEXT;
CREATE UNIQUE INDEX IF NOT EXISTS "JobCard_estimateToken_key" ON public."JobCard" ("estimateToken");

-- ---- AMC tables: the AMC feature deployed 2026-06-09 21:39 UTC — 5 minutes AFTER
-- the 21:34 backup. If the restored DB lacks them, create minimally (PK only;
-- FK constraints arrive later via prisma db push).
DO $$ BEGIN CREATE TYPE public."AmcContractStatus" AS ENUM ('ACTIVE','EXPIRED','CANCELLED'); EXCEPTION WHEN duplicate_object THEN NULL; END $$;
CREATE TABLE IF NOT EXISTS public."AmcPlan" (id text PRIMARY KEY, "planName" text NOT NULL, description text, "vehicleType" public."VehicleType" NOT NULL, "ccRange" text, "durationMonths" integer NOT NULL, "totalServicesIncluded" integer NOT NULL, price numeric(12,2) NOT NULL, "coveredItems" jsonb, exclusions text, "isActive" boolean DEFAULT true NOT NULL, "createdAt" timestamp(3) DEFAULT CURRENT_TIMESTAMP NOT NULL, "updatedAt" timestamp(3) NOT NULL);
CREATE TABLE IF NOT EXISTS public."AmcContract" (id text PRIMARY KEY, "contractNumber" text NOT NULL, "customerId" text NOT NULL, "vehicleId" text NOT NULL, "amcPlanId" text NOT NULL, "startDate" timestamp(3) NOT NULL, "endDate" timestamp(3) NOT NULL, "totalServices" integer NOT NULL, "servicesUsed" integer DEFAULT 0 NOT NULL, "servicesRemaining" integer NOT NULL, "amountPaid" numeric(12,2) NOT NULL, "paymentMode" public."PaymentMode", "paymentDate" timestamp(3), status public."AmcContractStatus" DEFAULT 'ACTIVE' NOT NULL, notes text, "createdAt" timestamp(3) DEFAULT CURRENT_TIMESTAMP NOT NULL, "updatedAt" timestamp(3) NOT NULL);
CREATE TABLE IF NOT EXISTS public."AmcServiceUsage" (id text PRIMARY KEY, "amcContractId" text NOT NULL, "jobCardId" text NOT NULL, "serviceNumber" integer NOT NULL, "serviceDate" timestamp(3) NOT NULL, notes text, "createdAt" timestamp(3) DEFAULT CURRENT_TIMESTAMP NOT NULL);

BEGIN;
SET session_replication_role = replica;  -- relax FK ordering + triggers during load

-- ================= Phase A: Chrome cache (rows newer than restore point) =================

-- Phase A · Worker from workers.json (5 cached rows)
INSERT INTO public."Worker" ("id", "workerCode", "fullName", "phoneNumber", "email", "designation", "specialization", "employmentType", "joiningDate", "dailyCapacity", "shiftStart", "shiftEnd", "status", "emergencyContactName", "emergencyContactPhone", "address", "notes", "monthlySalary", "createdAt", "updatedAt") VALUES ('cmpuwwlai0003bpc3z0tm94xs', 'WRK-1L0KIO', 'TANUSHKA  CHAKRABORTY', '9002556494', 'tanushkachakraborty56@gmail.com', 'RECEPTIONIST  CUM  CASHIER', 'FRESHER', NULL, NULL, NULL, '09:00', '06:30', 'ACTIVE', NULL, NULL, NULL, NULL, NULL, '2026-06-01T07:53:42.062Z', '2026-06-08T13:10:34.986Z') ON CONFLICT DO NOTHING;
INSERT INTO public."Worker" ("id", "workerCode", "fullName", "phoneNumber", "email", "designation", "specialization", "employmentType", "joiningDate", "dailyCapacity", "shiftStart", "shiftEnd", "status", "emergencyContactName", "emergencyContactPhone", "address", "notes", "monthlySalary", "createdAt", "updatedAt") VALUES ('cmpuwtsfd0000bpc38h59odds', 'WRK-1BF6BO', 'ASHIM GANGULY', '9332353418', 'ashimganguly18@gmail.com', 'SPARE  PARTS MANAGER', 'HERO, BAJAJ, YAHAMA,SUZUKI,JAWA/YEZDI', NULL, NULL, NULL, '09:00', '06:30', 'ACTIVE', NULL, NULL, NULL, 'MAINTAIN TOTAL  DEPARTMENTS AS A MANAGER', NULL, '2026-06-01T07:51:31.364Z', '2026-06-07T12:04:55.456Z') ON CONFLICT DO NOTHING;
INSERT INTO public."Worker" ("id", "workerCode", "fullName", "phoneNumber", "email", "designation", "specialization", "employmentType", "joiningDate", "dailyCapacity", "shiftStart", "shiftEnd", "status", "emergencyContactName", "emergencyContactPhone", "address", "notes", "monthlySalary", "createdAt", "updatedAt") VALUES ('cmpurgw5b000yaxkas9lxhai4', 'WRK-L4XKG2', 'SOUVIK  MUSI', '9609450654', 'gearup.sgnk.ai@gmail.com', 'WASHING  BOY', 'FRESHER', NULL, NULL, NULL, '09:00', '06:30', 'ACTIVE', NULL, NULL, NULL, NULL, NULL, '2026-06-01T05:21:31.554Z', '2026-06-08T13:10:55.782Z') ON CONFLICT DO NOTHING;
INSERT INTO public."Worker" ("id", "workerCode", "fullName", "phoneNumber", "email", "designation", "specialization", "employmentType", "joiningDate", "dailyCapacity", "shiftStart", "shiftEnd", "status", "emergencyContactName", "emergencyContactPhone", "address", "notes", "monthlySalary", "createdAt", "updatedAt") VALUES ('cmpuqduz90004601ekvzs5xcd', 'WRK-L9DYOA', 'HARADHAN  GOSWAMI', '9614652684', 'gearup.sgnk.ai@gmail.com', ' CHIEF  TECHNICIAN', 'HERO,HONDA,BAJAJ', NULL, NULL, NULL, '09:30', '06:30', 'ACTIVE', NULL, NULL, NULL, NULL, NULL, '2026-06-01T04:51:10.480Z', '2026-06-02T03:38:38.481Z') ON CONFLICT DO NOTHING;
INSERT INTO public."Worker" ("id", "workerCode", "fullName", "phoneNumber", "email", "designation", "specialization", "employmentType", "joiningDate", "dailyCapacity", "shiftStart", "shiftEnd", "status", "emergencyContactName", "emergencyContactPhone", "address", "notes", "monthlySalary", "createdAt", "updatedAt") VALUES ('cmpuq9pxm000n76a35d892mso', 'WRK-MT6VMH', 'AMIT PAL ', '8927062760', 'gearup.sgnk.ai@gmail.com', 'CHIEF  TECHNICIAN', 'JAWA/YEZDI', NULL, NULL, NULL, '09:00', '06:30', 'ACTIVE', NULL, NULL, NULL, NULL, NULL, '2026-06-01T04:47:57.318Z', '2026-06-02T03:37:56.617Z') ON CONFLICT DO NOTHING;

-- Phase A · InventoryCategory from inventory_categories.json (6 cached rows)
INSERT INTO public."InventoryCategory" ("id", "categoryName", "description") VALUES ('cmptr6hbz00001bng4hw2npet', 'BODY PARTS', 'SBR SET TP 057') ON CONFLICT DO NOTHING;
INSERT INTO public."InventoryCategory" ("id", "categoryName", "description") VALUES ('cmpts6efn000c3q3ea0xwnkws', 'ENGINE   PARTS', 'DISC CLUTCH FRICTION') ON CONFLICT DO NOTHING;
INSERT INTO public."InventoryCategory" ("id", "categoryName", "description") VALUES ('cmpw3h1n9000jwqjj7oqs8qg8', 'ENGINE OIL, LUBRICANTS', 'OIL  AND LUBRICANTS') ON CONFLICT DO NOTHING;
INSERT INTO public."InventoryCategory" ("id", "categoryName", "description") VALUES ('cmptt9n9v001agf5xckhvq2nx', 'HANDLE PARTS', 'HANDLE BAR, END STRG. HANDLE,HOLDER HANDLE TOP/BOTTOM') ON CONFLICT DO NOTHING;
INSERT INTO public."InventoryCategory" ("id", "categoryName", "description") VALUES ('cmptt47xn000zgf5xapudm76k', 'KICK PARTS', 'JOIN KICK, KICK ARM.') ON CONFLICT DO NOTHING;
INSERT INTO public."InventoryCategory" ("id", "categoryName", "description") VALUES ('cmptt0h6n000sgf5xvdzhqemr', 'WHEEL PARTS', 'DAMPER RUBBER') ON CONFLICT DO NOTHING;

-- Phase A · Supplier from inventory_suppliers.json (4 cached rows)
INSERT INTO public."Supplier" ("id", "supplierName", "phone", "email", "address", "contactPerson", "notes") VALUES ('cmq3a1uw000028ds8yv5rxxsm', 'AUTO MARCKETING  AGENCY', '9239152080', '', '141/1,C,LENIN  SARANI,  KOLKATA-700013', '', 'AUTOMOBILES SPARE  PARTS  DISTRIBUTORS') ON CONFLICT DO NOTHING;
INSERT INTO public."Supplier" ("id", "supplierName", "phone", "email", "address", "contactPerson", "notes") VALUES ('cmpz89fgm000nxkwxv81bg625', 'N.D. AUTOMOBILES', '9614262632', '', '2ND FEEDER  ROAD, LALBAZAR, BANKURA-722101', 'N. D, AUTOMOBILES', '') ON CONFLICT DO NOTHING;
INSERT INTO public."Supplier" ("id", "supplierName", "phone", "email", "address", "contactPerson", "notes") VALUES ('cmptr89ve00031bngmo49vbcx', 'S.R. TRADERS', '9800275428', '', 'ASANSOLE', '', '') ON CONFLICT DO NOTHING;
INSERT INTO public."Supplier" ("id", "supplierName", "phone", "email", "address", "contactPerson", "notes") VALUES ('cmq3m5j810000b9cmof1h82gc', 'SWAPAN  TRADING  COMPANY', '9382259787/9002545757', 'db.bankura@hotmail.com', 'RAMKRISHNAPALLY, PALASHTALA,BANKURA-722101', 'SWAPAN  DAS', 'CASTRAL  ENGINE OIL AUTHORISED  DISTRIBUTORS') ON CONFLICT DO NOTHING;

-- Phase A · ExpenseCategory from expenses_categories.json (7 cached rows)
INSERT INTO public."ExpenseCategory" ("id", "categoryName", "description") VALUES ('cmpu9ivvd0005cmggt8vukkoj', 'Cleaning & Maintenance', NULL) ON CONFLICT DO NOTHING;
INSERT INTO public."ExpenseCategory" ("id", "categoryName", "description") VALUES ('cmpu9iu2x0001cmgg7996w25m', 'Electricity', '') ON CONFLICT DO NOTHING;
INSERT INTO public."ExpenseCategory" ("id", "categoryName", "description") VALUES ('cmpu9iveq0004cmggozzmyntl', 'Internet & Phone', NULL) ON CONFLICT DO NOTHING;
INSERT INTO public."ExpenseCategory" ("id", "categoryName", "description") VALUES ('cmpu9iwb40006cmggdvzsb8yk', 'Miscellaneous', NULL) ON CONFLICT DO NOTHING;
INSERT INTO public."ExpenseCategory" ("id", "categoryName", "description") VALUES ('cmpu9itdz0000cmggqp6s1qgj', 'Rent', NULL) ON CONFLICT DO NOTHING;
INSERT INTO public."ExpenseCategory" ("id", "categoryName", "description") VALUES ('cmpu9iuid0002cmggcx24iy19', 'Salary', NULL) ON CONFLICT DO NOTHING;
INSERT INTO public."ExpenseCategory" ("id", "categoryName", "description") VALUES ('cmpu9iuyr0003cmgg43p3s8bu', 'Tools & Equipment', NULL) ON CONFLICT DO NOTHING;

-- Phase A · Customer from customers.json (156 cached rows)
INSERT INTO public."Customer" ("id", "fullName", "phoneNumber", "alternatePhone", "email", "addressLine1", "addressLine2", "city", "state", "postalCode", "notes", "source", "archivedAt", "createdAt", "updatedAt") VALUES ('cmq814ro40000es2mji7njupn', 'Falguni De', '9002931488', NULL, 'gearup.sgnk.ai@gmail.com', NULL, NULL, NULL, NULL, NULL, NULL, 'JOB_CARD_FORM', NULL, '2026-06-10T12:13:02.356Z', '2026-06-10T12:13:02.356Z') ON CONFLICT DO NOTHING;
INSERT INTO public."Customer" ("id", "fullName", "phoneNumber", "alternatePhone", "email", "addressLine1", "addressLine2", "city", "state", "postalCode", "notes", "source", "archivedAt", "createdAt", "updatedAt") VALUES ('cmq7wy0yv0000efj4q3syoiv3', 'KRISHNA DAS MONDAL ', '8918042879', NULL, 'gearup.sgnk.ai@gmail.com', NULL, NULL, NULL, NULL, NULL, NULL, 'JOB_CARD_FORM', NULL, '2026-06-10T10:15:49.349Z', '2026-06-10T10:15:49.349Z') ON CONFLICT DO NOTHING;
INSERT INTO public."Customer" ("id", "fullName", "phoneNumber", "alternatePhone", "email", "addressLine1", "addressLine2", "city", "state", "postalCode", "notes", "source", "archivedAt", "createdAt", "updatedAt") VALUES ('cmq7vl4mf000mw3ahv2fj93bo', 'RAJEN MUKHERJEE', '9382371930', NULL, 'gearup.sgnk.ai@gmail.com', NULL, NULL, NULL, NULL, NULL, NULL, 'JOB_CARD_FORM', NULL, '2026-06-10T09:37:47.939Z', '2026-06-10T09:37:47.939Z') ON CONFLICT DO NOTHING;
INSERT INTO public."Customer" ("id", "fullName", "phoneNumber", "alternatePhone", "email", "addressLine1", "addressLine2", "city", "state", "postalCode", "notes", "source", "archivedAt", "createdAt", "updatedAt") VALUES ('cmq7r0fcv001s5xxmgnbyr6wx', 'INDRANIL LAI', '8945869604', '', 'gearup.sgnk.ai@gmail.com', '', '', '', '', '', '', 'JOB_CARD_FORM', NULL, '2026-06-10T07:29:43.611Z', '2026-06-10T07:32:38.033Z') ON CONFLICT DO NOTHING;
INSERT INTO public."Customer" ("id", "fullName", "phoneNumber", "alternatePhone", "email", "addressLine1", "addressLine2", "city", "state", "postalCode", "notes", "source", "archivedAt", "createdAt", "updatedAt") VALUES ('cmq7qqv650040apw7cxysd389', 'ARUP ', '9775709093', NULL, 'gearup.sgnk.ai@gmail.com', NULL, NULL, NULL, NULL, NULL, NULL, 'JOB_CARD_FORM', NULL, '2026-06-10T07:22:17.544Z', '2026-06-10T07:22:17.544Z') ON CONFLICT DO NOTHING;
INSERT INTO public."Customer" ("id", "fullName", "phoneNumber", "alternatePhone", "email", "addressLine1", "addressLine2", "city", "state", "postalCode", "notes", "source", "archivedAt", "createdAt", "updatedAt") VALUES ('cmq7p6e190023apw7aq60ta2e', 'Kalyan Chattaraj', '8016125521', NULL, 'gearup.sgnk.ai@gmail.com', NULL, NULL, NULL, NULL, NULL, NULL, 'JOB_CARD_FORM', NULL, '2026-06-10T06:38:22.601Z', '2026-06-10T06:38:22.601Z') ON CONFLICT DO NOTHING;
INSERT INTO public."Customer" ("id", "fullName", "phoneNumber", "alternatePhone", "email", "addressLine1", "addressLine2", "city", "state", "postalCode", "notes", "source", "archivedAt", "createdAt", "updatedAt") VALUES ('cmq7oxyua0004uec9ri6xvuea', 'SHYAMAL BANERJEE ', '7908995299', NULL, 'gearup.sgnk.ai@gmail.com', NULL, NULL, NULL, NULL, NULL, NULL, 'JOB_CARD_FORM', NULL, '2026-06-10T06:31:49.666Z', '2026-06-10T06:31:49.666Z') ON CONFLICT DO NOTHING;
INSERT INTO public."Customer" ("id", "fullName", "phoneNumber", "alternatePhone", "email", "addressLine1", "addressLine2", "city", "state", "postalCode", "notes", "source", "archivedAt", "createdAt", "updatedAt") VALUES ('cmq7o1vqx0007apw7i4o3e6ty', 'Sanat Bose', '8670518015', NULL, 'gearup.sgnk.ai@gmail.com', NULL, NULL, NULL, NULL, NULL, NULL, 'JOB_CARD_FORM', NULL, '2026-06-10T06:06:52.660Z', '2026-06-10T06:06:52.660Z') ON CONFLICT DO NOTHING;
INSERT INTO public."Customer" ("id", "fullName", "phoneNumber", "alternatePhone", "email", "addressLine1", "addressLine2", "city", "state", "postalCode", "notes", "source", "archivedAt", "createdAt", "updatedAt") VALUES ('cmq7nkwf2001bjlikyv4iunk7', 'Monoj Mukherjee ', '8001775993', NULL, NULL, NULL, NULL, NULL, NULL, NULL, NULL, 'JOB_CARD_FORM', NULL, '2026-06-10T05:53:40.377Z', '2026-06-10T05:53:40.377Z') ON CONFLICT DO NOTHING;
INSERT INTO public."Customer" ("id", "fullName", "phoneNumber", "alternatePhone", "email", "addressLine1", "addressLine2", "city", "state", "postalCode", "notes", "source", "archivedAt", "createdAt", "updatedAt") VALUES ('cmq7ndm3g0000apw7w03bjqg9', 'Shantanu Das', '9434314380', NULL, 'gearup.sgnk.ai@gmail.com', NULL, NULL, NULL, NULL, NULL, NULL, 'JOB_CARD_FORM', NULL, '2026-06-10T05:48:00.412Z', '2026-06-10T05:48:00.412Z') ON CONFLICT DO NOTHING;
INSERT INTO public."Customer" ("id", "fullName", "phoneNumber", "alternatePhone", "email", "addressLine1", "addressLine2", "city", "state", "postalCode", "notes", "source", "archivedAt", "createdAt", "updatedAt") VALUES ('cmq7mi83e000c128wfmrln08a', 'SOUVIK CHAKRABORTY', '9564990522', NULL, 'gearup.sgnk.ai@gmail.com', NULL, NULL, NULL, NULL, NULL, NULL, 'JOB_CARD_FORM', NULL, '2026-06-10T05:23:35.927Z', '2026-06-10T05:23:35.927Z') ON CONFLICT DO NOTHING;
INSERT INTO public."Customer" ("id", "fullName", "phoneNumber", "alternatePhone", "email", "addressLine1", "addressLine2", "city", "state", "postalCode", "notes", "source", "archivedAt", "createdAt", "updatedAt") VALUES ('cmq7ls1p200007yaf6s9n99j2', 'Kush', '8250959582', NULL, 'gearup.sgnk.ai@gmail.com', NULL, NULL, NULL, NULL, NULL, NULL, 'JOB_CARD_FORM', NULL, '2026-06-10T05:03:14.577Z', '2026-06-10T05:03:14.577Z') ON CONFLICT DO NOTHING;
INSERT INTO public."Customer" ("id", "fullName", "phoneNumber", "alternatePhone", "email", "addressLine1", "addressLine2", "city", "state", "postalCode", "notes", "source", "archivedAt", "createdAt", "updatedAt") VALUES ('cmq7k8u5d0000cd7l6s87p1sj', 'bapon konar', '8016040987', NULL, 'gearup.sgnk.ai@gmail.com', NULL, NULL, NULL, NULL, NULL, NULL, 'JOB_CARD_FORM', NULL, '2026-06-10T04:20:18.722Z', '2026-06-10T04:20:18.722Z') ON CONFLICT DO NOTHING;
INSERT INTO public."Customer" ("id", "fullName", "phoneNumber", "alternatePhone", "email", "addressLine1", "addressLine2", "city", "state", "postalCode", "notes", "source", "archivedAt", "createdAt", "updatedAt") VALUES ('cmq7jwkr100005e8e3ovvjduu', 'Kush Sharma', '8250959582', NULL, NULL, NULL, NULL, NULL, NULL, NULL, NULL, 'JOB_CARD_FORM', NULL, '2026-06-10T04:10:46.666Z', '2026-06-10T04:10:46.666Z') ON CONFLICT DO NOTHING;
INSERT INTO public."Customer" ("id", "fullName", "phoneNumber", "alternatePhone", "email", "addressLine1", "addressLine2", "city", "state", "postalCode", "notes", "source", "archivedAt", "createdAt", "updatedAt") VALUES ('cmq7jpsj7000011mi4orhhf9z', 'Tapas Khan', '8918348425', NULL, NULL, NULL, NULL, NULL, NULL, NULL, NULL, 'JOB_CARD_FORM', NULL, '2026-06-10T04:05:30.163Z', '2026-06-10T04:05:30.163Z') ON CONFLICT DO NOTHING;
INSERT INTO public."Customer" ("id", "fullName", "phoneNumber", "alternatePhone", "email", "addressLine1", "addressLine2", "city", "state", "postalCode", "notes", "source", "archivedAt", "createdAt", "updatedAt") VALUES ('cmq7ji7kl00007myudroe4q0y', 'Tapas Khan', '8918348425', NULL, NULL, NULL, NULL, NULL, NULL, NULL, NULL, 'JOB_CARD_FORM', NULL, '2026-06-10T03:59:36.401Z', '2026-06-10T03:59:36.401Z') ON CONFLICT DO NOTHING;
INSERT INTO public."Customer" ("id", "fullName", "phoneNumber", "alternatePhone", "email", "addressLine1", "addressLine2", "city", "state", "postalCode", "notes", "source", "archivedAt", "createdAt", "updatedAt") VALUES ('cmq7j7pwr000strcl3suvoq6r', 'Bapon Konar', '8016040987', NULL, NULL, NULL, NULL, NULL, NULL, NULL, NULL, 'JOB_CARD_FORM', NULL, '2026-06-10T03:51:26.951Z', '2026-06-10T03:51:26.951Z') ON CONFLICT DO NOTHING;
INSERT INTO public."Customer" ("id", "fullName", "phoneNumber", "alternatePhone", "email", "addressLine1", "addressLine2", "city", "state", "postalCode", "notes", "source", "archivedAt", "createdAt", "updatedAt") VALUES ('cmq7j1to2000gtrcl24yri9hc', 'Moumita Mahapatra', '9749340661', NULL, NULL, NULL, NULL, NULL, NULL, NULL, NULL, 'JOB_CARD_FORM', NULL, '2026-06-10T03:46:51.887Z', '2026-06-10T03:46:51.887Z') ON CONFLICT DO NOTHING;
INSERT INTO public."Customer" ("id", "fullName", "phoneNumber", "alternatePhone", "email", "addressLine1", "addressLine2", "city", "state", "postalCode", "notes", "source", "archivedAt", "createdAt", "updatedAt") VALUES ('cmq7iwf5d0004trclv4f6rgem', 'Tapas pati', '8637836406', NULL, NULL, NULL, NULL, NULL, NULL, NULL, NULL, 'JOB_CARD_FORM', NULL, '2026-06-10T03:42:39.789Z', '2026-06-10T03:42:39.789Z') ON CONFLICT DO NOTHING;
INSERT INTO public."Customer" ("id", "fullName", "phoneNumber", "alternatePhone", "email", "addressLine1", "addressLine2", "city", "state", "postalCode", "notes", "source", "archivedAt", "createdAt", "updatedAt") VALUES ('cmq7iiq9d0000psquc3m24i9o', 'Siddhartha Kundu', '9775552029', NULL, NULL, NULL, NULL, NULL, NULL, NULL, NULL, 'JOB_CARD_FORM', NULL, '2026-06-10T03:32:01.005Z', '2026-06-10T03:32:01.005Z') ON CONFLICT DO NOTHING;

-- Phase A · Vehicle from vehicles.json (20 cached rows)
INSERT INTO public."Vehicle" ("id", "customerId", "vehicleType", "registrationNumber", "brand", "model", "variant", "yearOfManufacture", "fuelType", "transmission", "color", "vin", "chassisNumber", "engineNumber", "engineCC", "odometerReading", "notes", "createdAt", "updatedAt") VALUES ('cmq815cr40004es2mr2kzxx1f', 'cmq814ro40000es2mji7njupn', 'BIKE', 'WB-67-F-4523', 'Royal Enfield ', 'Meteor 350', NULL, NULL, NULL, NULL, NULL, NULL, NULL, NULL, NULL, 8886, NULL, '2026-06-10T12:13:29.675Z', '2026-06-10T12:13:40.093Z') ON CONFLICT DO NOTHING;
INSERT INTO public."Vehicle" ("id", "customerId", "vehicleType", "registrationNumber", "brand", "model", "variant", "yearOfManufacture", "fuelType", "transmission", "color", "vin", "chassisNumber", "engineNumber", "engineCC", "odometerReading", "notes", "createdAt", "updatedAt") VALUES ('cmq7wyf960004efj4x5bci4cr', 'cmq7wy0yv0000efj4q3syoiv3', 'BIKE', 'WB-67-B-5581', 'HONDA ', 'SP SHINE', NULL, NULL, NULL, NULL, NULL, NULL, NULL, NULL, NULL, 4865, NULL, '2026-06-10T10:16:07.862Z', '2026-06-10T10:16:27.411Z') ON CONFLICT DO NOTHING;
INSERT INTO public."Vehicle" ("id", "customerId", "vehicleType", "registrationNumber", "brand", "model", "variant", "yearOfManufacture", "fuelType", "transmission", "color", "vin", "chassisNumber", "engineNumber", "engineCC", "odometerReading", "notes", "createdAt", "updatedAt") VALUES ('cmq7vlmez000qw3ah2devsnz1', 'cmq7vl4mf000mw3ahv2fj93bo', 'BIKE', 'WB-68-AH-1868', 'SP ', '125', NULL, NULL, NULL, NULL, NULL, NULL, NULL, NULL, NULL, 5545, NULL, '2026-06-10T09:38:10.983Z', '2026-06-10T09:38:22.021Z') ON CONFLICT DO NOTHING;
INSERT INTO public."Vehicle" ("id", "customerId", "vehicleType", "registrationNumber", "brand", "model", "variant", "yearOfManufacture", "fuelType", "transmission", "color", "vin", "chassisNumber", "engineNumber", "engineCC", "odometerReading", "notes", "createdAt", "updatedAt") VALUES ('cmq7r68n8002h5xxm1l4b53af', 'cmq7oxyua0004uec9ri6xvuea', 'BIKE', 'WB-68-AM-1922', 'SP', '125', NULL, NULL, NULL, NULL, NULL, NULL, NULL, NULL, NULL, 6853, NULL, '2026-06-10T07:34:14.831Z', '2026-06-10T07:34:27.486Z') ON CONFLICT DO NOTHING;
INSERT INTO public."Vehicle" ("id", "customerId", "vehicleType", "registrationNumber", "brand", "model", "variant", "yearOfManufacture", "fuelType", "transmission", "color", "vin", "chassisNumber", "engineNumber", "engineCC", "odometerReading", "notes", "createdAt", "updatedAt") VALUES ('cmq7r2in3001w5xxmlytyk4an', 'cmq7r0fcv001s5xxmgnbyr6wx', 'BIKE', 'WB-68-AH-0486', 'YAMAHA', 'RI5V3', NULL, NULL, NULL, NULL, NULL, NULL, NULL, NULL, NULL, 8962, NULL, '2026-06-10T07:31:21.179Z', '2026-06-10T07:32:25.723Z') ON CONFLICT DO NOTHING;
INSERT INTO public."Vehicle" ("id", "customerId", "vehicleType", "registrationNumber", "brand", "model", "variant", "yearOfManufacture", "fuelType", "transmission", "color", "vin", "chassisNumber", "engineNumber", "engineCC", "odometerReading", "notes", "createdAt", "updatedAt") VALUES ('cmq7qrmte0048apw7byln132t', 'cmq7qqv650040apw7cxysd389', 'BIKE', 'WB-67-G-0363', 'ROYAL ENFIELD', 'CLASSIC 350', NULL, NULL, NULL, NULL, NULL, NULL, NULL, NULL, NULL, 4565, NULL, '2026-06-10T07:22:53.378Z', '2026-06-10T07:23:48.348Z') ON CONFLICT DO NOTHING;
INSERT INTO public."Vehicle" ("id", "customerId", "vehicleType", "registrationNumber", "brand", "model", "variant", "yearOfManufacture", "fuelType", "transmission", "color", "vin", "chassisNumber", "engineNumber", "engineCC", "odometerReading", "notes", "createdAt", "updatedAt") VALUES ('cmq7p6ukv0027apw7k6lirole', 'cmq7p6e190023apw7aq60ta2e', 'BIKE', 'WB-68-AP-6645', 'Hf ', 'Deluxe', NULL, NULL, NULL, NULL, NULL, NULL, NULL, NULL, NULL, 9062, NULL, '2026-06-10T06:38:44.030Z', '2026-06-10T06:39:25.249Z') ON CONFLICT DO NOTHING;
INSERT INTO public."Vehicle" ("id", "customerId", "vehicleType", "registrationNumber", "brand", "model", "variant", "yearOfManufacture", "fuelType", "transmission", "color", "vin", "chassisNumber", "engineNumber", "engineCC", "odometerReading", "notes", "createdAt", "updatedAt") VALUES ('cmq7oz5na000cuec9uma5fdn3', 'cmq7oxyua0004uec9ri6xvuea', 'BIKE', 'WB-68-AJ-0110', 'BAJAJ', 'PULSAR 125', NULL, NULL, NULL, NULL, NULL, NULL, NULL, NULL, NULL, 5500, NULL, '2026-06-10T06:32:45.143Z', '2026-06-10T06:34:07.560Z') ON CONFLICT DO NOTHING;
INSERT INTO public."Vehicle" ("id", "customerId", "vehicleType", "registrationNumber", "brand", "model", "variant", "yearOfManufacture", "fuelType", "transmission", "color", "vin", "chassisNumber", "engineNumber", "engineCC", "odometerReading", "notes", "createdAt", "updatedAt") VALUES ('cmq7o2hzq000bapw757y8drfe', 'cmq7o1vqx0007apw7i4o3e6ty', 'OTHER', 'WB-68-Z-7041', 'Honda', 'Activa 125', NULL, NULL, NULL, NULL, NULL, NULL, NULL, NULL, NULL, 1035, NULL, '2026-06-10T06:07:21.468Z', '2026-06-10T06:08:30.976Z') ON CONFLICT DO NOTHING;
INSERT INTO public."Vehicle" ("id", "customerId", "vehicleType", "registrationNumber", "brand", "model", "variant", "yearOfManufacture", "fuelType", "transmission", "color", "vin", "chassisNumber", "engineNumber", "engineCC", "odometerReading", "notes", "createdAt", "updatedAt") VALUES ('cmq7nlend001fjlikfqn0wr16', 'cmq7nkwf2001bjlikyv4iunk7', 'BIKE', 'WB-68-P-0727', 'Hero', 'HF DAWN', NULL, NULL, NULL, NULL, NULL, NULL, NULL, NULL, NULL, 52060, NULL, '2026-06-10T05:54:03.986Z', '2026-06-10T05:56:19.161Z') ON CONFLICT DO NOTHING;
INSERT INTO public."Vehicle" ("id", "customerId", "vehicleType", "registrationNumber", "brand", "model", "variant", "yearOfManufacture", "fuelType", "transmission", "color", "vin", "chassisNumber", "engineNumber", "engineCC", "odometerReading", "notes", "createdAt", "updatedAt") VALUES ('cmq7nepr80004apw7r65jaxq4', 'cmq7ndm3g0000apw7w03bjqg9', 'BIKE', 'WB-67-D-9899', 'Royal Enfield ', 'Classic ', NULL, NULL, NULL, NULL, NULL, NULL, NULL, NULL, NULL, 8862, NULL, '2026-06-10T05:48:51.789Z', '2026-06-10T05:49:33.378Z') ON CONFLICT DO NOTHING;
INSERT INTO public."Vehicle" ("id", "customerId", "vehicleType", "registrationNumber", "brand", "model", "variant", "yearOfManufacture", "fuelType", "transmission", "color", "vin", "chassisNumber", "engineNumber", "engineCC", "odometerReading", "notes", "createdAt", "updatedAt") VALUES ('cmq7mirvn000g128w7j7o5rbi', 'cmq7mi83e000c128wfmrln08a', 'BIKE', 'WB-68-AM-3765', 'YAMAHA', 'FZ', NULL, NULL, NULL, NULL, NULL, NULL, NULL, NULL, NULL, 55862, NULL, '2026-06-10T05:24:01.560Z', '2026-06-10T05:24:16.341Z') ON CONFLICT DO NOTHING;
INSERT INTO public."Vehicle" ("id", "customerId", "vehicleType", "registrationNumber", "brand", "model", "variant", "yearOfManufacture", "fuelType", "transmission", "color", "vin", "chassisNumber", "engineNumber", "engineCC", "odometerReading", "notes", "createdAt", "updatedAt") VALUES ('cmq7lsh4300047yaf8wzi24ax', 'cmq7ls1p200007yaf6s9n99j2', 'BIKE', 'WB-68-AX-0607', 'bajaj', 'cd100', NULL, NULL, NULL, NULL, NULL, NULL, NULL, NULL, NULL, 5800, NULL, '2026-06-10T05:03:34.520Z', '2026-06-10T05:06:17.016Z') ON CONFLICT DO NOTHING;
INSERT INTO public."Vehicle" ("id", "customerId", "vehicleType", "registrationNumber", "brand", "model", "variant", "yearOfManufacture", "fuelType", "transmission", "color", "vin", "chassisNumber", "engineNumber", "engineCC", "odometerReading", "notes", "createdAt", "updatedAt") VALUES ('cmq7k9ffx0004cd7lbp6kny78', 'cmq7k8u5d0000cd7l6s87p1sj', 'BIKE', 'WB-68-AC-7536', 'tvs', 'apache rtr 4v', '', NULL, NULL, NULL, NULL, NULL, NULL, NULL, NULL, 1247, '', '2026-06-10T04:20:46.313Z', '2026-06-10T07:02:02.144Z') ON CONFLICT DO NOTHING;
INSERT INTO public."Vehicle" ("id", "customerId", "vehicleType", "registrationNumber", "brand", "model", "variant", "yearOfManufacture", "fuelType", "transmission", "color", "vin", "chassisNumber", "engineNumber", "engineCC", "odometerReading", "notes", "createdAt", "updatedAt") VALUES ('cmq7jx03j00045e8ekra1f8kx', 'cmq7jwkr100005e8e3ovvjduu', 'BIKE', 'WB-68-X-0607', 'Bajaj', 'CT 100', NULL, NULL, NULL, NULL, NULL, NULL, NULL, NULL, NULL, NULL, NULL, '2026-06-10T04:11:06.513Z', '2026-06-10T04:11:06.513Z') ON CONFLICT DO NOTHING;
INSERT INTO public."Vehicle" ("id", "customerId", "vehicleType", "registrationNumber", "brand", "model", "variant", "yearOfManufacture", "fuelType", "transmission", "color", "vin", "chassisNumber", "engineNumber", "engineCC", "odometerReading", "notes", "createdAt", "updatedAt") VALUES ('cmq7jqjxc000411miq98miq2f', 'cmq7jpsj7000011mi4orhhf9z', 'BIKE', 'WB-68-V-2260', 'Honda ', 'Unicorn 160', NULL, NULL, NULL, NULL, NULL, NULL, NULL, NULL, NULL, 122746, NULL, '2026-06-10T04:06:05.660Z', '2026-06-10T04:07:37.313Z') ON CONFLICT DO NOTHING;
INSERT INTO public."Vehicle" ("id", "customerId", "vehicleType", "registrationNumber", "brand", "model", "variant", "yearOfManufacture", "fuelType", "transmission", "color", "vin", "chassisNumber", "engineNumber", "engineCC", "odometerReading", "notes", "createdAt", "updatedAt") VALUES ('cmq7jj3sv00047myuq3n9hm1s', 'cmq7ji7kl00007myudroe4q0y', 'BIKE', 'WB-68-V-2260', 'Honda', 'Unicorn 160', NULL, NULL, NULL, NULL, NULL, NULL, NULL, NULL, NULL, NULL, NULL, '2026-06-10T04:00:18.151Z', '2026-06-10T04:00:18.151Z') ON CONFLICT DO NOTHING;
INSERT INTO public."Vehicle" ("id", "customerId", "vehicleType", "registrationNumber", "brand", "model", "variant", "yearOfManufacture", "fuelType", "transmission", "color", "vin", "chassisNumber", "engineNumber", "engineCC", "odometerReading", "notes", "createdAt", "updatedAt") VALUES ('cmq7j2h7c000ktrclv5sxm1xq', 'cmq7j1to2000gtrcl24yri9hc', 'BIKE', 'WB-68-AA-6851', 'Honda', 'Activa 5G', NULL, NULL, NULL, NULL, NULL, NULL, NULL, NULL, NULL, 37007, NULL, '2026-06-10T03:47:22.361Z', '2026-06-10T03:48:47.239Z') ON CONFLICT DO NOTHING;
INSERT INTO public."Vehicle" ("id", "customerId", "vehicleType", "registrationNumber", "brand", "model", "variant", "yearOfManufacture", "fuelType", "transmission", "color", "vin", "chassisNumber", "engineNumber", "engineCC", "odometerReading", "notes", "createdAt", "updatedAt") VALUES ('cmq7ix5xt0008trcl0gh4zecg', 'cmq7iwf5d0004trclv4f6rgem', 'BIKE', 'WB-56-P-2047', 'Hero', 'Pleasure ', NULL, NULL, NULL, NULL, NULL, NULL, NULL, NULL, NULL, 40266, NULL, '2026-06-10T03:43:14.504Z', '2026-06-10T03:44:55.685Z') ON CONFLICT DO NOTHING;
INSERT INTO public."Vehicle" ("id", "customerId", "vehicleType", "registrationNumber", "brand", "model", "variant", "yearOfManufacture", "fuelType", "transmission", "color", "vin", "chassisNumber", "engineNumber", "engineCC", "odometerReading", "notes", "createdAt", "updatedAt") VALUES ('cmq7ijg3l0004psquz2smvjjn', 'cmq7iiq9d0000psquc3m24i9o', 'BIKE', 'WB-34-CH-0524', 'Honda', 'Unicorn ', NULL, NULL, NULL, NULL, NULL, NULL, NULL, NULL, NULL, 22675, NULL, '2026-06-10T03:32:34.497Z', '2026-06-10T03:35:24.869Z') ON CONFLICT DO NOTHING;

-- Phase A · InventoryItem from inventory_items.json (358 cached rows)
INSERT INTO public."InventoryItem" ("id", "sku", "itemName", "categoryId", "supplierId", "brand", "description", "compatibleVehicleTypes", "unit", "taxRate", "costPrice", "mrp", "sellingPrice", "discountPercent", "quantityInStock", "reservedQuantity", "reorderLevel", "reorderQuantity", "storageLocation", "barcode", "isActive", "variablePrice", "isBranded", "createdAt", "updatedAt") VALUES ('cmq7q1qej0035apw7mirqinxg', 'DH191083', 'BRAKE  CABLE', 'cmptt9n9v001agf5xckhvq2nx', 'cmptr89ve00031bngmo49vbcx', 'BAJAJ', NULL, NULL, '1', '0', '216.1', NULL, '255', '7', '3', '0', NULL, NULL, NULL, NULL, TRUE, FALSE, TRUE, '2026-06-10T07:02:44.965Z', '2026-06-10T07:02:44.965Z') ON CONFLICT DO NOTHING;
INSERT INTO public."InventoryItem" ("id", "sku", "itemName", "categoryId", "supplierId", "brand", "description", "compatibleVehicleTypes", "unit", "taxRate", "costPrice", "mrp", "sellingPrice", "discountPercent", "quantityInStock", "reservedQuantity", "reorderLevel", "reorderQuantity", "storageLocation", "barcode", "isActive", "variablePrice", "isBranded", "createdAt", "updatedAt") VALUES ('cmq7qvoc1001p5xxmbo6w0nag', '1PMF58050000', 'BRAKE  PAD  KIT', 'cmptt0h6n000sgf5xvdzhqemr', 'cmptr89ve00031bngmo49vbcx', 'YAMAHA', NULL, NULL, '1', '0', '269.49', NULL, '318', '7', '2', '0', NULL, NULL, NULL, NULL, TRUE, FALSE, TRUE, '2026-06-10T07:26:01.965Z', '2026-06-10T07:26:01.965Z') ON CONFLICT DO NOTHING;
INSERT INTO public."InventoryItem" ("id", "sku", "itemName", "categoryId", "supplierId", "brand", "description", "compatibleVehicleTypes", "unit", "taxRate", "costPrice", "mrp", "sellingPrice", "discountPercent", "quantityInStock", "reservedQuantity", "reorderLevel", "reorderQuantity", "storageLocation", "barcode", "isActive", "variablePrice", "isBranded", "createdAt", "updatedAt") VALUES ('cmq80b27y000oykru0he1td2t', '594698/A', 'BRAKE PAD  REAR', 'cmptt0h6n000sgf5xvdzhqemr', 'cmq3a1uw000028ds8yv5rxxsm', 'ROYAL  ENFIELD', NULL, NULL, '1', '0', '400.2', NULL, '460', '7', '5', '0', NULL, NULL, NULL, NULL, TRUE, FALSE, TRUE, '2026-06-10T11:49:56.350Z', '2026-06-10T11:49:56.350Z') ON CONFLICT DO NOTHING;
INSERT INTO public."InventoryItem" ("id", "sku", "itemName", "categoryId", "supplierId", "brand", "description", "compatibleVehicleTypes", "unit", "taxRate", "costPrice", "mrp", "sellingPrice", "discountPercent", "quantityInStock", "reservedQuantity", "reorderLevel", "reorderQuantity", "storageLocation", "barcode", "isActive", "variablePrice", "isBranded", "createdAt", "updatedAt") VALUES ('cmq7w5m0o0027w3ahhoxrejza', '591442/A', 'BULB  HALOGEN', 'cmptr6hbz00001bng4hw2npet', 'cmq3a1uw000028ds8yv5rxxsm', 'ROYAL ENFIELD', NULL, NULL, '1', '0', '169.65', NULL, '195', '7', '1', '0', NULL, NULL, NULL, NULL, TRUE, FALSE, TRUE, '2026-06-10T09:53:43.603Z', '2026-06-10T09:53:43.603Z') ON CONFLICT DO NOTHING;
INSERT INTO public."InventoryItem" ("id", "sku", "itemName", "categoryId", "supplierId", "brand", "description", "compatibleVehicleTypes", "unit", "taxRate", "costPrice", "mrp", "sellingPrice", "discountPercent", "quantityInStock", "reservedQuantity", "reorderLevel", "reorderQuantity", "storageLocation", "barcode", "isActive", "variablePrice", "isBranded", "createdAt", "updatedAt") VALUES ('cmq808n1z0009ykruqquv8bhh', 'RAC00131/A', 'CABLE  TIE', 'cmptt9n9v001agf5xckhvq2nx', 'cmq3a1uw000028ds8yv5rxxsm', 'ROYAL  ENFIELD', NULL, NULL, '1', '0', '9.96', NULL, '8', '7', '20', '0', NULL, NULL, NULL, NULL, TRUE, FALSE, TRUE, '2026-06-10T11:48:03.384Z', '2026-06-10T11:48:03.384Z') ON CONFLICT DO NOTHING;
INSERT INTO public."InventoryItem" ("id", "sku", "itemName", "categoryId", "supplierId", "brand", "description", "compatibleVehicleTypes", "unit", "taxRate", "costPrice", "mrp", "sellingPrice", "discountPercent", "quantityInStock", "reservedQuantity", "reorderLevel", "reorderQuantity", "storageLocation", "barcode", "isActive", "variablePrice", "isBranded", "createdAt", "updatedAt") VALUES ('cmq818iaz0008ja70uddtk9az', 'ACTIV 20W40', 'CASTRAL  ENGINE OIL 1 LTR.', 'cmpw3h1n9000jwqjj7oqs8qg8', 'cmq3m5j810000b9cmof1h82gc', 'CASTRAL', NULL, NULL, '1', '0', '400.02', NULL, '512', '7', '10', '0', NULL, NULL, NULL, NULL, TRUE, FALSE, TRUE, '2026-06-10T12:15:56.843Z', '2026-06-10T12:15:56.843Z') ON CONFLICT DO NOTHING;
INSERT INTO public."InventoryItem" ("id", "sku", "itemName", "categoryId", "supplierId", "brand", "description", "compatibleVehicleTypes", "unit", "taxRate", "costPrice", "mrp", "sellingPrice", "discountPercent", "quantityInStock", "reservedQuantity", "reorderLevel", "reorderQuantity", "storageLocation", "barcode", "isActive", "variablePrice", "isBranded", "createdAt", "updatedAt") VALUES ('cmq7qiv3l00015xxmyetsycu5', 'K41412AAFF400S', 'CCHAIN SPROCKET  KIT SPL + PASSION PRO,PSN X-TECH SPL ISMART', 'cmptt0h6n000sgf5xvdzhqemr', 'cmptr89ve00031bngmo49vbcx', 'HERO', NULL, NULL, '1', '0', '624.58', NULL, '737', '7', '2', '0', NULL, NULL, NULL, NULL, TRUE, FALSE, TRUE, '2026-06-10T07:16:04.205Z', '2026-06-10T07:16:04.205Z') ON CONFLICT DO NOTHING;
INSERT INTO public."InventoryItem" ("id", "sku", "itemName", "categoryId", "supplierId", "brand", "description", "compatibleVehicleTypes", "unit", "taxRate", "costPrice", "mrp", "sellingPrice", "discountPercent", "quantityInStock", "reservedQuantity", "reorderLevel", "reorderQuantity", "storageLocation", "barcode", "isActive", "variablePrice", "isBranded", "createdAt", "updatedAt") VALUES ('cmq7pwkyw000dwwbodrk3gkq8', 'N9091700', 'CHAIN  COVER  RTR FEF', 'cmptr6hbz00001bng4hw2npet', 'cmptr89ve00031bngmo49vbcx', 'TVS', NULL, NULL, '1', '0', '159.32', NULL, '188', '7', '1', '0', NULL, NULL, NULL, NULL, TRUE, FALSE, TRUE, '2026-06-10T06:58:44.644Z', '2026-06-10T06:58:44.644Z') ON CONFLICT DO NOTHING;
INSERT INTO public."InventoryItem" ("id", "sku", "itemName", "categoryId", "supplierId", "brand", "description", "compatibleVehicleTypes", "unit", "taxRate", "costPrice", "mrp", "sellingPrice", "discountPercent", "quantityInStock", "reservedQuantity", "reorderLevel", "reorderQuantity", "storageLocation", "barcode", "isActive", "variablePrice", "isBranded", "createdAt", "updatedAt") VALUES ('cmq8060my001b13fvwuk64j3y', '586151/C', 'CHAIN  PAD  ASSY.', 'cmpts6efn000c3q3ea0xwnkws', 'cmq3a1uw000028ds8yv5rxxsm', 'ROYAL  ENFIELD', NULL, NULL, '1', '0', '142.68', NULL, '164', '7', '1', '0', NULL, NULL, NULL, NULL, TRUE, FALSE, TRUE, '2026-06-10T11:46:00.999Z', '2026-06-10T11:46:00.999Z') ON CONFLICT DO NOTHING;
INSERT INTO public."InventoryItem" ("id", "sku", "itemName", "categoryId", "supplierId", "brand", "description", "compatibleVehicleTypes", "unit", "taxRate", "costPrice", "mrp", "sellingPrice", "discountPercent", "quantityInStock", "reservedQuantity", "reorderLevel", "reorderQuantity", "storageLocation", "barcode", "isActive", "variablePrice", "isBranded", "createdAt", "updatedAt") VALUES ('cmq7qbco0003lapw7td90g09b', '20K1110S', 'CHAIN SPROCKET  KIT ', 'cmptt0h6n000sgf5xvdzhqemr', 'cmptr89ve00031bngmo49vbcx', 'HERO', NULL, NULL, '1', '0', '624.58', NULL, '737', '7', '2', '0', NULL, NULL, NULL, NULL, TRUE, FALSE, TRUE, '2026-06-10T07:10:13.724Z', '2026-06-10T07:10:13.724Z') ON CONFLICT DO NOTHING;
INSERT INTO public."InventoryItem" ("id", "sku", "itemName", "categoryId", "supplierId", "brand", "description", "compatibleVehicleTypes", "unit", "taxRate", "costPrice", "mrp", "sellingPrice", "discountPercent", "quantityInStock", "reservedQuantity", "reorderLevel", "reorderQuantity", "storageLocation", "barcode", "isActive", "variablePrice", "isBranded", "createdAt", "updatedAt") VALUES ('cmq7q9dtg003hapw74o3srm5j', '20K111S', 'CHAIN SPROCKET  KIT  Y2K HF DLX', 'cmptt0h6n000sgf5xvdzhqemr', 'cmptr89ve00031bngmo49vbcx', 'HERO', NULL, NULL, '1', '0', '616.95', NULL, '728', '7', '2', '0', NULL, NULL, NULL, NULL, TRUE, FALSE, TRUE, '2026-06-10T07:08:41.880Z', '2026-06-10T07:08:41.880Z') ON CONFLICT DO NOTHING;
INSERT INTO public."InventoryItem" ("id", "sku", "itemName", "categoryId", "supplierId", "brand", "description", "compatibleVehicleTypes", "unit", "taxRate", "costPrice", "mrp", "sellingPrice", "discountPercent", "quantityInStock", "reservedQuantity", "reorderLevel", "reorderQuantity", "storageLocation", "barcode", "isActive", "variablePrice", "isBranded", "createdAt", "updatedAt") VALUES ('cmq7q5gyx003dapw7y2w8g7c7', '20K910S', 'CHAIN SPROCKET  KIT ACHIEVER', 'cmptt0h6n000sgf5xvdzhqemr', 'cmptr89ve00031bngmo49vbcx', 'HERO', NULL, NULL, '1', '0', '702.54', NULL, '829', '7', '2', '0', NULL, NULL, NULL, NULL, TRUE, FALSE, TRUE, '2026-06-10T07:05:39.363Z', '2026-06-10T07:05:39.363Z') ON CONFLICT DO NOTHING;
INSERT INTO public."InventoryItem" ("id", "sku", "itemName", "categoryId", "supplierId", "brand", "description", "compatibleVehicleTypes", "unit", "taxRate", "costPrice", "mrp", "sellingPrice", "discountPercent", "quantityInStock", "reservedQuantity", "reorderLevel", "reorderQuantity", "storageLocation", "barcode", "isActive", "variablePrice", "isBranded", "createdAt", "updatedAt") VALUES ('cmq7q391u0039apw7fbguhys5', '20K410S', 'CHAIN SPROCKET  KIT PASSION', 'cmpts6efn000c3q3ea0xwnkws', 'cmptr89ve00031bngmo49vbcx', 'HERO', NULL, NULL, '1', '0', '616.95', NULL, '728', '7', '2', '0', NULL, NULL, NULL, NULL, TRUE, FALSE, TRUE, '2026-06-10T07:03:55.789Z', '2026-06-10T07:03:55.789Z') ON CONFLICT DO NOTHING;
INSERT INTO public."InventoryItem" ("id", "sku", "itemName", "categoryId", "supplierId", "brand", "description", "compatibleVehicleTypes", "unit", "taxRate", "costPrice", "mrp", "sellingPrice", "discountPercent", "quantityInStock", "reservedQuantity", "reorderLevel", "reorderQuantity", "storageLocation", "barcode", "isActive", "variablePrice", "isBranded", "createdAt", "updatedAt") VALUES ('cmq7r6yzr002u5xxm30fn0v09', '02380KOND01', 'CHAIN SPROCKET KIT', 'cmpts6efn000c3q3ea0xwnkws', 'cmptr89ve00031bngmo49vbcx', 'HONDA', NULL, NULL, '1', '0', '722.4', NULL, '860', '7', '2', '0', NULL, NULL, NULL, NULL, TRUE, FALSE, TRUE, '2026-06-10T07:34:48.996Z', '2026-06-10T07:34:48.996Z') ON CONFLICT DO NOTHING;
INSERT INTO public."InventoryItem" ("id", "sku", "itemName", "categoryId", "supplierId", "brand", "description", "compatibleVehicleTypes", "unit", "taxRate", "costPrice", "mrp", "sellingPrice", "discountPercent", "quantityInStock", "reservedQuantity", "reorderLevel", "reorderQuantity", "storageLocation", "barcode", "isActive", "variablePrice", "isBranded", "createdAt", "updatedAt") VALUES ('cmq803qa1001313fvpekl36n4', 'KAR00011/A', 'DISC  CHAIN PAD', 'cmpts6efn000c3q3ea0xwnkws', 'cmq3a1uw000028ds8yv5rxxsm', 'ROYAL  ENFIELD', NULL, NULL, '1', '0', '264.48', NULL, '304', '7', '1', '0', NULL, NULL, NULL, NULL, TRUE, FALSE, TRUE, '2026-06-10T11:44:14.275Z', '2026-06-10T11:44:14.275Z') ON CONFLICT DO NOTHING;
INSERT INTO public."InventoryItem" ("id", "sku", "itemName", "categoryId", "supplierId", "brand", "description", "compatibleVehicleTypes", "unit", "taxRate", "costPrice", "mrp", "sellingPrice", "discountPercent", "quantityInStock", "reservedQuantity", "reorderLevel", "reorderQuantity", "storageLocation", "barcode", "isActive", "variablePrice", "isBranded", "createdAt", "updatedAt") VALUES ('cmq81am0f000353nh2ary9kbf', 'ACTIVE 20W40-02', 'ENGINE OIL 900ML.', 'cmpw3h1n9000jwqjj7oqs8qg8', 'cmq3m5j810000b9cmof1h82gc', 'CASTRAL', NULL, NULL, '1', '0', '400.25', NULL, '470', '7', '10', '0', NULL, NULL, NULL, NULL, TRUE, FALSE, TRUE, '2026-06-10T12:17:34.937Z', '2026-06-10T12:30:44.628Z') ON CONFLICT DO NOTHING;
INSERT INTO public."InventoryItem" ("id", "sku", "itemName", "categoryId", "supplierId", "brand", "description", "compatibleVehicleTypes", "unit", "taxRate", "costPrice", "mrp", "sellingPrice", "discountPercent", "quantityInStock", "reservedQuantity", "reorderLevel", "reorderQuantity", "storageLocation", "barcode", "isActive", "variablePrice", "isBranded", "createdAt", "updatedAt") VALUES ('cmq7visnd000dw3ahy40ylezl', '570018/G', 'GASKET', 'cmpts6efn000c3q3ea0xwnkws', 'cmq3a1uw000028ds8yv5rxxsm', 'ROYAL ENFIELD', NULL, NULL, '1', '0', '87', NULL, '100', '7', '1', '0', NULL, NULL, NULL, NULL, TRUE, FALSE, TRUE, '2026-06-10T09:35:59.109Z', '2026-06-10T09:35:59.109Z') ON CONFLICT DO NOTHING;
INSERT INTO public."InventoryItem" ("id", "sku", "itemName", "categoryId", "supplierId", "brand", "description", "compatibleVehicleTypes", "unit", "taxRate", "costPrice", "mrp", "sellingPrice", "discountPercent", "quantityInStock", "reservedQuantity", "reorderLevel", "reorderQuantity", "storageLocation", "barcode", "isActive", "variablePrice", "isBranded", "createdAt", "updatedAt") VALUES ('cmq7vgprp0009w3ahqbl10pe6', '570192/C', 'GASKET CYLINDER  HEAD', 'cmpts6efn000c3q3ea0xwnkws', 'cmq3a1uw000028ds8yv5rxxsm', 'ROYAL ENFIELD', NULL, NULL, '1', '0', '389.76', NULL, '448', '7', '1', '0', NULL, NULL, NULL, NULL, TRUE, FALSE, TRUE, '2026-06-10T09:34:22.064Z', '2026-06-10T09:34:22.064Z') ON CONFLICT DO NOTHING;
INSERT INTO public."InventoryItem" ("id", "sku", "itemName", "categoryId", "supplierId", "brand", "description", "compatibleVehicleTypes", "unit", "taxRate", "costPrice", "mrp", "sellingPrice", "discountPercent", "quantityInStock", "reservedQuantity", "reorderLevel", "reorderQuantity", "storageLocation", "barcode", "isActive", "variablePrice", "isBranded", "createdAt", "updatedAt") VALUES ('cmq7vkt49000hw3ahwv1kalz3', '888297', 'GASKET KIT ROCKER COVER', 'cmpts6efn000c3q3ea0xwnkws', 'cmq3a1uw000028ds8yv5rxxsm', 'ROYAL  ENFILD', NULL, NULL, '1', '0', '85.26', NULL, '98', '7', '1', '0', NULL, NULL, NULL, NULL, TRUE, FALSE, TRUE, '2026-06-10T09:37:33.033Z', '2026-06-10T09:37:33.033Z') ON CONFLICT DO NOTHING;
INSERT INTO public."InventoryItem" ("id", "sku", "itemName", "categoryId", "supplierId", "brand", "description", "compatibleVehicleTypes", "unit", "taxRate", "costPrice", "mrp", "sellingPrice", "discountPercent", "quantityInStock", "reservedQuantity", "reorderLevel", "reorderQuantity", "storageLocation", "barcode", "isActive", "variablePrice", "isBranded", "createdAt", "updatedAt") VALUES ('cmq7vsw0i0019w3ahrehw8z54', '591981/A', 'HORN HIGH TONE', 'cmpts6efn000c3q3ea0xwnkws', 'cmq3a1uw000028ds8yv5rxxsm', 'ROYAL  ENFIELD', NULL, NULL, '1', '0', '318.42', NULL, '366', '7', '1', '0', NULL, NULL, NULL, NULL, TRUE, FALSE, TRUE, '2026-06-10T09:43:50.034Z', '2026-06-10T09:43:50.034Z') ON CONFLICT DO NOTHING;
INSERT INTO public."InventoryItem" ("id", "sku", "itemName", "categoryId", "supplierId", "brand", "description", "compatibleVehicleTypes", "unit", "taxRate", "costPrice", "mrp", "sellingPrice", "discountPercent", "quantityInStock", "reservedQuantity", "reorderLevel", "reorderQuantity", "storageLocation", "barcode", "isActive", "variablePrice", "isBranded", "createdAt", "updatedAt") VALUES ('cmq7ptx6n0009wwboy1kzzt3o', 'TD5012UN', 'INDICATOR  ASSY. PASSION PRO', 'cmptt9n9v001agf5xckhvq2nx', 'cmptr89ve00031bngmo49vbcx', 'HERO', NULL, NULL, '1', '0', '115.25', NULL, '136', '7', '8', '0', NULL, NULL, NULL, NULL, TRUE, FALSE, TRUE, '2026-06-10T06:56:40.485Z', '2026-06-10T06:56:40.485Z') ON CONFLICT DO NOTHING;
INSERT INTO public."InventoryItem" ("id", "sku", "itemName", "categoryId", "supplierId", "brand", "description", "compatibleVehicleTypes", "unit", "taxRate", "costPrice", "mrp", "sellingPrice", "discountPercent", "quantityInStock", "reservedQuantity", "reorderLevel", "reorderQuantity", "storageLocation", "barcode", "isActive", "variablePrice", "isBranded", "createdAt", "updatedAt") VALUES ('cmq7p3tbc001wapw7y4eb8ffy', '88120AAEH31S', 'MIRROR  ASSY,L.BACK ', 'cmptt9n9v001agf5xckhvq2nx', 'cmptr89ve00031bngmo49vbcx', 'HERO', NULL, NULL, '1', '0', '118.64', NULL, '140', '7', '2', '0', NULL, NULL, NULL, NULL, TRUE, FALSE, TRUE, '2026-06-10T06:36:22.413Z', '2026-06-10T06:36:22.413Z') ON CONFLICT DO NOTHING;
INSERT INTO public."InventoryItem" ("id", "sku", "itemName", "categoryId", "supplierId", "brand", "description", "compatibleVehicleTypes", "unit", "taxRate", "costPrice", "mrp", "sellingPrice", "discountPercent", "quantityInStock", "reservedQuantity", "reorderLevel", "reorderQuantity", "storageLocation", "barcode", "isActive", "variablePrice", "isBranded", "createdAt", "updatedAt") VALUES ('cmq7pho2d002sapw7b5d6no2a', '88120AAHH00S', 'MIRROR  ASSY,L.BACK ', 'cmptt9n9v001agf5xckhvq2nx', 'cmptr89ve00031bngmo49vbcx', 'HERO', NULL, NULL, '1', '0', '110.17', NULL, '130', '7', '2', '0', NULL, NULL, NULL, NULL, TRUE, FALSE, TRUE, '2026-06-10T06:47:08.788Z', '2026-06-10T06:47:08.788Z') ON CONFLICT DO NOTHING;
INSERT INTO public."InventoryItem" ("id", "sku", "itemName", "categoryId", "supplierId", "brand", "description", "compatibleVehicleTypes", "unit", "taxRate", "costPrice", "mrp", "sellingPrice", "discountPercent", "quantityInStock", "reservedQuantity", "reorderLevel", "reorderQuantity", "storageLocation", "barcode", "isActive", "variablePrice", "isBranded", "createdAt", "updatedAt") VALUES ('cmq7ox1340001uec9gn4fm2wh', '88120AAL000ZS', 'MIRROR  ASSY,L.BACK (BLACK  NH-1)', 'cmptt9n9v001agf5xckhvq2nx', 'cmptr89ve00031bngmo49vbcx', 'MIRROR  ASSY,L.BACK (BLACK  NH-01)', NULL, NULL, '1', '0', '182.2', NULL, '215', '6.99', '2', '0', NULL, NULL, NULL, NULL, TRUE, FALSE, TRUE, '2026-06-10T06:31:05.916Z', '2026-06-10T06:31:05.916Z') ON CONFLICT DO NOTHING;
INSERT INTO public."InventoryItem" ("id", "sku", "itemName", "categoryId", "supplierId", "brand", "description", "compatibleVehicleTypes", "unit", "taxRate", "costPrice", "mrp", "sellingPrice", "discountPercent", "quantityInStock", "reservedQuantity", "reorderLevel", "reorderQuantity", "storageLocation", "barcode", "isActive", "variablePrice", "isBranded", "createdAt", "updatedAt") VALUES ('cmq7p9ng6002gapw7p10cnowq', '88120AANH01ZDS', 'MIRROR  ASSY,L.BACK (CBR R-195C)', 'cmptt9n9v001agf5xckhvq2nx', 'cmptr89ve00031bngmo49vbcx', 'HERO', NULL, NULL, '1', '0', '250', NULL, '295', '7', '2', '0', NULL, NULL, NULL, NULL, TRUE, FALSE, TRUE, '2026-06-10T06:40:54.770Z', '2026-06-10T06:40:54.770Z') ON CONFLICT DO NOTHING;
INSERT INTO public."InventoryItem" ("id", "sku", "itemName", "categoryId", "supplierId", "brand", "description", "compatibleVehicleTypes", "unit", "taxRate", "costPrice", "mrp", "sellingPrice", "discountPercent", "quantityInStock", "reservedQuantity", "reorderLevel", "reorderQuantity", "storageLocation", "barcode", "isActive", "variablePrice", "isBranded", "createdAt", "updatedAt") VALUES ('cmq7one48002ejlik4dakuvkg', '88120AAL000VS', 'MIRROR  ASSY,L.BACK (CBR-195C)', 'cmptt9n9v001agf5xckhvq2nx', 'cmptr89ve00031bngmo49vbcx', 'HERO', NULL, NULL, '1', '0', '182.2', NULL, '215', '7', '2', '0', NULL, NULL, NULL, NULL, TRUE, FALSE, TRUE, '2026-06-10T06:23:36.215Z', '2026-06-10T06:23:36.215Z') ON CONFLICT DO NOTHING;
INSERT INTO public."InventoryItem" ("id", "sku", "itemName", "categoryId", "supplierId", "brand", "description", "compatibleVehicleTypes", "unit", "taxRate", "costPrice", "mrp", "sellingPrice", "discountPercent", "quantityInStock", "reservedQuantity", "reorderLevel", "reorderQuantity", "storageLocation", "barcode", "isActive", "variablePrice", "isBranded", "createdAt", "updatedAt") VALUES ('cmq7oyxpu0008uec970hpz5lu', '88120AACH41ZCS', 'MIRROR  ASSY,L.BACK (SRD R-321)', 'cmptt9n9v001agf5xckhvq2nx', 'cmptr89ve00031bngmo49vbcx', 'HERO', NULL, NULL, '1', '0', '177.97', NULL, '210', '7', '1', '0', NULL, NULL, NULL, NULL, TRUE, FALSE, TRUE, '2026-06-10T06:32:34.841Z', '2026-06-10T06:32:34.841Z') ON CONFLICT DO NOTHING;
INSERT INTO public."InventoryItem" ("id", "sku", "itemName", "categoryId", "supplierId", "brand", "description", "compatibleVehicleTypes", "unit", "taxRate", "costPrice", "mrp", "sellingPrice", "discountPercent", "quantityInStock", "reservedQuantity", "reorderLevel", "reorderQuantity", "storageLocation", "barcode", "isActive", "variablePrice", "isBranded", "createdAt", "updatedAt") VALUES ('cmq7pp61v0001wwboe9q5ecb3', '88120AAC201US', 'MIRROR  ASSY,L.BACK (SRD R-321)', 'cmptt9n9v001agf5xckhvq2nx', 'cmptr89ve00031bngmo49vbcx', 'HERO', NULL, NULL, '1', '0', '152.54', NULL, '180', '7', '1', '0', NULL, NULL, NULL, NULL, TRUE, FALSE, TRUE, '2026-06-10T06:52:58.720Z', '2026-06-10T06:52:58.720Z') ON CONFLICT DO NOTHING;
INSERT INTO public."InventoryItem" ("id", "sku", "itemName", "categoryId", "supplierId", "brand", "description", "compatibleVehicleTypes", "unit", "taxRate", "costPrice", "mrp", "sellingPrice", "discountPercent", "quantityInStock", "reservedQuantity", "reorderLevel", "reorderQuantity", "storageLocation", "barcode", "isActive", "variablePrice", "isBranded", "createdAt", "updatedAt") VALUES ('cmq7p5e1l0020apw7bxflw18c', '88110AAEH31S', 'MIRROR  ASSY,R.BACK ', 'cmptt9n9v001agf5xckhvq2nx', 'cmptr89ve00031bngmo49vbcx', 'HERO', NULL, NULL, '1', '0', '118.64', NULL, '140', '7', '2', '0', NULL, NULL, NULL, NULL, TRUE, FALSE, TRUE, '2026-06-10T06:37:35.957Z', '2026-06-10T06:37:35.957Z') ON CONFLICT DO NOTHING;
INSERT INTO public."InventoryItem" ("id", "sku", "itemName", "categoryId", "supplierId", "brand", "description", "compatibleVehicleTypes", "unit", "taxRate", "costPrice", "mrp", "sellingPrice", "discountPercent", "quantityInStock", "reservedQuantity", "reorderLevel", "reorderQuantity", "storageLocation", "barcode", "isActive", "variablePrice", "isBranded", "createdAt", "updatedAt") VALUES ('cmq7ojdm90026jlikj9fb49o8', '88110AAL000ZS', 'MIRROR  ASSY,R.BACK ( BLACK NH-1)', 'cmptt9n9v001agf5xckhvq2nx', 'cmptr89ve00031bngmo49vbcx', 'HERO', NULL, NULL, '1', '0', '182.2', NULL, '215', '7', '215', '0', NULL, NULL, NULL, NULL, TRUE, FALSE, TRUE, '2026-06-10T06:20:28.972Z', '2026-06-10T06:20:28.972Z') ON CONFLICT DO NOTHING;
INSERT INTO public."InventoryItem" ("id", "sku", "itemName", "categoryId", "supplierId", "brand", "description", "compatibleVehicleTypes", "unit", "taxRate", "costPrice", "mrp", "sellingPrice", "discountPercent", "quantityInStock", "reservedQuantity", "reorderLevel", "reorderQuantity", "storageLocation", "barcode", "isActive", "variablePrice", "isBranded", "createdAt", "updatedAt") VALUES ('cmq7oldbv002ajlikhtawtq1e', '88120AANH01ZAS', 'MIRROR  ASSY,R.BACK (BLACK  NH-1)', 'cmptt9n9v001agf5xckhvq2nx', 'cmptr89ve00031bngmo49vbcx', 'HERO', NULL, NULL, '1', '0', '203.39', NULL, '240', '7', '2', '0', NULL, NULL, NULL, NULL, TRUE, FALSE, TRUE, '2026-06-10T06:22:01.911Z', '2026-06-10T06:22:01.911Z') ON CONFLICT DO NOTHING;
INSERT INTO public."InventoryItem" ("id", "sku", "itemName", "categoryId", "supplierId", "brand", "description", "compatibleVehicleTypes", "unit", "taxRate", "costPrice", "mrp", "sellingPrice", "discountPercent", "quantityInStock", "reservedQuantity", "reorderLevel", "reorderQuantity", "storageLocation", "barcode", "isActive", "variablePrice", "isBranded", "createdAt", "updatedAt") VALUES ('cmq7ohtbh001eapw724lzreev', '88110AANH01ZAS', 'MIRROR  ASSY,R.BACK (BLACK  NH-1)', 'cmptt9n9v001agf5xckhvq2nx', 'cmptr89ve00031bngmo49vbcx', 'HERO', NULL, NULL, '203.39', '0', '240', NULL, '240', '7', '2', '0', NULL, NULL, NULL, NULL, TRUE, FALSE, TRUE, '2026-06-10T06:19:16.013Z', '2026-06-10T06:19:16.013Z') ON CONFLICT DO NOTHING;
INSERT INTO public."InventoryItem" ("id", "sku", "itemName", "categoryId", "supplierId", "brand", "description", "compatibleVehicleTypes", "unit", "taxRate", "costPrice", "mrp", "sellingPrice", "discountPercent", "quantityInStock", "reservedQuantity", "reorderLevel", "reorderQuantity", "storageLocation", "barcode", "isActive", "variablePrice", "isBranded", "createdAt", "updatedAt") VALUES ('cmq7offmc000yapw72mrcgfac', '88110AAL000VS', 'MIRROR  ASSY,R.BACK (CBR R-195C)', 'cmptt9n9v001agf5xckhvq2nx', 'cmptr89ve00031bngmo49vbcx', 'HERO', NULL, NULL, '1', '0', '182.2', NULL, '215', '7', '2', '0', NULL, NULL, NULL, NULL, TRUE, FALSE, TRUE, '2026-06-10T06:17:24.948Z', '2026-06-10T06:17:24.948Z') ON CONFLICT DO NOTHING;
INSERT INTO public."InventoryItem" ("id", "sku", "itemName", "categoryId", "supplierId", "brand", "description", "compatibleVehicleTypes", "unit", "taxRate", "costPrice", "mrp", "sellingPrice", "discountPercent", "quantityInStock", "reservedQuantity", "reorderLevel", "reorderQuantity", "storageLocation", "barcode", "isActive", "variablePrice", "isBranded", "createdAt", "updatedAt") VALUES ('cmq7pbyhh002oapw7fctw54t2', '88110AANH01ZDS', 'MIRROR  ASSY,R.BACK (CBR R-195C)', 'cmptt9n9v001agf5xckhvq2nx', 'cmptr89ve00031bngmo49vbcx', 'HERO', NULL, NULL, '1', '0', '224.58', NULL, '265', '7', '2', '0', NULL, NULL, NULL, NULL, TRUE, FALSE, TRUE, '2026-06-10T06:42:42.385Z', '2026-06-10T06:42:42.385Z') ON CONFLICT DO NOTHING;
INSERT INTO public."InventoryItem" ("id", "sku", "itemName", "categoryId", "supplierId", "brand", "description", "compatibleVehicleTypes", "unit", "taxRate", "costPrice", "mrp", "sellingPrice", "discountPercent", "quantityInStock", "reservedQuantity", "reorderLevel", "reorderQuantity", "storageLocation", "barcode", "isActive", "variablePrice", "isBranded", "createdAt", "updatedAt") VALUES ('cmq7p1dg6000luec9h9l4vzrp', '88110AAL000XS', 'MIRROR  ASSY,R.BACK (PFW NH-341-P)', 'cmptt9n9v001agf5xckhvq2nx', 'cmptr89ve00031bngmo49vbcx', 'HERO', NULL, NULL, '1', '0', '182.2', NULL, '140', '7', '2', '0', NULL, NULL, NULL, NULL, TRUE, FALSE, TRUE, '2026-06-10T06:34:28.563Z', '2026-06-10T06:34:28.563Z') ON CONFLICT DO NOTHING;
INSERT INTO public."InventoryItem" ("id", "sku", "itemName", "categoryId", "supplierId", "brand", "description", "compatibleVehicleTypes", "unit", "taxRate", "costPrice", "mrp", "sellingPrice", "discountPercent", "quantityInStock", "reservedQuantity", "reorderLevel", "reorderQuantity", "storageLocation", "barcode", "isActive", "variablePrice", "isBranded", "createdAt", "updatedAt") VALUES ('cmq7otli5001sapw7zt43pi62', '88120AAL000XS', 'MIRROR  ASSY,R.BACK (PFW NH-341P)', 'cmptt9n9v001agf5xckhvq2nx', 'cmptr89ve00031bngmo49vbcx', 'HERO', NULL, NULL, '1', '0', '207.63', NULL, '245', '7', '2', '0', NULL, NULL, NULL, NULL, TRUE, FALSE, TRUE, '2026-06-10T06:28:25.725Z', '2026-06-10T06:28:25.725Z') ON CONFLICT DO NOTHING;
INSERT INTO public."InventoryItem" ("id", "sku", "itemName", "categoryId", "supplierId", "brand", "description", "compatibleVehicleTypes", "unit", "taxRate", "costPrice", "mrp", "sellingPrice", "discountPercent", "quantityInStock", "reservedQuantity", "reorderLevel", "reorderQuantity", "storageLocation", "barcode", "isActive", "variablePrice", "isBranded", "createdAt", "updatedAt") VALUES ('cmq7pk4ec002wapw7om4iluv4', '88110AAC201US', 'MIRROR  ASSY,R.BACK (SRD R-321)', 'cmptt9n9v001agf5xckhvq2nx', 'cmptr89ve00031bngmo49vbcx', 'HERO', NULL, NULL, '1', '0', '152.54', NULL, '180', '7', '3', '0', NULL, NULL, NULL, NULL, TRUE, FALSE, TRUE, '2026-06-10T06:49:03.295Z', '2026-06-10T06:50:10.175Z') ON CONFLICT DO NOTHING;
INSERT INTO public."InventoryItem" ("id", "sku", "itemName", "categoryId", "supplierId", "brand", "description", "compatibleVehicleTypes", "unit", "taxRate", "costPrice", "mrp", "sellingPrice", "discountPercent", "quantityInStock", "reservedQuantity", "reorderLevel", "reorderQuantity", "storageLocation", "barcode", "isActive", "variablePrice", "isBranded", "createdAt", "updatedAt") VALUES ('cmq7pr5uv0005wwbohlgrgpip', '88110AACH41ZCS', 'MIRROR  ASSY,R.BACK (SRD R-321)', 'cmptt9n9v001agf5xckhvq2nx', 'cmptr89ve00031bngmo49vbcx', 'HERO', NULL, NULL, '1', '0', '148.31', NULL, '175', '7', '2', '0', NULL, NULL, NULL, NULL, TRUE, FALSE, TRUE, '2026-06-10T06:54:31.777Z', '2026-06-10T06:54:31.777Z') ON CONFLICT DO NOTHING;
INSERT INTO public."InventoryItem" ("id", "sku", "itemName", "categoryId", "supplierId", "brand", "description", "compatibleVehicleTypes", "unit", "taxRate", "costPrice", "mrp", "sellingPrice", "discountPercent", "quantityInStock", "reservedQuantity", "reorderLevel", "reorderQuantity", "storageLocation", "barcode", "isActive", "variablePrice", "isBranded", "createdAt", "updatedAt") VALUES ('cmq7rl9ln000714l6q1v6eqvv', '88220KWS902', 'MIRROR  ASSY. LH', 'cmptt9n9v001agf5xckhvq2nx', 'cmptr89ve00031bngmo49vbcx', 'HONDA', NULL, NULL, '1', '0', '111', NULL, '132', '7', '2', '0', NULL, NULL, NULL, NULL, TRUE, FALSE, TRUE, '2026-06-10T07:45:55.926Z', '2026-06-10T07:45:55.926Z') ON CONFLICT DO NOTHING;
INSERT INTO public."InventoryItem" ("id", "sku", "itemName", "categoryId", "supplierId", "brand", "description", "compatibleVehicleTypes", "unit", "taxRate", "costPrice", "mrp", "sellingPrice", "discountPercent", "quantityInStock", "reservedQuantity", "reorderLevel", "reorderQuantity", "storageLocation", "barcode", "isActive", "variablePrice", "isBranded", "createdAt", "updatedAt") VALUES ('cmq7s4d0h0005497r73ltpfqj', '88120AACH41CS', 'MIRROR  ASSY. LH', 'cmptt9n9v001agf5xckhvq2nx', 'cmptr89ve00031bngmo49vbcx', 'HONDA', NULL, NULL, '1', '0', '138.25', NULL, '175', '7', '1', '0', NULL, NULL, NULL, NULL, TRUE, FALSE, TRUE, '2026-06-10T08:00:46.805Z', '2026-06-10T08:00:46.805Z') ON CONFLICT DO NOTHING;
INSERT INTO public."InventoryItem" ("id", "sku", "itemName", "categoryId", "supplierId", "brand", "description", "compatibleVehicleTypes", "unit", "taxRate", "costPrice", "mrp", "sellingPrice", "discountPercent", "quantityInStock", "reservedQuantity", "reorderLevel", "reorderQuantity", "storageLocation", "barcode", "isActive", "variablePrice", "isBranded", "createdAt", "updatedAt") VALUES ('cmq7ob2nu001ojlikxsnbu6o2', '88110AAHH00S', 'MIRROR  ASSY. R.BACK', 'cmptt9n9v001agf5xckhvq2nx', 'cmptr89ve00031bngmo49vbcx', 'HERO', NULL, NULL, '1', '0', '110.17', NULL, '130', '7', '2', '0', NULL, NULL, NULL, NULL, TRUE, FALSE, TRUE, '2026-06-10T06:14:01.526Z', '2026-06-10T06:14:01.526Z') ON CONFLICT DO NOTHING;
INSERT INTO public."InventoryItem" ("id", "sku", "itemName", "categoryId", "supplierId", "brand", "description", "compatibleVehicleTypes", "unit", "taxRate", "costPrice", "mrp", "sellingPrice", "discountPercent", "quantityInStock", "reservedQuantity", "reorderLevel", "reorderQuantity", "storageLocation", "barcode", "isActive", "variablePrice", "isBranded", "createdAt", "updatedAt") VALUES ('cmq7r9lfq003r5xxm1nh21dpc', '88120KWPF01', 'MIRROR ASSY . LH', 'cmptt9n9v001agf5xckhvq2nx', 'cmptr89ve00031bngmo49vbcx', 'HONDA', NULL, NULL, '1', '0', '158.76', NULL, '189', '7', '3', '0', NULL, NULL, NULL, NULL, TRUE, FALSE, TRUE, '2026-06-10T07:36:51.395Z', '2026-06-10T07:36:51.395Z') ON CONFLICT DO NOTHING;
INSERT INTO public."InventoryItem" ("id", "sku", "itemName", "categoryId", "supplierId", "brand", "description", "compatibleVehicleTypes", "unit", "taxRate", "costPrice", "mrp", "sellingPrice", "discountPercent", "quantityInStock", "reservedQuantity", "reorderLevel", "reorderQuantity", "storageLocation", "barcode", "isActive", "variablePrice", "isBranded", "createdAt", "updatedAt") VALUES ('cmq7rj6zm000114l6s1cc8xwz', '88210KWS902', 'MIRROR ASSY .RH', 'cmptt0h6n000sgf5xvdzhqemr', 'cmptr89ve00031bngmo49vbcx', 'HONDA', NULL, NULL, '1', '0', '110.04', NULL, '131', '7', '3', '0', NULL, NULL, NULL, NULL, TRUE, FALSE, TRUE, '2026-06-10T07:44:19.229Z', '2026-06-10T07:44:19.229Z') ON CONFLICT DO NOTHING;
INSERT INTO public."InventoryItem" ("id", "sku", "itemName", "categoryId", "supplierId", "brand", "description", "compatibleVehicleTypes", "unit", "taxRate", "costPrice", "mrp", "sellingPrice", "discountPercent", "quantityInStock", "reservedQuantity", "reorderLevel", "reorderQuantity", "storageLocation", "barcode", "isActive", "variablePrice", "isBranded", "createdAt", "updatedAt") VALUES ('cmq7s2lrk0001497ro9cvyijj', '88210K38941ZA', 'MIRROR ASSY. RH', 'cmptt9n9v001agf5xckhvq2nx', 'cmptr89ve00031bngmo49vbcx', 'HONDA', NULL, NULL, '1', '0', '117', NULL, '139', '7', '2', '0', NULL, NULL, NULL, NULL, TRUE, FALSE, TRUE, '2026-06-10T07:59:24.844Z', '2026-06-10T07:59:24.844Z') ON CONFLICT DO NOTHING;
INSERT INTO public."InventoryItem" ("id", "sku", "itemName", "categoryId", "supplierId", "brand", "description", "compatibleVehicleTypes", "unit", "taxRate", "costPrice", "mrp", "sellingPrice", "discountPercent", "quantityInStock", "reservedQuantity", "reorderLevel", "reorderQuantity", "storageLocation", "barcode", "isActive", "variablePrice", "isBranded", "createdAt", "updatedAt") VALUES ('cmq7t1471000a118m8i0416gw', 'RAH001401B', 'OIL SEAL FORK', 'cmpts6efn000c3q3ea0xwnkws', 'cmptr89ve00031bngmo49vbcx', 'ROYAL ENFIELD', NULL, NULL, '1', '0', '121.8', NULL, '140', '7', '2', '0', NULL, NULL, NULL, NULL, TRUE, FALSE, TRUE, '2026-06-10T08:26:15.010Z', '2026-06-10T08:26:15.010Z') ON CONFLICT DO NOTHING;
INSERT INTO public."InventoryItem" ("id", "sku", "itemName", "categoryId", "supplierId", "brand", "description", "compatibleVehicleTypes", "unit", "taxRate", "costPrice", "mrp", "sellingPrice", "discountPercent", "quantityInStock", "reservedQuantity", "reorderLevel", "reorderQuantity", "storageLocation", "barcode", "isActive", "variablePrice", "isBranded", "createdAt", "updatedAt") VALUES ('cmq7t3dw7000i118m2882nauv', '147632/A', 'OIL SEAL STD UCE', 'cmpts6efn000c3q3ea0xwnkws', 'cmq3a1uw000028ds8yv5rxxsm', 'ROYAL ENFILD', NULL, NULL, '1', '0', '352.35', NULL, '405', '7', '2', '0', NULL, NULL, NULL, NULL, TRUE, FALSE, TRUE, '2026-06-10T08:28:00.915Z', '2026-06-10T08:28:00.915Z') ON CONFLICT DO NOTHING;
INSERT INTO public."InventoryItem" ("id", "sku", "itemName", "categoryId", "supplierId", "brand", "description", "compatibleVehicleTypes", "unit", "taxRate", "costPrice", "mrp", "sellingPrice", "discountPercent", "quantityInStock", "reservedQuantity", "reorderLevel", "reorderQuantity", "storageLocation", "barcode", "isActive", "variablePrice", "isBranded", "createdAt", "updatedAt") VALUES ('cmq7vn59j000zw3ahkrz0fx87', '591197/D', 'PILLION  HANDLE', 'cmptt9n9v001agf5xckhvq2nx', 'cmq3a1uw000028ds8yv5rxxsm', 'ROYAL  ENFIELD', NULL, NULL, '1', '0', '175.74', NULL, '200', '7', '1', '0', NULL, NULL, NULL, NULL, TRUE, FALSE, TRUE, '2026-06-10T09:39:22.082Z', '2026-06-10T09:39:22.082Z') ON CONFLICT DO NOTHING;
INSERT INTO public."InventoryItem" ("id", "sku", "itemName", "categoryId", "supplierId", "brand", "description", "compatibleVehicleTypes", "unit", "taxRate", "costPrice", "mrp", "sellingPrice", "discountPercent", "quantityInStock", "reservedQuantity", "reorderLevel", "reorderQuantity", "storageLocation", "barcode", "isActive", "variablePrice", "isBranded", "createdAt", "updatedAt") VALUES ('cmq7wb3yc000dv61cucqkx5nc', 'RAL00085/D', 'REAR VIEW  MIRROR  LH', 'cmptt9n9v001agf5xckhvq2nx', 'cmq3a1uw000028ds8yv5rxxsm', 'ROYAL ENFIELD', NULL, NULL, '1', '0', '451.53', NULL, '519', '7', '1', '0', NULL, NULL, NULL, NULL, TRUE, FALSE, TRUE, '2026-06-10T09:58:00.127Z', '2026-06-10T09:58:00.127Z') ON CONFLICT DO NOTHING;
INSERT INTO public."InventoryItem" ("id", "sku", "itemName", "categoryId", "supplierId", "brand", "description", "compatibleVehicleTypes", "unit", "taxRate", "costPrice", "mrp", "sellingPrice", "discountPercent", "quantityInStock", "reservedQuantity", "reorderLevel", "reorderQuantity", "storageLocation", "barcode", "isActive", "variablePrice", "isBranded", "createdAt", "updatedAt") VALUES ('cmq7wfl1k002tw3aheuqpmiv7', '583953/D', 'REAR VIEW  MIRROR  LH', 'cmptt9n9v001agf5xckhvq2nx', 'cmq3a1uw000028ds8yv5rxxsm', 'ROYAL  ENFIELD', NULL, NULL, '1', '0', '633.36', NULL, '728', '7', '1', '0', NULL, NULL, NULL, NULL, TRUE, FALSE, TRUE, '2026-06-10T10:01:28.900Z', '2026-06-10T10:01:28.900Z') ON CONFLICT DO NOTHING;
INSERT INTO public."InventoryItem" ("id", "sku", "itemName", "categoryId", "supplierId", "brand", "description", "compatibleVehicleTypes", "unit", "taxRate", "costPrice", "mrp", "sellingPrice", "discountPercent", "quantityInStock", "reservedQuantity", "reorderLevel", "reorderQuantity", "storageLocation", "barcode", "isActive", "variablePrice", "isBranded", "createdAt", "updatedAt") VALUES ('cmq7w8d7l0003v61cu39i5zkg', 'RAL00084/D', 'REAR VIEW  MIRROR  RH', 'cmptt9n9v001agf5xckhvq2nx', 'cmq3a1uw000028ds8yv5rxxsm', 'ROYAL  ENFIELD', NULL, NULL, '1', '0', '451.53', NULL, '519', '7', '1', '0', NULL, NULL, NULL, NULL, TRUE, FALSE, TRUE, '2026-06-10T09:55:52.148Z', '2026-06-10T09:55:52.148Z') ON CONFLICT DO NOTHING;
INSERT INTO public."InventoryItem" ("id", "sku", "itemName", "categoryId", "supplierId", "brand", "description", "compatibleVehicleTypes", "unit", "taxRate", "costPrice", "mrp", "sellingPrice", "discountPercent", "quantityInStock", "reservedQuantity", "reorderLevel", "reorderQuantity", "storageLocation", "barcode", "isActive", "variablePrice", "isBranded", "createdAt", "updatedAt") VALUES ('cmq7wdoti002pw3ahkvqlc2e7', '583952/D', 'REAR VIEW  MIRROR  RH', 'cmptt9n9v001agf5xckhvq2nx', 'cmq3a1uw000028ds8yv5rxxsm', 'ROYAL  ENFIELD', NULL, NULL, '1', '0', '633.36', NULL, '728', '7', '1', '0', NULL, NULL, NULL, NULL, TRUE, FALSE, TRUE, '2026-06-10T10:00:00.481Z', '2026-06-10T10:00:00.481Z') ON CONFLICT DO NOTHING;
INSERT INTO public."InventoryItem" ("id", "sku", "itemName", "categoryId", "supplierId", "brand", "description", "compatibleVehicleTypes", "unit", "taxRate", "costPrice", "mrp", "sellingPrice", "discountPercent", "quantityInStock", "reservedQuantity", "reorderLevel", "reorderQuantity", "storageLocation", "barcode", "isActive", "variablePrice", "isBranded", "createdAt", "updatedAt") VALUES ('cmq7qp1bi003xapw7d0t8h17f', '38501AAGD0099S', 'RELAY  COMP. START', 'cmpts6efn000c3q3ea0xwnkws', 'cmptr89ve00031bngmo49vbcx', 'HERO', NULL, NULL, '1', '0', '122.88', NULL, '145', '7', '2', '0', NULL, NULL, NULL, NULL, TRUE, FALSE, TRUE, '2026-06-10T07:20:52.206Z', '2026-06-10T07:20:52.206Z') ON CONFLICT DO NOTHING;
INSERT INTO public."InventoryItem" ("id", "sku", "itemName", "categoryId", "supplierId", "brand", "description", "compatibleVehicleTypes", "unit", "taxRate", "costPrice", "mrp", "sellingPrice", "discountPercent", "quantityInStock", "reservedQuantity", "reorderLevel", "reorderQuantity", "storageLocation", "barcode", "isActive", "variablePrice", "isBranded", "createdAt", "updatedAt") VALUES ('cmq7sy0do0006118m9z9ghrs9', '888237', 'SPARK PLUG', 'cmpts6efn000c3q3ea0xwnkws', 'cmptr89ve00031bngmo49vbcx', 'ROYAL ENFILD', NULL, NULL, '1', '0', '261', NULL, '300', '7', '1', '0', NULL, NULL, NULL, NULL, TRUE, FALSE, TRUE, '2026-06-10T08:23:50.120Z', '2026-06-10T08:23:50.120Z') ON CONFLICT DO NOTHING;
INSERT INTO public."InventoryItem" ("id", "sku", "itemName", "categoryId", "supplierId", "brand", "description", "compatibleVehicleTypes", "unit", "taxRate", "costPrice", "mrp", "sellingPrice", "discountPercent", "quantityInStock", "reservedQuantity", "reorderLevel", "reorderQuantity", "storageLocation", "barcode", "isActive", "variablePrice", "isBranded", "createdAt", "updatedAt") VALUES ('cmq7pyi16000hwwbovn0wgjg7', 'SBZ201', 'SPK BUZZER 12V', 'cmptr6hbz00001bng4hw2npet', 'cmptr89ve00031bngmo49vbcx', 'MINDA', NULL, NULL, '1', '0', '22.03', NULL, '26', '7', '20', '0', NULL, NULL, NULL, NULL, TRUE, FALSE, TRUE, '2026-06-10T07:00:14.150Z', '2026-06-10T07:00:14.150Z') ON CONFLICT DO NOTHING;
INSERT INTO public."InventoryItem" ("id", "sku", "itemName", "categoryId", "supplierId", "brand", "description", "compatibleVehicleTypes", "unit", "taxRate", "costPrice", "mrp", "sellingPrice", "discountPercent", "quantityInStock", "reservedQuantity", "reorderLevel", "reorderQuantity", "storageLocation", "barcode", "isActive", "variablePrice", "isBranded", "createdAt", "updatedAt") VALUES ('cmq7vpiew0013w3ahcyerkmkq', '590273/A', 'SPM CABLE COMP.', 'cmptt9n9v001agf5xckhvq2nx', 'cmq3a1uw000028ds8yv5rxxsm', 'ROYAL ENFIELD', NULL, NULL, '1', '0', '130.5', NULL, '150', '7', '2', '0', NULL, NULL, NULL, NULL, TRUE, FALSE, TRUE, '2026-06-10T09:41:12.435Z', '2026-06-10T09:52:20.142Z') ON CONFLICT DO NOTHING;
INSERT INTO public."InventoryItem" ("id", "sku", "itemName", "categoryId", "supplierId", "brand", "description", "compatibleVehicleTypes", "unit", "taxRate", "costPrice", "mrp", "sellingPrice", "discountPercent", "quantityInStock", "reservedQuantity", "reorderLevel", "reorderQuantity", "storageLocation", "barcode", "isActive", "variablePrice", "isBranded", "createdAt", "updatedAt") VALUES ('cmq7qr3dd0044apw77w634thp', '35350KTRA00S', 'SWITCH  ASSY. RR. STOP', 'cmptr6hbz00001bng4hw2npet', 'cmptr89ve00031bngmo49vbcx', 'HERO', NULL, NULL, '1', '0', '59.32', NULL, '70', '7', '1', '0', NULL, NULL, NULL, NULL, TRUE, FALSE, TRUE, '2026-06-10T07:22:28.157Z', '2026-06-10T07:22:28.157Z') ON CONFLICT DO NOTHING;
INSERT INTO public."InventoryItem" ("id", "sku", "itemName", "categoryId", "supplierId", "brand", "description", "compatibleVehicleTypes", "unit", "taxRate", "costPrice", "mrp", "sellingPrice", "discountPercent", "quantityInStock", "reservedQuantity", "reorderLevel", "reorderQuantity", "storageLocation", "barcode", "isActive", "variablePrice", "isBranded", "createdAt", "updatedAt") VALUES ('cmq7q09ds000lwwbozr1ji7w9', '35340KCC900S', 'SWITCH  ASSY. STOP  SWITCH', 'cmpts6efn000c3q3ea0xwnkws', 'cmptr89ve00031bngmo49vbcx', 'HERO', NULL, NULL, '1', '0', '38.14', NULL, '45', '7', '6', '0', NULL, NULL, NULL, NULL, TRUE, FALSE, TRUE, '2026-06-10T07:01:36.252Z', '2026-06-10T07:01:36.252Z') ON CONFLICT DO NOTHING;

-- Phase A · Appointment from appointments.json (7 cached rows)

-- Phase A · JobCard from job-cards.json (20 cached rows)
INSERT INTO public."JobCard" ("id", "jobCardNumber", "appointmentId", "serviceRequestId", "customerId", "vehicleId", "intakeDate", "odometerAtIntake", "fuelIndicator", "estimatedDeliveryAt", "actualDeliveryAt", "issueSummary", "customerComplaints", "diagnosisNotes", "estimateNotes", "approvalStatus", "priority", "status", "assignedServiceManagerId", "estimatedPartsCost", "estimatedLaborCost", "estimatedOtherCost", "estimatedTotal", "finalPartsCost", "finalLaborCost", "finalOtherCost", "finalTotal", "customerVisibleNotes", "internalNotes", "estimateToken", "estimateTokenExpiresAt", "estimateRevision", "createdAt", "updatedAt") VALUES ('cmq815krj0008es2mwn60f50c', 'JC-VNLWUGJ3', NULL, NULL, 'cmq814ro40000es2mji7njupn', 'cmq815cr40004es2mr2kzxx1f', '2026-06-10T12:13:40.009Z', 8886, '3/4', NULL, NULL, 'Foam wash', '', NULL, NULL, 'PENDING', '', 'CREATED', NULL, '0', '0', '0', '0', '0', '0', '0', '0', NULL, NULL, NULL, NULL, NULL, '2026-06-10T12:13:40.009Z', '2026-06-10T12:13:40.009Z') ON CONFLICT DO NOTHING;
INSERT INTO public."JobCard" ("id", "jobCardNumber", "appointmentId", "serviceRequestId", "customerId", "vehicleId", "intakeDate", "odometerAtIntake", "fuelIndicator", "estimatedDeliveryAt", "actualDeliveryAt", "issueSummary", "customerComplaints", "diagnosisNotes", "estimateNotes", "approvalStatus", "priority", "status", "assignedServiceManagerId", "estimatedPartsCost", "estimatedLaborCost", "estimatedOtherCost", "estimatedTotal", "finalPartsCost", "finalLaborCost", "finalOtherCost", "finalTotal", "customerVisibleNotes", "internalNotes", "estimateToken", "estimateTokenExpiresAt", "estimateRevision", "createdAt", "updatedAt") VALUES ('cmq7wyubm0008efj42awnqpo8', 'JC-IB1XY59K', NULL, NULL, 'cmq7wy0yv0000efj4q3syoiv3', 'cmq7wyf960004efj4x5bci4cr', '2026-06-10T10:16:27.391Z', 4865, '3/4', NULL, NULL, 'FOAM WASH+ SILICON  POLISH', '', NULL, NULL, 'PENDING', '', 'CREATED', NULL, '0', '0', '0', '0', '0', '0', '0', '0', NULL, NULL, NULL, NULL, NULL, '2026-06-10T10:16:27.392Z', '2026-06-10T10:16:27.392Z') ON CONFLICT DO NOTHING;
INSERT INTO public."JobCard" ("id", "jobCardNumber", "appointmentId", "serviceRequestId", "customerId", "vehicleId", "intakeDate", "odometerAtIntake", "fuelIndicator", "estimatedDeliveryAt", "actualDeliveryAt", "issueSummary", "customerComplaints", "diagnosisNotes", "estimateNotes", "approvalStatus", "priority", "status", "assignedServiceManagerId", "estimatedPartsCost", "estimatedLaborCost", "estimatedOtherCost", "estimatedTotal", "finalPartsCost", "finalLaborCost", "finalOtherCost", "finalTotal", "customerVisibleNotes", "internalNotes", "estimateToken", "estimateTokenExpiresAt", "estimateRevision", "createdAt", "updatedAt") VALUES ('cmq7vluw6000uw3ahzu3ea874', 'JC-AXX51WUY', NULL, NULL, 'cmq7vl4mf000mw3ahv2fj93bo', 'cmq7vlmez000qw3ah2devsnz1', '2026-06-10T09:38:21.990Z', 5545, '1/2', NULL, '2026-06-10T12:14:12.350Z', 'FOAM WASH ', '', NULL, NULL, 'PENDING', '', 'DELIVERED', NULL, '0', '0', '0', '0', '0', '0', '0', '0', NULL, NULL, NULL, NULL, NULL, '2026-06-10T09:38:21.991Z', '2026-06-10T12:14:12.351Z') ON CONFLICT DO NOTHING;
INSERT INTO public."JobCard" ("id", "jobCardNumber", "appointmentId", "serviceRequestId", "customerId", "vehicleId", "intakeDate", "odometerAtIntake", "fuelIndicator", "estimatedDeliveryAt", "actualDeliveryAt", "issueSummary", "customerComplaints", "diagnosisNotes", "estimateNotes", "approvalStatus", "priority", "status", "assignedServiceManagerId", "estimatedPartsCost", "estimatedLaborCost", "estimatedOtherCost", "estimatedTotal", "finalPartsCost", "finalLaborCost", "finalOtherCost", "finalTotal", "customerVisibleNotes", "internalNotes", "estimateToken", "estimateTokenExpiresAt", "estimateRevision", "createdAt", "updatedAt") VALUES ('cmq7r6idh002l5xxm4zj7j5dw', 'JC-EIIR1FTP', NULL, NULL, 'cmq7oxyua0004uec9ri6xvuea', 'cmq7r68n8002h5xxm1l4b53af', '2026-06-10T07:34:27.449Z', 6853, '1/2', NULL, NULL, 'FOAM WASH ', '', NULL, NULL, 'PENDING', '', 'CREATED', NULL, '0', '0', '0', '0', '0', '0', '0', '0', NULL, NULL, NULL, NULL, NULL, '2026-06-10T07:34:27.450Z', '2026-06-10T07:34:27.450Z') ON CONFLICT DO NOTHING;
INSERT INTO public."JobCard" ("id", "jobCardNumber", "appointmentId", "serviceRequestId", "customerId", "vehicleId", "intakeDate", "odometerAtIntake", "fuelIndicator", "estimatedDeliveryAt", "actualDeliveryAt", "issueSummary", "customerComplaints", "diagnosisNotes", "estimateNotes", "approvalStatus", "priority", "status", "assignedServiceManagerId", "estimatedPartsCost", "estimatedLaborCost", "estimatedOtherCost", "estimatedTotal", "finalPartsCost", "finalLaborCost", "finalOtherCost", "finalTotal", "customerVisibleNotes", "internalNotes", "estimateToken", "estimateTokenExpiresAt", "estimateRevision", "createdAt", "updatedAt") VALUES ('cmq7r3wf8002a5xxmpbuzvby3', 'JC-FHIJB17X', NULL, NULL, 'cmq7r0fcv001s5xxmgnbyr6wx', 'cmq7r2in3001w5xxmlytyk4an', '2026-06-10T07:32:25.700Z', 8962, '1/2', NULL, NULL, 'HANDLE CHECK CHAIN LUBE CHAIN CLEAN GENERAL SERVICING, Foam Wash, Handle Wash', '', NULL, NULL, 'PENDING', '', 'CREATED', NULL, '0', '0', '0', '0', '0', '0', '0', '0', NULL, NULL, NULL, NULL, NULL, '2026-06-10T07:32:25.701Z', '2026-06-10T09:08:27.529Z') ON CONFLICT DO NOTHING;
INSERT INTO public."JobCard" ("id", "jobCardNumber", "appointmentId", "serviceRequestId", "customerId", "vehicleId", "intakeDate", "odometerAtIntake", "fuelIndicator", "estimatedDeliveryAt", "actualDeliveryAt", "issueSummary", "customerComplaints", "diagnosisNotes", "estimateNotes", "approvalStatus", "priority", "status", "assignedServiceManagerId", "estimatedPartsCost", "estimatedLaborCost", "estimatedOtherCost", "estimatedTotal", "finalPartsCost", "finalLaborCost", "finalOtherCost", "finalTotal", "customerVisibleNotes", "internalNotes", "estimateToken", "estimateTokenExpiresAt", "estimateRevision", "createdAt", "updatedAt") VALUES ('cmq7qst7k004capw7b35euq52', 'JC-GPXCDSM0', NULL, NULL, 'cmq7qqv650040apw7cxysd389', 'cmq7qrmte0048apw7byln132t', '2026-06-10T07:23:48.297Z', 4565, '1/2', NULL, '2026-06-10T09:58:33.253Z', 'FOAM WASH
MOBIL CHANGE
CHAIN CLEAN CHAIN LUBE', '', NULL, NULL, 'PENDING', '', 'DELIVERED', NULL, '0', '0', '0', '0', '0', '0', '0', '0', NULL, NULL, NULL, NULL, NULL, '2026-06-10T07:23:48.298Z', '2026-06-10T09:58:33.254Z') ON CONFLICT DO NOTHING;
INSERT INTO public."JobCard" ("id", "jobCardNumber", "appointmentId", "serviceRequestId", "customerId", "vehicleId", "intakeDate", "odometerAtIntake", "fuelIndicator", "estimatedDeliveryAt", "actualDeliveryAt", "issueSummary", "customerComplaints", "diagnosisNotes", "estimateNotes", "approvalStatus", "priority", "status", "assignedServiceManagerId", "estimatedPartsCost", "estimatedLaborCost", "estimatedOtherCost", "estimatedTotal", "finalPartsCost", "finalLaborCost", "finalOtherCost", "finalTotal", "customerVisibleNotes", "internalNotes", "estimateToken", "estimateTokenExpiresAt", "estimateRevision", "createdAt", "updatedAt") VALUES ('cmq7p7qcn002bapw7c26skzt5', 'JC-7I0P6EGF', NULL, NULL, 'cmq7p6e190023apw7aq60ta2e', 'cmq7p6ukv0027apw7k6lirole', '2026-06-10T06:39:25.206Z', 9062, '1/2', NULL, '2026-06-10T07:50:39.072Z', 'Foam Wash ', '', NULL, NULL, 'PENDING', '', 'DELIVERED', NULL, '0', '0', '0', '0', '0', '0', '0', '0', NULL, NULL, NULL, NULL, NULL, '2026-06-10T06:39:25.207Z', '2026-06-10T07:50:39.072Z') ON CONFLICT DO NOTHING;
INSERT INTO public."JobCard" ("id", "jobCardNumber", "appointmentId", "serviceRequestId", "customerId", "vehicleId", "intakeDate", "odometerAtIntake", "fuelIndicator", "estimatedDeliveryAt", "actualDeliveryAt", "issueSummary", "customerComplaints", "diagnosisNotes", "estimateNotes", "approvalStatus", "priority", "status", "assignedServiceManagerId", "estimatedPartsCost", "estimatedLaborCost", "estimatedOtherCost", "estimatedTotal", "finalPartsCost", "finalLaborCost", "finalOtherCost", "finalTotal", "customerVisibleNotes", "internalNotes", "estimateToken", "estimateTokenExpiresAt", "estimateRevision", "createdAt", "updatedAt") VALUES ('cmq7p0x85000guec9q1y852bp', 'JC-L2ZLL3J3', NULL, NULL, 'cmq7oxyua0004uec9ri6xvuea', 'cmq7oz5na000cuec9uma5fdn3', '2026-06-10T06:34:07.502Z', 5500, '1/2', NULL, '2026-06-10T07:36:02.468Z', 'FOAM WASH 
GEAR CHECK 
UPER LIGHT 
STAND SENSOR PROBLEM ', '', NULL, NULL, 'PENDING', '', 'DELIVERED', NULL, '0', '0', '0', '0', '0', '0', '0', '0', NULL, NULL, NULL, NULL, NULL, '2026-06-10T06:34:07.504Z', '2026-06-10T07:36:02.469Z') ON CONFLICT DO NOTHING;
INSERT INTO public."JobCard" ("id", "jobCardNumber", "appointmentId", "serviceRequestId", "customerId", "vehicleId", "intakeDate", "odometerAtIntake", "fuelIndicator", "estimatedDeliveryAt", "actualDeliveryAt", "issueSummary", "customerComplaints", "diagnosisNotes", "estimateNotes", "approvalStatus", "priority", "status", "assignedServiceManagerId", "estimatedPartsCost", "estimatedLaborCost", "estimatedOtherCost", "estimatedTotal", "finalPartsCost", "finalLaborCost", "finalOtherCost", "finalTotal", "customerVisibleNotes", "internalNotes", "estimateToken", "estimateTokenExpiresAt", "estimateRevision", "createdAt", "updatedAt") VALUES ('cmq7o3zkz000fapw7t9mffsrg', 'JC-SNT6NTO8', NULL, NULL, 'cmq7o1vqx0007apw7i4o3e6ty', 'cmq7o2hzq000bapw757y8drfe', '2026-06-10T06:08:30.926Z', 1035, 'F', NULL, NULL, 'Excellator check, general Servicing ', '', NULL, NULL, 'PENDING', '', 'CREATED', NULL, '0', '0', '0', '0', '0', '0', '0', '0', NULL, NULL, NULL, NULL, NULL, '2026-06-10T06:08:30.927Z', '2026-06-10T06:08:30.927Z') ON CONFLICT DO NOTHING;
INSERT INTO public."JobCard" ("id", "jobCardNumber", "appointmentId", "serviceRequestId", "customerId", "vehicleId", "intakeDate", "odometerAtIntake", "fuelIndicator", "estimatedDeliveryAt", "actualDeliveryAt", "issueSummary", "customerComplaints", "diagnosisNotes", "estimateNotes", "approvalStatus", "priority", "status", "assignedServiceManagerId", "estimatedPartsCost", "estimatedLaborCost", "estimatedOtherCost", "estimatedTotal", "finalPartsCost", "finalLaborCost", "finalOtherCost", "finalTotal", "customerVisibleNotes", "internalNotes", "estimateToken", "estimateTokenExpiresAt", "estimateRevision", "createdAt", "updatedAt") VALUES ('cmq7noawt001jjlikv05kkplj', 'JC-YXIHRQ9T', NULL, NULL, 'cmq7nkwf2001bjlikyv4iunk7', 'cmq7nlend001fjlikfqn0wr16', '2026-06-10T05:56:19.110Z', 52060, 'E', NULL, NULL, 'General Servicing, Mobil change Castrol, kick oil seal, Foam Wash,', '', NULL, NULL, 'PENDING', '', 'CREATED', NULL, '0', '0', '0', '0', '0', '0', '0', '0', NULL, NULL, NULL, NULL, NULL, '2026-06-10T05:56:19.111Z', '2026-06-10T12:00:05.555Z') ON CONFLICT DO NOTHING;
INSERT INTO public."JobCard" ("id", "jobCardNumber", "appointmentId", "serviceRequestId", "customerId", "vehicleId", "intakeDate", "odometerAtIntake", "fuelIndicator", "estimatedDeliveryAt", "actualDeliveryAt", "issueSummary", "customerComplaints", "diagnosisNotes", "estimateNotes", "approvalStatus", "priority", "status", "assignedServiceManagerId", "estimatedPartsCost", "estimatedLaborCost", "estimatedOtherCost", "estimatedTotal", "finalPartsCost", "finalLaborCost", "finalOtherCost", "finalTotal", "customerVisibleNotes", "internalNotes", "estimateToken", "estimateTokenExpiresAt", "estimateRevision", "createdAt", "updatedAt") VALUES ('cmq7nflt70017jlikr9lkccav', 'JC-QU94NCZW', NULL, NULL, 'cmq7ndm3g0000apw7w03bjqg9', 'cmq7nepr80004apw7r65jaxq4', '2026-06-10T05:49:33.350Z', 8862, '3/4', NULL, '2026-06-10T07:20:41.553Z', 'Foam Wash 
Mobil change 
Chain clean and chain lube', '', NULL, NULL, 'PENDING', '', 'DELIVERED', NULL, '0', '0', '0', '0', '0', '0', '0', '0', NULL, NULL, NULL, NULL, NULL, '2026-06-10T05:49:33.351Z', '2026-06-10T07:20:41.554Z') ON CONFLICT DO NOTHING;
INSERT INTO public."JobCard" ("id", "jobCardNumber", "appointmentId", "serviceRequestId", "customerId", "vehicleId", "intakeDate", "odometerAtIntake", "fuelIndicator", "estimatedDeliveryAt", "actualDeliveryAt", "issueSummary", "customerComplaints", "diagnosisNotes", "estimateNotes", "approvalStatus", "priority", "status", "assignedServiceManagerId", "estimatedPartsCost", "estimatedLaborCost", "estimatedOtherCost", "estimatedTotal", "finalPartsCost", "finalLaborCost", "finalOtherCost", "finalTotal", "customerVisibleNotes", "internalNotes", "estimateToken", "estimateTokenExpiresAt", "estimateRevision", "createdAt", "updatedAt") VALUES ('cmq7mj39d000k128w6lsubbtc', 'JC-T7EJ6J80', NULL, NULL, 'cmq7mi83e000c128wfmrln08a', 'cmq7mirvn000g128w7j7o5rbi', '2026-06-10T05:24:16.313Z', 55862, '1/2', NULL, '2026-06-10T06:19:34.972Z', 'FOAM WASH', '', NULL, NULL, 'PENDING', '', 'DELIVERED', NULL, '0', '0', '0', '0', '0', '0', '0', '0', NULL, NULL, NULL, NULL, NULL, '2026-06-10T05:24:16.314Z', '2026-06-10T06:19:34.973Z') ON CONFLICT DO NOTHING;
INSERT INTO public."JobCard" ("id", "jobCardNumber", "appointmentId", "serviceRequestId", "customerId", "vehicleId", "intakeDate", "odometerAtIntake", "fuelIndicator", "estimatedDeliveryAt", "actualDeliveryAt", "issueSummary", "customerComplaints", "diagnosisNotes", "estimateNotes", "approvalStatus", "priority", "status", "assignedServiceManagerId", "estimatedPartsCost", "estimatedLaborCost", "estimatedOtherCost", "estimatedTotal", "finalPartsCost", "finalLaborCost", "finalOtherCost", "finalTotal", "customerVisibleNotes", "internalNotes", "estimateToken", "estimateTokenExpiresAt", "estimateRevision", "createdAt", "updatedAt") VALUES ('cmq7lvyfs00087yafc48xqjeh', 'JC-G27JWMNE', NULL, NULL, 'cmq7ls1p200007yaf6s9n99j2', 'cmq7lsh4300047yaf8wzi24ax', '2026-06-10T05:06:16.959Z', 5800, 'E', NULL, '2026-06-10T11:48:05.635Z', 'right indicator,handle change,markguard change,socker oil change,odometer check,engine oil  castrol,break lever change,foam wash,general servicing', '', NULL, NULL, 'PENDING', '', 'DELIVERED', NULL, '0', '0', '0', '0', '0', '0', '0', '0', NULL, NULL, NULL, NULL, NULL, '2026-06-10T05:06:16.960Z', '2026-06-10T11:48:05.636Z') ON CONFLICT DO NOTHING;
INSERT INTO public."JobCard" ("id", "jobCardNumber", "appointmentId", "serviceRequestId", "customerId", "vehicleId", "intakeDate", "odometerAtIntake", "fuelIndicator", "estimatedDeliveryAt", "actualDeliveryAt", "issueSummary", "customerComplaints", "diagnosisNotes", "estimateNotes", "approvalStatus", "priority", "status", "assignedServiceManagerId", "estimatedPartsCost", "estimatedLaborCost", "estimatedOtherCost", "estimatedTotal", "finalPartsCost", "finalLaborCost", "finalOtherCost", "finalTotal", "customerVisibleNotes", "internalNotes", "estimateToken", "estimateTokenExpiresAt", "estimateRevision", "createdAt", "updatedAt") VALUES ('cmq7kbt5l0008cd7ll2n96hs6', 'JC-5HG0V7N1', NULL, NULL, 'cmq7k8u5d0000cd7l6s87p1sj', 'cmq7k9ffx0004cd7lbp6kny78', '2026-06-10T04:22:37.374Z', 1247, '1/4', NULL, '2026-06-10T08:12:58.647Z', 'foam washdisc pad,self problem,abs check,running chain,excellator problem,left back side indicator check', '', NULL, NULL, 'PENDING', '', 'DELIVERED', NULL, '0', '0', '0', '0', '0', '0', '0', '0', NULL, NULL, NULL, NULL, NULL, '2026-06-10T04:22:37.375Z', '2026-06-10T08:12:58.647Z') ON CONFLICT DO NOTHING;
INSERT INTO public."JobCard" ("id", "jobCardNumber", "appointmentId", "serviceRequestId", "customerId", "vehicleId", "intakeDate", "odometerAtIntake", "fuelIndicator", "estimatedDeliveryAt", "actualDeliveryAt", "issueSummary", "customerComplaints", "diagnosisNotes", "estimateNotes", "approvalStatus", "priority", "status", "assignedServiceManagerId", "estimatedPartsCost", "estimatedLaborCost", "estimatedOtherCost", "estimatedTotal", "finalPartsCost", "finalLaborCost", "finalOtherCost", "finalTotal", "customerVisibleNotes", "internalNotes", "estimateToken", "estimateTokenExpiresAt", "estimateRevision", "createdAt", "updatedAt") VALUES ('cmq7jsime000811miiz97r307', 'JC-N8TQX6JD', NULL, NULL, 'cmq7jpsj7000011mi4orhhf9z', 'cmq7jqjxc000411miq98miq2f', '2026-06-10T04:07:37.266Z', 122746, 'E', NULL, '2026-06-10T11:49:50.246Z', 'Oil flow check, engine heat problem, back side indicator , general servicing', '', NULL, NULL, 'PENDING', '', 'DELIVERED', NULL, '0', '0', '0', '0', '0', '0', '0', '0', NULL, NULL, NULL, NULL, NULL, '2026-06-10T04:07:37.267Z', '2026-06-10T11:49:50.247Z') ON CONFLICT DO NOTHING;
INSERT INTO public."JobCard" ("id", "jobCardNumber", "appointmentId", "serviceRequestId", "customerId", "vehicleId", "intakeDate", "odometerAtIntake", "fuelIndicator", "estimatedDeliveryAt", "actualDeliveryAt", "issueSummary", "customerComplaints", "diagnosisNotes", "estimateNotes", "approvalStatus", "priority", "status", "assignedServiceManagerId", "estimatedPartsCost", "estimatedLaborCost", "estimatedOtherCost", "estimatedTotal", "finalPartsCost", "finalLaborCost", "finalOtherCost", "finalTotal", "customerVisibleNotes", "internalNotes", "estimateToken", "estimateTokenExpiresAt", "estimateRevision", "createdAt", "updatedAt") VALUES ('cmq7j4anl000otrcll5lfw9b9', 'JC-S51YPW26', NULL, NULL, 'cmq7j1to2000gtrcl24yri9hc', 'cmq7j2h7c000ktrclv5sxm1xq', '2026-06-10T03:48:47.197Z', 37007, '1/4', NULL, '2026-06-10T07:25:40.236Z', 'Break issue, Self start, Battery Check,Mobil check ,general servicing', '', NULL, NULL, 'PENDING', '', 'DELIVERED', NULL, '0', '0', '0', '0', '0', '0', '0', '0', NULL, NULL, NULL, NULL, NULL, '2026-06-10T03:48:47.198Z', '2026-06-10T07:25:40.237Z') ON CONFLICT DO NOTHING;
INSERT INTO public."JobCard" ("id", "jobCardNumber", "appointmentId", "serviceRequestId", "customerId", "vehicleId", "intakeDate", "odometerAtIntake", "fuelIndicator", "estimatedDeliveryAt", "actualDeliveryAt", "issueSummary", "customerComplaints", "diagnosisNotes", "estimateNotes", "approvalStatus", "priority", "status", "assignedServiceManagerId", "estimatedPartsCost", "estimatedLaborCost", "estimatedOtherCost", "estimatedTotal", "finalPartsCost", "finalLaborCost", "finalOtherCost", "finalTotal", "customerVisibleNotes", "internalNotes", "estimateToken", "estimateTokenExpiresAt", "estimateRevision", "createdAt", "updatedAt") VALUES ('cmq7izbzk000ctrcl3j91dmqf', 'JC-AQXTLFDG', NULL, NULL, 'cmq7iwf5d0004trclv4f6rgem', 'cmq7ix5xt0008trcl0gh4zecg', '2026-06-10T03:44:55.651Z', 40266, 'E', NULL, '2026-06-10T06:18:20.643Z', 'Fuel pipe crack , indicator sound, kick problem, front shocker, mobil Castrol ', '', NULL, NULL, 'PENDING', '', 'DELIVERED', NULL, '0', '0', '0', '0', '0', '0', '0', '0', NULL, NULL, NULL, NULL, NULL, '2026-06-10T03:44:55.652Z', '2026-06-10T06:18:20.644Z') ON CONFLICT DO NOTHING;
INSERT INTO public."JobCard" ("id", "jobCardNumber", "appointmentId", "serviceRequestId", "customerId", "vehicleId", "intakeDate", "odometerAtIntake", "fuelIndicator", "estimatedDeliveryAt", "actualDeliveryAt", "issueSummary", "customerComplaints", "diagnosisNotes", "estimateNotes", "approvalStatus", "priority", "status", "assignedServiceManagerId", "estimatedPartsCost", "estimatedLaborCost", "estimatedOtherCost", "estimatedTotal", "finalPartsCost", "finalLaborCost", "finalOtherCost", "finalTotal", "customerVisibleNotes", "internalNotes", "estimateToken", "estimateTokenExpiresAt", "estimateRevision", "createdAt", "updatedAt") VALUES ('cmq7in3it0008psquyl9k7g0v', 'JC-UZE2MCCN', NULL, NULL, 'cmq7iiq9d0000psquc3m24i9o', 'cmq7ijg3l0004psquz2smvjjn', '2026-06-10T03:35:24.814Z', 22675, 'F', NULL, '2026-06-10T10:47:36.295Z', 'general servicing,Mobil change Castrol, handle check,other check, Foam Wash ', '', NULL, NULL, 'PENDING', '', 'DELIVERED', NULL, '695', '0', '0', '695', '0', '0', '0', '0', NULL, NULL, NULL, NULL, NULL, '2026-06-10T03:35:24.814Z', '2026-06-10T10:47:36.296Z') ON CONFLICT DO NOTHING;

-- Phase A · Invoice from invoices.json (20 cached rows)
INSERT INTO public."Invoice" ("id", "invoiceNumber", "customerId", "vehicleId", "jobCardId", "appointmentId", "invoiceDate", "dueDate", "subtotal", "discountType", "discountValue", "discountAmount", "taxTotal", "grandTotal", "amountPaid", "amountDue", "paymentStatus", "invoiceStatus", "notes", "finalizedAt", "createdByAdminId", "createdAt", "updatedAt") VALUES ('cmq815kt50009es2mn8eb3iqv', 'INV-6TNLBXWT', 'cmq814ro40000es2mji7njupn', 'cmq815cr40004es2mr2kzxx1f', 'cmq815krj0008es2mwn60f50c', NULL, '2026-06-10T12:13:40.120Z', NULL, '0', NULL, NULL, '0', '0', '0', '0', '0', 'UNPAID', 'DRAFT', NULL, NULL, 'cmofh1jig0004106yjgbfqrdx', '2026-06-10T12:13:40.121Z', '2026-06-10T12:13:40.121Z') ON CONFLICT DO NOTHING;
INSERT INTO public."Invoice" ("id", "invoiceNumber", "customerId", "vehicleId", "jobCardId", "appointmentId", "invoiceDate", "dueDate", "subtotal", "discountType", "discountValue", "discountAmount", "taxTotal", "grandTotal", "amountPaid", "amountDue", "paymentStatus", "invoiceStatus", "notes", "finalizedAt", "createdByAdminId", "createdAt", "updatedAt") VALUES ('cmq7wyuch0009efj4ezstkk46', 'INV-CVHQUPEA', 'cmq7wy0yv0000efj4q3syoiv3', 'cmq7wyf960004efj4x5bci4cr', 'cmq7wyubm0008efj42awnqpo8', NULL, '2026-06-10T10:16:27.424Z', NULL, '0', NULL, NULL, '0', '0', '0', '0', '0', 'UNPAID', 'DRAFT', NULL, NULL, 'cmofh1jig0004106yjgbfqrdx', '2026-06-10T10:16:27.425Z', '2026-06-10T10:16:27.425Z') ON CONFLICT DO NOTHING;
INSERT INTO public."Invoice" ("id", "invoiceNumber", "customerId", "vehicleId", "jobCardId", "appointmentId", "invoiceDate", "dueDate", "subtotal", "discountType", "discountValue", "discountAmount", "taxTotal", "grandTotal", "amountPaid", "amountDue", "paymentStatus", "invoiceStatus", "notes", "finalizedAt", "createdByAdminId", "createdAt", "updatedAt") VALUES ('cmq7vluxr000vw3ahq0gapkfe', 'INV-65P3PX5U', 'cmq7vl4mf000mw3ahv2fj93bo', 'cmq7vlmez000qw3ah2devsnz1', 'cmq7vluw6000uw3ahzu3ea874', NULL, '2026-06-10T09:38:22.046Z', NULL, '49', NULL, NULL, '0', '0', '49', '49', '0', 'PAID', 'FINALIZED', NULL, '2026-06-10T12:14:08.955Z', 'cmofh1jig0004106yjgbfqrdx', '2026-06-10T09:38:22.047Z', '2026-06-10T12:14:12.339Z') ON CONFLICT DO NOTHING;
INSERT INTO public."Invoice" ("id", "invoiceNumber", "customerId", "vehicleId", "jobCardId", "appointmentId", "invoiceDate", "dueDate", "subtotal", "discountType", "discountValue", "discountAmount", "taxTotal", "grandTotal", "amountPaid", "amountDue", "paymentStatus", "invoiceStatus", "notes", "finalizedAt", "createdByAdminId", "createdAt", "updatedAt") VALUES ('cmq7r6iep002m5xxmlat21dtn', 'INV-0ZM9ZGQM', 'cmq7oxyua0004uec9ri6xvuea', 'cmq7r68n8002h5xxm1l4b53af', 'cmq7r6idh002l5xxm4zj7j5dw', NULL, '2026-06-10T07:34:27.504Z', NULL, '0', NULL, NULL, '0', '0', '0', '0', '0', 'UNPAID', 'DRAFT', NULL, NULL, 'cmofh1jig0004106yjgbfqrdx', '2026-06-10T07:34:27.505Z', '2026-06-10T07:34:27.505Z') ON CONFLICT DO NOTHING;
INSERT INTO public."Invoice" ("id", "invoiceNumber", "customerId", "vehicleId", "jobCardId", "appointmentId", "invoiceDate", "dueDate", "subtotal", "discountType", "discountValue", "discountAmount", "taxTotal", "grandTotal", "amountPaid", "amountDue", "paymentStatus", "invoiceStatus", "notes", "finalizedAt", "createdByAdminId", "createdAt", "updatedAt") VALUES ('cmq7r3wgf002b5xxmzongxxh1', 'INV-Q53A5WBG', 'cmq7r0fcv001s5xxmgnbyr6wx', 'cmq7r2in3001w5xxmlytyk4an', 'cmq7r3wf8002a5xxmpbuzvby3', NULL, '2026-06-10T07:32:25.743Z', NULL, '0', NULL, NULL, '0', '0', '0', '0', '0', 'UNPAID', 'DRAFT', NULL, NULL, 'cmofh1jig0004106yjgbfqrdx', '2026-06-10T07:32:25.744Z', '2026-06-10T07:32:25.744Z') ON CONFLICT DO NOTHING;
INSERT INTO public."Invoice" ("id", "invoiceNumber", "customerId", "vehicleId", "jobCardId", "appointmentId", "invoiceDate", "dueDate", "subtotal", "discountType", "discountValue", "discountAmount", "taxTotal", "grandTotal", "amountPaid", "amountDue", "paymentStatus", "invoiceStatus", "notes", "finalizedAt", "createdByAdminId", "createdAt", "updatedAt") VALUES ('cmq7qst93004dapw7ocodqv4e', 'INV-DDT1SKBT', 'cmq7qqv650040apw7cxysd389', 'cmq7qrmte0048apw7byln132t', 'cmq7qst7k004capw7b35euq52', NULL, '2026-06-10T07:23:48.375Z', NULL, '1186.5', NULL, NULL, '0', '0', '1187', '1187', '0', 'PAID', 'FINALIZED', NULL, '2026-06-10T09:58:21.906Z', 'cmofh1jig0004106yjgbfqrdx', '2026-06-10T07:23:48.376Z', '2026-06-10T09:58:33.241Z') ON CONFLICT DO NOTHING;
INSERT INTO public."Invoice" ("id", "invoiceNumber", "customerId", "vehicleId", "jobCardId", "appointmentId", "invoiceDate", "dueDate", "subtotal", "discountType", "discountValue", "discountAmount", "taxTotal", "grandTotal", "amountPaid", "amountDue", "paymentStatus", "invoiceStatus", "notes", "finalizedAt", "createdByAdminId", "createdAt", "updatedAt") VALUES ('cmq7p7qdy002capw70dn3jkz6', 'INV-LWWM0W6V', 'cmq7p6e190023apw7aq60ta2e', 'cmq7p6ukv0027apw7k6lirole', 'cmq7p7qcn002bapw7c26skzt5', NULL, '2026-06-10T06:39:25.269Z', NULL, '49', NULL, NULL, '0', '0', '49', '49', '0', 'PAID', 'FINALIZED', NULL, '2026-06-10T07:50:20.151Z', 'cmofh1jig0004106yjgbfqrdx', '2026-06-10T06:39:25.270Z', '2026-06-10T07:50:39.060Z') ON CONFLICT DO NOTHING;
INSERT INTO public."Invoice" ("id", "invoiceNumber", "customerId", "vehicleId", "jobCardId", "appointmentId", "invoiceDate", "dueDate", "subtotal", "discountType", "discountValue", "discountAmount", "taxTotal", "grandTotal", "amountPaid", "amountDue", "paymentStatus", "invoiceStatus", "notes", "finalizedAt", "createdByAdminId", "createdAt", "updatedAt") VALUES ('cmq7p0x94000huec9bwle922b', 'INV-L4A9DQ49', 'cmq7oxyua0004uec9ri6xvuea', 'cmq7oz5na000cuec9uma5fdn3', 'cmq7p0x85000guec9q1y852bp', NULL, '2026-06-10T06:34:07.576Z', NULL, '118', NULL, NULL, '0', '0', '118', '118', '0', 'PAID', 'FINALIZED', NULL, '2026-06-10T07:35:49.730Z', 'cmofh1jig0004106yjgbfqrdx', '2026-06-10T06:34:07.577Z', '2026-06-10T07:36:02.460Z') ON CONFLICT DO NOTHING;
INSERT INTO public."Invoice" ("id", "invoiceNumber", "customerId", "vehicleId", "jobCardId", "appointmentId", "invoiceDate", "dueDate", "subtotal", "discountType", "discountValue", "discountAmount", "taxTotal", "grandTotal", "amountPaid", "amountDue", "paymentStatus", "invoiceStatus", "notes", "finalizedAt", "createdByAdminId", "createdAt", "updatedAt") VALUES ('cmq7o3zmk000gapw7l2n0z3t3', 'INV-DF2NSNS3', 'cmq7o1vqx0007apw7i4o3e6ty', 'cmq7o2hzq000bapw757y8drfe', 'cmq7o3zkz000fapw7t9mffsrg', NULL, '2026-06-10T06:08:31.003Z', NULL, '0', NULL, NULL, '0', '0', '0', '0', '0', 'UNPAID', 'DRAFT', NULL, NULL, 'cmofh1jig0004106yjgbfqrdx', '2026-06-10T06:08:31.004Z', '2026-06-10T06:08:31.004Z') ON CONFLICT DO NOTHING;
INSERT INTO public."Invoice" ("id", "invoiceNumber", "customerId", "vehicleId", "jobCardId", "appointmentId", "invoiceDate", "dueDate", "subtotal", "discountType", "discountValue", "discountAmount", "taxTotal", "grandTotal", "amountPaid", "amountDue", "paymentStatus", "invoiceStatus", "notes", "finalizedAt", "createdByAdminId", "createdAt", "updatedAt") VALUES ('cmq7noayd001kjlikfzp4r6v9', 'INV-WHK8VMXD', 'cmq7nkwf2001bjlikyv4iunk7', 'cmq7nlend001fjlikfqn0wr16', 'cmq7noawt001jjlikv05kkplj', NULL, '2026-06-10T05:56:19.189Z', NULL, '0', NULL, NULL, '0', '0', '0', '0', '0', 'UNPAID', 'DRAFT', NULL, NULL, 'cmofh1jig0004106yjgbfqrdx', '2026-06-10T05:56:19.189Z', '2026-06-10T05:56:19.189Z') ON CONFLICT DO NOTHING;
INSERT INTO public."Invoice" ("id", "invoiceNumber", "customerId", "vehicleId", "jobCardId", "appointmentId", "invoiceDate", "dueDate", "subtotal", "discountType", "discountValue", "discountAmount", "taxTotal", "grandTotal", "amountPaid", "amountDue", "paymentStatus", "invoiceStatus", "notes", "finalizedAt", "createdByAdminId", "createdAt", "updatedAt") VALUES ('cmq7nfluf0018jlikox6wfhso', 'INV-T8DVSZKX', 'cmq7ndm3g0000apw7w03bjqg9', 'cmq7nepr80004apw7r65jaxq4', 'cmq7nflt70017jlikr9lkccav', NULL, '2026-06-10T05:49:33.399Z', NULL, '1733.25', NULL, NULL, '0', '0', '1733', '1733', '0', 'PAID', 'FINALIZED', NULL, '2026-06-10T07:20:31.922Z', 'cmofh1jig0004106yjgbfqrdx', '2026-06-10T05:49:33.400Z', '2026-06-10T07:20:41.542Z') ON CONFLICT DO NOTHING;
INSERT INTO public."Invoice" ("id", "invoiceNumber", "customerId", "vehicleId", "jobCardId", "appointmentId", "invoiceDate", "dueDate", "subtotal", "discountType", "discountValue", "discountAmount", "taxTotal", "grandTotal", "amountPaid", "amountDue", "paymentStatus", "invoiceStatus", "notes", "finalizedAt", "createdByAdminId", "createdAt", "updatedAt") VALUES ('cmq7mj3ag000l128wdtd3romc', 'INV-WV1ZO1TY', 'cmq7mi83e000c128wfmrln08a', 'cmq7mirvn000g128w7j7o5rbi', 'cmq7mj39d000k128w6lsubbtc', NULL, '2026-06-10T05:24:16.359Z', NULL, '49', NULL, NULL, '0', '0', '49', '49', '0', 'PAID', 'FINALIZED', NULL, '2026-06-10T06:19:31.758Z', 'cmofh1jig0004106yjgbfqrdx', '2026-06-10T05:24:16.360Z', '2026-06-10T06:19:34.964Z') ON CONFLICT DO NOTHING;
INSERT INTO public."Invoice" ("id", "invoiceNumber", "customerId", "vehicleId", "jobCardId", "appointmentId", "invoiceDate", "dueDate", "subtotal", "discountType", "discountValue", "discountAmount", "taxTotal", "grandTotal", "amountPaid", "amountDue", "paymentStatus", "invoiceStatus", "notes", "finalizedAt", "createdByAdminId", "createdAt", "updatedAt") VALUES ('cmq7lvyhh00097yafa6h7gij7', 'INV-ZBEI0C0D', 'cmq7ls1p200007yaf6s9n99j2', 'cmq7lsh4300047yaf8wzi24ax', 'cmq7lvyfs00087yafc48xqjeh', NULL, '2026-06-10T05:06:17.045Z', NULL, '485', NULL, NULL, '0', '0', '485', '485', '0', 'PAID', 'FINALIZED', NULL, '2026-06-10T11:47:57.596Z', 'cmofh1jig0004106yjgbfqrdx', '2026-06-10T05:06:17.046Z', '2026-06-10T11:48:05.622Z') ON CONFLICT DO NOTHING;
INSERT INTO public."Invoice" ("id", "invoiceNumber", "customerId", "vehicleId", "jobCardId", "appointmentId", "invoiceDate", "dueDate", "subtotal", "discountType", "discountValue", "discountAmount", "taxTotal", "grandTotal", "amountPaid", "amountDue", "paymentStatus", "invoiceStatus", "notes", "finalizedAt", "createdByAdminId", "createdAt", "updatedAt") VALUES ('cmq7kbt6v0009cd7lnybtngtl', 'INV-2URUYQEQ', 'cmq7k8u5d0000cd7l6s87p1sj', 'cmq7k9ffx0004cd7lbp6kny78', 'cmq7kbt5l0008cd7ll2n96hs6', NULL, '2026-06-10T04:22:37.446Z', NULL, '350', NULL, NULL, '0', '0', '350', '350', '0', 'PAID', 'FINALIZED', NULL, '2026-06-10T08:06:41.839Z', 'cmofh1jig0004106yjgbfqrdx', '2026-06-10T04:22:37.447Z', '2026-06-10T08:12:58.636Z') ON CONFLICT DO NOTHING;
INSERT INTO public."Invoice" ("id", "invoiceNumber", "customerId", "vehicleId", "jobCardId", "appointmentId", "invoiceDate", "dueDate", "subtotal", "discountType", "discountValue", "discountAmount", "taxTotal", "grandTotal", "amountPaid", "amountDue", "paymentStatus", "invoiceStatus", "notes", "finalizedAt", "createdByAdminId", "createdAt", "updatedAt") VALUES ('cmq7jsint000911mitrx2vw1m', 'INV-ZV6GA74K', 'cmq7jpsj7000011mi4orhhf9z', 'cmq7jqjxc000411miq98miq2f', 'cmq7jsime000811miiz97r307', NULL, '2026-06-10T04:07:37.336Z', NULL, '478.25', NULL, NULL, '0', '0', '478', '478', '0', 'PAID', 'FINALIZED', NULL, '2026-06-10T11:49:47.388Z', 'cmofh1jig0004106yjgbfqrdx', '2026-06-10T04:07:37.337Z', '2026-06-10T11:49:50.240Z') ON CONFLICT DO NOTHING;
INSERT INTO public."Invoice" ("id", "invoiceNumber", "customerId", "vehicleId", "jobCardId", "appointmentId", "invoiceDate", "dueDate", "subtotal", "discountType", "discountValue", "discountAmount", "taxTotal", "grandTotal", "amountPaid", "amountDue", "paymentStatus", "invoiceStatus", "notes", "finalizedAt", "createdByAdminId", "createdAt", "updatedAt") VALUES ('cmq7j4aou000ptrcllsz9ai3w', 'INV-2SLMSR6X', 'cmq7j1to2000gtrcl24yri9hc', 'cmq7j2h7c000ktrclv5sxm1xq', 'cmq7j4anl000otrcll5lfw9b9', NULL, '2026-06-10T03:48:47.262Z', NULL, '370', NULL, NULL, '0', '0', '370', '370', '0', 'PAID', 'FINALIZED', NULL, '2026-06-10T07:24:55.498Z', 'cmofh1jig0004106yjgbfqrdx', '2026-06-10T03:48:47.263Z', '2026-06-10T07:25:40.226Z') ON CONFLICT DO NOTHING;
INSERT INTO public."Invoice" ("id", "invoiceNumber", "customerId", "vehicleId", "jobCardId", "appointmentId", "invoiceDate", "dueDate", "subtotal", "discountType", "discountValue", "discountAmount", "taxTotal", "grandTotal", "amountPaid", "amountDue", "paymentStatus", "invoiceStatus", "notes", "finalizedAt", "createdByAdminId", "createdAt", "updatedAt") VALUES ('cmq7izc0m000dtrclvpi16jk8', 'INV-KBX396BT', 'cmq7iwf5d0004trclv4f6rgem', 'cmq7ix5xt0008trcl0gh4zecg', 'cmq7izbzk000ctrcl3j91dmqf', NULL, '2026-06-10T03:44:55.701Z', NULL, '790.5', NULL, NULL, '0', '0', '791', '791', '0', 'PAID', 'FINALIZED', NULL, '2026-06-10T06:18:14.847Z', 'cmofh1jig0004106yjgbfqrdx', '2026-06-10T03:44:55.702Z', '2026-06-10T06:18:20.634Z') ON CONFLICT DO NOTHING;
INSERT INTO public."Invoice" ("id", "invoiceNumber", "customerId", "vehicleId", "jobCardId", "appointmentId", "invoiceDate", "dueDate", "subtotal", "discountType", "discountValue", "discountAmount", "taxTotal", "grandTotal", "amountPaid", "amountDue", "paymentStatus", "invoiceStatus", "notes", "finalizedAt", "createdByAdminId", "createdAt", "updatedAt") VALUES ('cmq7in3kx0009psqu77bls49k', 'INV-IRFV45Y9', 'cmq7iiq9d0000psquc3m24i9o', 'cmq7ijg3l0004psquz2smvjjn', 'cmq7in3it0008psquyl9k7g0v', NULL, '2026-06-10T03:35:24.897Z', NULL, '1094', NULL, NULL, '0', '0', '1094', '1094', '0', 'PAID', 'FINALIZED', NULL, '2026-06-10T10:47:30.226Z', 'cmofh1jig0004106yjgbfqrdx', '2026-06-10T03:35:24.898Z', '2026-06-10T10:47:36.287Z') ON CONFLICT DO NOTHING;

-- Phase A · Payment from payments.json (20 cached rows)
INSERT INTO public."Payment" ("id", "invoiceId", "amount", "paymentMode", "paymentDate", "referenceNumber", "notes", "receivedByAdminId", "createdAt") VALUES ('cmq8169nr0004ja701zher6u4', 'cmq7vluxr000vw3ahq0gapkfe', '49', 'CASH', '2026-06-09T18:30:00.000Z', NULL, NULL, 'cmofh1jig0004106yjgbfqrdx', '2026-06-10T12:14:12.327Z') ON CONFLICT DO NOTHING;
INSERT INTO public."Payment" ("id", "invoiceId", "amount", "paymentMode", "paymentDate", "referenceNumber", "notes", "receivedByAdminId", "createdAt") VALUES ('cmq80axi2001u13fv886thc6z', 'cmq7jsint000911mitrx2vw1m', '478', 'CASH', '2026-06-09T18:30:00.000Z', NULL, NULL, 'cmofh1jig0004106yjgbfqrdx', '2026-06-10T11:49:50.234Z') ON CONFLICT DO NOTHING;
INSERT INTO public."Payment" ("id", "invoiceId", "amount", "paymentMode", "paymentDate", "referenceNumber", "notes", "receivedByAdminId", "createdAt") VALUES ('cmq808orv000eykrujs2grdsh', 'cmq7lvyhh00097yafa6h7gij7', '485', 'CASH', '2026-06-09T18:30:00.000Z', NULL, NULL, 'cmofh1jig0004106yjgbfqrdx', '2026-06-10T11:48:05.611Z') ON CONFLICT DO NOTHING;
INSERT INTO public."Payment" ("id", "invoiceId", "amount", "paymentMode", "paymentDate", "referenceNumber", "notes", "receivedByAdminId", "createdAt") VALUES ('cmq7y2wd0000a47jjp33yia2d', 'cmq7in3kx0009psqu77bls49k', '1094', 'UPI', '2026-06-09T18:30:00.000Z', NULL, NULL, 'cmofh1jig0004106yjgbfqrdx', '2026-06-10T10:47:36.277Z') ON CONFLICT DO NOTHING;
INSERT INTO public."Payment" ("id", "invoiceId", "amount", "paymentMode", "paymentDate", "referenceNumber", "notes", "receivedByAdminId", "createdAt") VALUES ('cmq7wbthp000qv61cp6xu6six', 'cmq7qst93004dapw7ocodqv4e', '1187', 'UPI', '2026-06-09T18:30:00.000Z', NULL, NULL, 'cmofh1jig0004106yjgbfqrdx', '2026-06-10T09:58:33.230Z') ON CONFLICT DO NOTHING;
INSERT INTO public."Payment" ("id", "invoiceId", "amount", "paymentMode", "paymentDate", "referenceNumber", "notes", "receivedByAdminId", "createdAt") VALUES ('cmq7suwam0002118muco40hh0', 'cmq4oqunt0006793aztjwqm1m', '5523', 'UPI', '2026-06-09T18:30:00.000Z', NULL, NULL, 'cmofh1jig0004106yjgbfqrdx', '2026-06-10T08:21:24.863Z') ON CONFLICT DO NOTHING;
INSERT INTO public."Payment" ("id", "invoiceId", "amount", "paymentMode", "paymentDate", "referenceNumber", "notes", "receivedByAdminId", "createdAt") VALUES ('cmq7sk1og000z14l635xjp9un', 'cmq7kbt6v0009cd7lnybtngtl', '350', 'CASH', '2026-06-09T18:30:00.000Z', NULL, NULL, 'cmofh1jig0004106yjgbfqrdx', '2026-06-10T08:12:58.624Z') ON CONFLICT DO NOTHING;
INSERT INTO public."Payment" ("id", "invoiceId", "amount", "paymentMode", "paymentDate", "referenceNumber", "notes", "receivedByAdminId", "createdAt") VALUES ('cmq7rrc20000o14l6v3d06vr4', 'cmq7p7qdy002capw70dn3jkz6', '49', 'UPI', '2026-06-09T18:30:00.000Z', NULL, NULL, 'cmofh1jig0004106yjgbfqrdx', '2026-06-10T07:50:39.049Z') ON CONFLICT DO NOTHING;
INSERT INTO public."Payment" ("id", "invoiceId", "amount", "paymentMode", "paymentDate", "referenceNumber", "notes", "receivedByAdminId", "createdAt") VALUES ('cmq7r8jo4003n5xxmixhdhw1k', 'cmq7p0x94000huec9bwle922b', '118', 'CASH', '2026-06-09T18:30:00.000Z', NULL, NULL, 'cmofh1jig0004106yjgbfqrdx', '2026-06-10T07:36:02.452Z') ON CONFLICT DO NOTHING;
INSERT INTO public."Payment" ("id", "invoiceId", "amount", "paymentMode", "paymentDate", "referenceNumber", "notes", "receivedByAdminId", "createdAt") VALUES ('cmq7qv7jt001l5xxms5o7wlrx', 'cmq7j4aou000ptrcllsz9ai3w', '370', 'CASH', '2026-06-09T18:30:00.000Z', NULL, NULL, 'cmofh1jig0004106yjgbfqrdx', '2026-06-10T07:25:40.217Z') ON CONFLICT DO NOTHING;
INSERT INTO public."Payment" ("id", "invoiceId", "amount", "paymentMode", "paymentDate", "referenceNumber", "notes", "receivedByAdminId", "createdAt") VALUES ('cmq7qot2z001e5xxmbyk01fy1', 'cmq7nfluf0018jlikox6wfhso', '1733', 'CASH', '2026-06-09T18:30:00.000Z', NULL, NULL, 'cmofh1jig0004106yjgbfqrdx', '2026-06-10T07:20:41.531Z') ON CONFLICT DO NOTHING;
INSERT INTO public."Payment" ("id", "invoiceId", "amount", "paymentMode", "paymentDate", "referenceNumber", "notes", "receivedByAdminId", "createdAt") VALUES ('cmq7oi7xm0022jlik3bvasaqf', 'cmq7mj3ag000l128wdtd3romc', '49', 'CASH', '2026-06-09T18:30:00.000Z', NULL, NULL, 'cmofh1jig0004106yjgbfqrdx', '2026-06-10T06:19:34.955Z') ON CONFLICT DO NOTHING;
INSERT INTO public."Payment" ("id", "invoiceId", "amount", "paymentMode", "paymentDate", "referenceNumber", "notes", "receivedByAdminId", "createdAt") VALUES ('cmq7ogmkt001vjlik39pnkj3b', 'cmq7izc0m000dtrclvpi16jk8', '791', 'UPI', '2026-06-09T18:30:00.000Z', NULL, NULL, 'cmofh1jig0004106yjgbfqrdx', '2026-06-10T06:18:20.622Z') ON CONFLICT DO NOTHING;

-- Phase A · StockMovement from inventory_movements.json (50 cached rows)
INSERT INTO public."StockMovement" ("id", "inventoryItemId", "movementType", "quantity", "previousQuantity", "newQuantity", "relatedEntityType", "relatedEntityId", "reason", "performedByAdminId", "createdAt") VALUES ('cmq8019n3000z13fvlatmcqnf', 'cmq3a7za3000k8ds8firusxep', 'ADJUSTMENT_INCREASE', '3', '1', '4', NULL, NULL, 'RECEIVED PARTS', 'cmofh1jig0004106yjgbfqrdx', '2026-06-10T11:42:19.407Z') ON CONFLICT DO NOTHING;
INSERT INTO public."StockMovement" ("id", "inventoryItemId", "movementType", "quantity", "previousQuantity", "newQuantity", "relatedEntityType", "relatedEntityId", "reason", "performedByAdminId", "createdAt") VALUES ('cmq8008nw000u13fvkl693s72', 'cmq3cc5mq000vgfwrjypc2fqu', 'ADJUSTMENT_INCREASE', '5', '3', '8', NULL, NULL, 'RECEIVED STOCK', 'cmofh1jig0004106yjgbfqrdx', '2026-06-10T11:41:31.484Z') ON CONFLICT DO NOTHING;
INSERT INTO public."StockMovement" ("id", "inventoryItemId", "movementType", "quantity", "previousQuantity", "newQuantity", "relatedEntityType", "relatedEntityId", "reason", "performedByAdminId", "createdAt") VALUES ('cmq7zz3s2000n13fvuvfi33tg', 'cmq3cplz8001ksyz4kyqnwjcv', 'ADJUSTMENT_INCREASE', '4', '3', '7', NULL, NULL, 'ADJUSTED', 'cmofh1jig0004106yjgbfqrdx', '2026-06-10T11:40:38.498Z') ON CONFLICT DO NOTHING;
INSERT INTO public."StockMovement" ("id", "inventoryItemId", "movementType", "quantity", "previousQuantity", "newQuantity", "relatedEntityType", "relatedEntityId", "reason", "performedByAdminId", "createdAt") VALUES ('cmq7zxc4s000e13fvv7k738zd', 'cmq3cunak001ssyz4c8xcfens', 'ADJUSTMENT_INCREASE', '5', '2', '7', NULL, NULL, 'ADJUSTED', 'cmofh1jig0004106yjgbfqrdx', '2026-06-10T11:39:16.012Z') ON CONFLICT DO NOTHING;
INSERT INTO public."StockMovement" ("id", "inventoryItemId", "movementType", "quantity", "previousQuantity", "newQuantity", "relatedEntityType", "relatedEntityId", "reason", "performedByAdminId", "createdAt") VALUES ('cmq7zum7g000913fv4ps5l423', 'cmq4p1zw7000dm9shanj9hspj', 'ADJUSTMENT_INCREASE', '3', '0', '3', NULL, NULL, 'ADJUSTED', 'cmofh1jig0004106yjgbfqrdx', '2026-06-10T11:37:09.101Z') ON CONFLICT DO NOTHING;
INSERT INTO public."StockMovement" ("id", "inventoryItemId", "movementType", "quantity", "previousQuantity", "newQuantity", "relatedEntityType", "relatedEntityId", "reason", "performedByAdminId", "createdAt") VALUES ('cmq7zszo7000213fvgzu7x464', 'cmq4p4ase000km9shdye5wqw0', 'ADJUSTMENT_INCREASE', '2', '1', '3', NULL, NULL, 'ADJUSTED', 'cmofh1jig0004106yjgbfqrdx', '2026-06-10T11:35:53.239Z') ON CONFLICT DO NOTHING;
INSERT INTO public."StockMovement" ("id", "inventoryItemId", "movementType", "quantity", "previousQuantity", "newQuantity", "relatedEntityType", "relatedEntityId", "reason", "performedByAdminId", "createdAt") VALUES ('cmq7ymwob001c47jjdg11d9lf', 'cmq4p1zw7000dm9shanj9hspj', 'STOCK_IN', '1', '-1', '0', 'Invoice', 'cmq4p4nb5000xm9shovasz2hw', 'Invoice line item removed', NULL, '2026-06-10T11:03:09.804Z') ON CONFLICT DO NOTHING;
INSERT INTO public."StockMovement" ("id", "inventoryItemId", "movementType", "quantity", "previousQuantity", "newQuantity", "relatedEntityType", "relatedEntityId", "reason", "performedByAdminId", "createdAt") VALUES ('cmq7ymftg001447jjlh18zknu', 'cmq4w41rr0014yx9gxt9ngjw0', 'STOCK_OUT', '1', '1', '0', 'Invoice', 'cmq4p4nb5000xm9shovasz2hw', 'Invoice line item', NULL, '2026-06-10T11:02:47.957Z') ON CONFLICT DO NOTHING;
INSERT INTO public."StockMovement" ("id", "inventoryItemId", "movementType", "quantity", "previousQuantity", "newQuantity", "relatedEntityType", "relatedEntityId", "reason", "performedByAdminId", "createdAt") VALUES ('cmq7ylbla000q47jjniywkkp0', 'cmq4p1zw7000dm9shanj9hspj', 'STOCK_OUT', '1', '0', '-1', 'Invoice', 'cmq4p4nb5000xm9shovasz2hw', 'Invoice line item', NULL, '2026-06-10T11:01:55.822Z') ON CONFLICT DO NOTHING;
INSERT INTO public."StockMovement" ("id", "inventoryItemId", "movementType", "quantity", "previousQuantity", "newQuantity", "relatedEntityType", "relatedEntityId", "reason", "performedByAdminId", "createdAt") VALUES ('cmq7ykxk0000hi9yzxkh998ur', 'cmq4p4ase000km9shdye5wqw0', 'STOCK_OUT', '1', '2', '1', 'Invoice', 'cmq4p4nb5000xm9shovasz2hw', 'Invoice line item', NULL, '2026-06-10T11:01:37.633Z') ON CONFLICT DO NOTHING;
INSERT INTO public."StockMovement" ("id", "inventoryItemId", "movementType", "quantity", "previousQuantity", "newQuantity", "relatedEntityType", "relatedEntityId", "reason", "performedByAdminId", "createdAt") VALUES ('cmq7ykdxk000i47jj3uy8kr68', 'cmq3drqce00011dh1pstpg70i', 'STOCK_OUT', '1', '8', '7', 'Invoice', 'cmq4p4nb5000xm9shovasz2hw', 'Invoice line item', NULL, '2026-06-10T11:01:12.200Z') ON CONFLICT DO NOTHING;
INSERT INTO public."StockMovement" ("id", "inventoryItemId", "movementType", "quantity", "previousQuantity", "newQuantity", "relatedEntityType", "relatedEntityId", "reason", "performedByAdminId", "createdAt") VALUES ('cmq7yjjjb0009i9yzg14jvdru', 'cmq3cplz8001ksyz4kyqnwjcv', 'STOCK_OUT', '1', '4', '3', 'Invoice', 'cmq4p4nb5000xm9shovasz2hw', 'Invoice line item', NULL, '2026-06-10T11:00:32.807Z') ON CONFLICT DO NOTHING;
INSERT INTO public."StockMovement" ("id", "inventoryItemId", "movementType", "quantity", "previousQuantity", "newQuantity", "relatedEntityType", "relatedEntityId", "reason", "performedByAdminId", "createdAt") VALUES ('cmq7yj9u00001i9yzuyjnnhot', 'cmq3cc5mq000vgfwrjypc2fqu', 'STOCK_OUT', '1', '4', '3', 'Invoice', 'cmq4p4nb5000xm9shovasz2hw', 'Invoice line item', NULL, '2026-06-10T11:00:20.198Z') ON CONFLICT DO NOTHING;
INSERT INTO public."StockMovement" ("id", "inventoryItemId", "movementType", "quantity", "previousQuantity", "newQuantity", "relatedEntityType", "relatedEntityId", "reason", "performedByAdminId", "createdAt") VALUES ('cmq7wij37003kw3ahtyjy9paa', 'cmq39efkp0001alrefau2llog', 'ADJUSTMENT_INCREASE', '1', '1', '2', NULL, NULL, 'ADJUSTED', 'cmofh1jig0004106yjgbfqrdx', '2026-06-10T10:03:46.340Z') ON CONFLICT DO NOTHING;
INSERT INTO public."StockMovement" ("id", "inventoryItemId", "movementType", "quantity", "previousQuantity", "newQuantity", "relatedEntityType", "relatedEntityId", "reason", "performedByAdminId", "createdAt") VALUES ('cmq7w3tms0023w3ahl1sr2lp6', 'cmq7vpiew0013w3ahcyerkmkq', 'ADJUSTMENT_INCREASE', '1', '1', '2', NULL, NULL, 'ADJUSTED', 'cmofh1jig0004106yjgbfqrdx', '2026-06-10T09:52:20.165Z') ON CONFLICT DO NOTHING;
INSERT INTO public."StockMovement" ("id", "inventoryItemId", "movementType", "quantity", "previousQuantity", "newQuantity", "relatedEntityType", "relatedEntityId", "reason", "performedByAdminId", "createdAt") VALUES ('cmq7w1p7e001ww3ahxqegd1e9', 'cmq3b28fc001falre187feic2', 'ADJUSTMENT_INCREASE', '1', '1', '2', NULL, NULL, 'ADJUSTED', 'cmofh1jig0004106yjgbfqrdx', '2026-06-10T09:50:41.114Z') ON CONFLICT DO NOTHING;
INSERT INTO public."StockMovement" ("id", "inventoryItemId", "movementType", "quantity", "previousQuantity", "newQuantity", "relatedEntityType", "relatedEntityId", "reason", "performedByAdminId", "createdAt") VALUES ('cmq7v4dwp000213kj80wm4r4s', 'cmpza5e36001ri155ijfqbxc0', 'RESERVED', '1', '5', '4', 'JobCard', 'cmq7in3it0008psquyl9k7g0v', NULL, NULL, '2026-06-10T09:24:46.826Z') ON CONFLICT DO NOTHING;
INSERT INTO public."StockMovement" ("id", "inventoryItemId", "movementType", "quantity", "previousQuantity", "newQuantity", "relatedEntityType", "relatedEntityId", "reason", "performedByAdminId", "createdAt") VALUES ('cmq7t8vf8000cy6uv4s3mvulb', 'cmq4wa4nc0001kj81v5hmbz2b', 'ADJUSTMENT_INCREASE', '1', '0', '1', NULL, NULL, NULL, 'cmofh1jig0004106yjgbfqrdx', '2026-06-10T08:32:16.917Z') ON CONFLICT DO NOTHING;
INSERT INTO public."StockMovement" ("id", "inventoryItemId", "movementType", "quantity", "previousQuantity", "newQuantity", "relatedEntityType", "relatedEntityId", "reason", "performedByAdminId", "createdAt") VALUES ('cmq7r4tj7004uapw7hzzg0wf7', 'cmq1z100y000u11en4na1gv8m', 'ADJUSTMENT_DECREASE', '1', '5', '4', NULL, NULL, 'WRONG ENTRY', 'cmofh1jig0004106yjgbfqrdx', '2026-06-10T07:33:08.611Z') ON CONFLICT DO NOTHING;
INSERT INTO public."StockMovement" ("id", "inventoryItemId", "movementType", "quantity", "previousQuantity", "newQuantity", "relatedEntityType", "relatedEntityId", "reason", "performedByAdminId", "createdAt") VALUES ('cmq7qlfqn000n5xxmaxz8eodj', 'cmq3mpsbv000t100bktbmezz9', 'STOCK_OUT', '1', '4', '3', 'Invoice', 'cmq7nfluf0018jlikox6wfhso', 'Invoice line item', NULL, '2026-06-10T07:18:04.272Z') ON CONFLICT DO NOTHING;
INSERT INTO public."StockMovement" ("id", "inventoryItemId", "movementType", "quantity", "previousQuantity", "newQuantity", "relatedEntityType", "relatedEntityId", "reason", "performedByAdminId", "createdAt") VALUES ('cmq7plk0p0031apw7q2zqywj5', 'cmq7pk4ec002wapw7om4iluv4', 'ADJUSTMENT_INCREASE', '2', '1', '3', NULL, NULL, NULL, 'cmofh1jig0004106yjgbfqrdx', '2026-06-10T06:50:10.202Z') ON CONFLICT DO NOTHING;
INSERT INTO public."StockMovement" ("id", "inventoryItemId", "movementType", "quantity", "previousQuantity", "newQuantity", "relatedEntityType", "relatedEntityId", "reason", "performedByAdminId", "createdAt") VALUES ('cmq7ofau6000qapw7riksj3ul', 'cmpw4engv000uu7s3m6p7htd9', 'STOCK_OUT', '1', '3', '2', 'Invoice', 'cmq7izc0m000dtrclvpi16jk8', 'Invoice line item', NULL, '2026-06-10T06:17:18.750Z') ON CONFLICT DO NOTHING;
INSERT INTO public."StockMovement" ("id", "inventoryItemId", "movementType", "quantity", "previousQuantity", "newQuantity", "relatedEntityType", "relatedEntityId", "reason", "performedByAdminId", "createdAt") VALUES ('cmq7mlv7j000hjlikxou0b6vy', 'cmq4w5k2e0018yx9g5onl3c9d', 'STOCK_OUT', '1', '1', '0', 'Invoice', 'cmq4oqunt0006793aztjwqm1m', 'Invoice line item', NULL, '2026-06-10T05:26:25.855Z') ON CONFLICT DO NOTHING;
INSERT INTO public."StockMovement" ("id", "inventoryItemId", "movementType", "quantity", "previousQuantity", "newQuantity", "relatedEntityType", "relatedEntityId", "reason", "performedByAdminId", "createdAt") VALUES ('cmq7mlig50009jlikpg0aszr4', 'cmq4wbfba0005kj813lc5ykmd', 'STOCK_OUT', '1', '1', '0', 'Invoice', 'cmq4oqunt0006793aztjwqm1m', 'Invoice line item', NULL, '2026-06-10T05:26:09.317Z') ON CONFLICT DO NOTHING;
INSERT INTO public."StockMovement" ("id", "inventoryItemId", "movementType", "quantity", "previousQuantity", "newQuantity", "relatedEntityType", "relatedEntityId", "reason", "performedByAdminId", "createdAt") VALUES ('cmq7mkdjk0001jlikz0vm4td8', 'cmq3cxxbk002bsyz4p1gaw4it', 'STOCK_OUT', '1', '2', '1', 'Invoice', 'cmq4oqunt0006793aztjwqm1m', 'Invoice line item', NULL, '2026-06-10T05:25:16.276Z') ON CONFLICT DO NOTHING;
INSERT INTO public."StockMovement" ("id", "inventoryItemId", "movementType", "quantity", "previousQuantity", "newQuantity", "relatedEntityType", "relatedEntityId", "reason", "performedByAdminId", "createdAt") VALUES ('cmq7mjza0000p128weztxduws', 'cmq3a7za3000k8ds8firusxep', 'STOCK_OUT', '1', '2', '1', 'Invoice', 'cmq4oqunt0006793aztjwqm1m', 'Invoice line item', NULL, '2026-06-10T05:24:57.794Z') ON CONFLICT DO NOTHING;
INSERT INTO public."StockMovement" ("id", "inventoryItemId", "movementType", "quantity", "previousQuantity", "newQuantity", "relatedEntityType", "relatedEntityId", "reason", "performedByAdminId", "createdAt") VALUES ('cmq7m7xfe000p7yaf1g5j2jt3', 'cmq4wa4nc0001kj81v5hmbz2b', 'STOCK_OUT', '1', '1', '0', 'Invoice', 'cmq4oqunt0006793aztjwqm1m', 'Invoice line item', NULL, '2026-06-10T05:15:35.523Z') ON CONFLICT DO NOTHING;
INSERT INTO public."StockMovement" ("id", "inventoryItemId", "movementType", "quantity", "previousQuantity", "newQuantity", "relatedEntityType", "relatedEntityId", "reason", "performedByAdminId", "createdAt") VALUES ('cmq7m7q47000l7yafod74js0g', 'cmq4w7j50001cyx9gyrnwo9ym', 'STOCK_IN', '1', '0', '1', 'Invoice', 'cmq4oqunt0006793aztjwqm1m', 'Invoice line item removed', NULL, '2026-06-10T05:15:26.071Z') ON CONFLICT DO NOTHING;
INSERT INTO public."StockMovement" ("id", "inventoryItemId", "movementType", "quantity", "previousQuantity", "newQuantity", "relatedEntityType", "relatedEntityId", "reason", "performedByAdminId", "createdAt") VALUES ('cmq7m6l1v000d7yafhd6cqjev', 'cmq4w7j50001cyx9gyrnwo9ym', 'STOCK_OUT', '1', '1', '0', 'Invoice', 'cmq4oqunt0006793aztjwqm1m', 'Invoice line item', NULL, '2026-06-10T05:14:32.851Z') ON CONFLICT DO NOTHING;

-- Phase A · ActivityLog from logs.json (50 cached rows)
INSERT INTO public."ActivityLog" ("id", "entityType", "entityId", "action", "previousValueJson", "newValueJson", "actorType", "actorId", "requestId", "ipAddress", "userAgent", "createdAt") VALUES ('cmq825vq7000jes2mjxww0706', 'AdminUser', 'cmofh1jig0004106yjgbfqrdx', 'auth.login', NULL, NULL, 'ADMIN', 'cmofh1jig0004106yjgbfqrdx', NULL, '27.60.180.225', 'Mozilla/5.0 (Macintosh; Intel Mac OS X 10_15_7) AppleWebKit/537.36 (KHTML, like Gecko) Chrome/149.0.0.0 Safari/537.36', '2026-06-10T12:41:53.887Z') ON CONFLICT DO NOTHING;
INSERT INTO public."ActivityLog" ("id", "entityType", "entityId", "action", "previousValueJson", "newValueJson", "actorType", "actorId", "requestId", "ipAddress", "userAgent", "createdAt") VALUES ('cmq81rjck00013h1o80xvefpv', 'InventoryItem', 'cmq81am0f000353nh2ary9kbf', 'inventory.item.updated', NULL, '{"unit":"1","isActive":true,"itemName":"ENGINE OIL 900ML.","costPrice":400.25,"categoryId":"cmpw3h1n9000jwqjj7oqs8qg8","supplierId":"cmq3m5j810000b9cmof1h82gc","reorderLevel":null,"sellingPrice":470,"discountPercent":7,"storageLocation":null}', 'ADMIN', 'cmofh1jig0004106yjgbfqrdx', NULL, NULL, NULL, '2026-06-10T12:30:44.661Z') ON CONFLICT DO NOTHING;
INSERT INTO public."ActivityLog" ("id", "entityType", "entityId", "action", "previousValueJson", "newValueJson", "actorType", "actorId", "requestId", "ipAddress", "userAgent", "createdAt") VALUES ('cmq81am0z000553nh7t6ylmro', 'InventoryItem', 'cmq81am0f000353nh2ary9kbf', 'inventory.item.created', NULL, '{"id":"cmq81am0f000353nh2ary9kbf","mrp":null,"sku":"ACTIVE 20W40-02","unit":"1","brand":"CASTRAL","barcode":null,"taxRate":"0","isActive":true,"itemName":"ENGINE OIL 900ML.","costPrice":"400.25","createdAt":"2026-06-10T12:17:34.937Z","isBranded":true,"updatedAt":"2026-06-10T12:17:34.937Z","categoryId":"cmpw3h1n9000jwqjj7oqs8qg8","supplierId":"cmq3m5j810000b9cmof1h82gc","description":null,"reorderLevel":null,"sellingPrice":"470","variablePrice":false,"discountPercent":"7","quantityInStock":"10","reorderQuantity":null,"storageLocation":null,"reservedQuantity":"0","compatibleVehicleTypes":null}', 'ADMIN', 'cmofh1jig0004106yjgbfqrdx', NULL, NULL, NULL, '2026-06-10T12:17:34.980Z') ON CONFLICT DO NOTHING;
INSERT INTO public."ActivityLog" ("id", "entityType", "entityId", "action", "previousValueJson", "newValueJson", "actorType", "actorId", "requestId", "ipAddress", "userAgent", "createdAt") VALUES ('cmq818ibu000aja70bxrph57s', 'InventoryItem', 'cmq818iaz0008ja70uddtk9az', 'inventory.item.created', NULL, '{"id":"cmq818iaz0008ja70uddtk9az","mrp":null,"sku":"ACTIV 20W40","unit":"1","brand":"CASTRAL","barcode":null,"taxRate":"0","isActive":true,"itemName":"CASTRAL  ENGINE OIL 1 LTR.","costPrice":"400.02","createdAt":"2026-06-10T12:15:56.843Z","isBranded":true,"updatedAt":"2026-06-10T12:15:56.843Z","categoryId":"cmpw3h1n9000jwqjj7oqs8qg8","supplierId":"cmq3m5j810000b9cmof1h82gc","description":null,"reorderLevel":null,"sellingPrice":"512","variablePrice":false,"discountPercent":"7","quantityInStock":"10","reorderQuantity":null,"storageLocation":null,"reservedQuantity":"0","compatibleVehicleTypes":null}', 'ADMIN', 'cmofh1jig0004106yjgbfqrdx', NULL, NULL, NULL, '2026-06-10T12:15:56.874Z') ON CONFLICT DO NOTHING;
INSERT INTO public."ActivityLog" ("id", "entityType", "entityId", "action", "previousValueJson", "newValueJson", "actorType", "actorId", "requestId", "ipAddress", "userAgent", "createdAt") VALUES ('cmq8169pw0006ja70evzs2pud', 'Payment', 'cmq8169nr0004ja701zher6u4', 'payment.recorded', NULL, '{"amount":49,"paymentDate":"2026-06-10T00:00:00+05:30","paymentMode":"CASH"}', 'ADMIN', 'cmofh1jig0004106yjgbfqrdx', NULL, NULL, NULL, '2026-06-10T12:14:12.380Z') ON CONFLICT DO NOTHING;
INSERT INTO public."ActivityLog" ("id", "entityType", "entityId", "action", "previousValueJson", "newValueJson", "actorType", "actorId", "requestId", "ipAddress", "userAgent", "createdAt") VALUES ('cmq81672w0001ja70s7cj279j', 'Invoice', 'cmq7vluxr000vw3ahq0gapkfe', 'invoice.finalized', NULL, NULL, 'ADMIN', 'cmofh1jig0004106yjgbfqrdx', NULL, NULL, NULL, '2026-06-10T12:14:08.984Z') ON CONFLICT DO NOTHING;
INSERT INTO public."ActivityLog" ("id", "entityType", "entityId", "action", "previousValueJson", "newValueJson", "actorType", "actorId", "requestId", "ipAddress", "userAgent", "createdAt") VALUES ('cmq81647u000hes2mvmjvwfve', 'InvoiceLineItem', 'cmq81644m000des2mjbndkpjk', 'invoice.line.added', NULL, '{"taxRate":0,"lineType":"LABOR","quantity":1,"unitPrice":49,"description":"Labor \u2014 SOUVIK  MUSI","discountPercent":0}', 'ADMIN', 'cmofh1jig0004106yjgbfqrdx', NULL, NULL, NULL, '2026-06-10T12:14:05.274Z') ON CONFLICT DO NOTHING;
INSERT INTO public."ActivityLog" ("id", "entityType", "entityId", "action", "previousValueJson", "newValueJson", "actorType", "actorId", "requestId", "ipAddress", "userAgent", "createdAt") VALUES ('cmq815rkf000153nh8a18swja', 'JobCard', 'cmq7vluw6000uw3ahzu3ea874', 'job-card.updated', NULL, '{"status":"DELIVERED"}', 'ADMIN', 'cmofh1jig0004106yjgbfqrdx', NULL, NULL, NULL, '2026-06-10T12:13:48.879Z') ON CONFLICT DO NOTHING;
INSERT INTO public."ActivityLog" ("id", "entityType", "entityId", "action", "previousValueJson", "newValueJson", "actorType", "actorId", "requestId", "ipAddress", "userAgent", "createdAt") VALUES ('cmq815kvf000bes2mht7n62ow', 'JobCard', 'cmq815krj0008es2mwn60f50c', 'job-card.created', NULL, '{"id":"cmq815krj0008es2mwn60f50c","status":"CREATED","priority":"","createdAt":"2026-06-10T12:13:40.009Z","updatedAt":"2026-06-10T12:13:40.009Z","vehicleId":"cmq815cr40004es2mr2kzxx1f","customerId":"cmq814ro40000es2mji7njupn","finalTotal":"0","intakeDate":"2026-06-10T12:13:40.009Z","issueSummary":"Foam wash","appointmentId":null,"estimateNotes":null,"fuelIndicator":"3/4","internalNotes":null,"jobCardNumber":"JC-VNLWUGJ3","approvalStatus":"PENDING","diagnosisNotes":null,"estimatedTotal":"0","finalLaborCost":"0","finalOtherCost":"0","finalPartsCost":"0","actualDeliveryAt":null,"odometerAtIntake":8886,"serviceRequestId":null,"customerComplaints":"","estimatedLaborCost":"0","estimatedOtherCost":"0","estimatedPartsCost":"0","estimatedDeliveryAt":null,"customerVisibleNotes":null,"assignedServiceManagerId":null}', 'ADMIN', 'cmofh1jig0004106yjgbfqrdx', NULL, NULL, NULL, '2026-06-10T12:13:40.203Z') ON CONFLICT DO NOTHING;
INSERT INTO public."ActivityLog" ("id", "entityType", "entityId", "action", "previousValueJson", "newValueJson", "actorType", "actorId", "requestId", "ipAddress", "userAgent", "createdAt") VALUES ('cmq815cry0006es2m5orqinj2', 'Vehicle', 'cmq815cr40004es2mr2kzxx1f', 'vehicle.created', NULL, '{"id":"cmq815cr40004es2mr2kzxx1f","vin":null,"brand":"Royal Enfield ","color":null,"model":"Meteor 350","notes":null,"variant":null,"engineCC":null,"fuelType":null,"createdAt":"2026-06-10T12:13:29.675Z","updatedAt":"2026-06-10T12:13:29.675Z","customerId":"cmq814ro40000es2mji7njupn","vehicleType":"BIKE","engineNumber":null,"transmission":null,"chassisNumber":null,"odometerReading":null,"yearOfManufacture":null,"registrationNumber":"WB-67-F-4523"}', 'ADMIN', 'cmofh1jig0004106yjgbfqrdx', NULL, NULL, NULL, '2026-06-10T12:13:29.710Z') ON CONFLICT DO NOTHING;
INSERT INTO public."ActivityLog" ("id", "entityType", "entityId", "action", "previousValueJson", "newValueJson", "actorType", "actorId", "requestId", "ipAddress", "userAgent", "createdAt") VALUES ('cmq814rp10002es2mft0aymw6', 'Customer', 'cmq814ro40000es2mji7njupn', 'customer.created', NULL, '{"id":"cmq814ro40000es2mji7njupn","city":null,"email":"gearup.sgnk.ai@gmail.com","notes":null,"state":null,"source":"JOB_CARD_FORM","fullName":"Falguni De","createdAt":"2026-06-10T12:13:02.356Z","updatedAt":"2026-06-10T12:13:02.356Z","archivedAt":null,"postalCode":null,"phoneNumber":"9002931488","addressLine1":null,"addressLine2":null,"alternatePhone":null}', 'ADMIN', 'cmofh1jig0004106yjgbfqrdx', NULL, NULL, NULL, '2026-06-10T12:13:02.389Z') ON CONFLICT DO NOTHING;
INSERT INTO public."ActivityLog" ("id", "entityType", "entityId", "action", "previousValueJson", "newValueJson", "actorType", "actorId", "requestId", "ipAddress", "userAgent", "createdAt") VALUES ('cmq80o4b4000sykruftlv9owj', 'JobCard', 'cmq7noawt001jjlikv05kkplj', 'job-card.updated', NULL, '{"issueSummary":"General Servicing, Mobil change Castrol, kick oil seal, Foam Wash,"}', 'ADMIN', 'cmofh1jig0004106yjgbfqrdx', NULL, NULL, NULL, '2026-06-10T12:00:05.585Z') ON CONFLICT DO NOTHING;
INSERT INTO public."ActivityLog" ("id", "entityType", "entityId", "action", "previousValueJson", "newValueJson", "actorType", "actorId", "requestId", "ipAddress", "userAgent", "createdAt") VALUES ('cmq80b28k000qykrubv6c3f9n', 'InventoryItem', 'cmq80b27y000oykru0he1td2t', 'inventory.item.created', NULL, '{"id":"cmq80b27y000oykru0he1td2t","mrp":null,"sku":"594698/A","unit":"1","brand":"ROYAL  ENFIELD","barcode":null,"taxRate":"0","isActive":true,"itemName":"BRAKE PAD  REAR","costPrice":"400.2","createdAt":"2026-06-10T11:49:56.350Z","isBranded":true,"updatedAt":"2026-06-10T11:49:56.350Z","categoryId":"cmptt0h6n000sgf5xvdzhqemr","supplierId":"cmq3a1uw000028ds8yv5rxxsm","description":null,"reorderLevel":null,"sellingPrice":"460","variablePrice":false,"discountPercent":"7","quantityInStock":"5","reorderQuantity":null,"storageLocation":null,"reservedQuantity":"0","compatibleVehicleTypes":null}', 'ADMIN', 'cmofh1jig0004106yjgbfqrdx', NULL, NULL, NULL, '2026-06-10T11:49:56.373Z') ON CONFLICT DO NOTHING;
INSERT INTO public."ActivityLog" ("id", "entityType", "entityId", "action", "previousValueJson", "newValueJson", "actorType", "actorId", "requestId", "ipAddress", "userAgent", "createdAt") VALUES ('cmq80axiu001w13fv2deqz7jk', 'Payment', 'cmq80axi2001u13fv886thc6z', 'payment.recorded', NULL, '{"amount":478,"paymentDate":"2026-06-10T00:00:00+05:30","paymentMode":"CASH"}', 'ADMIN', 'cmofh1jig0004106yjgbfqrdx', NULL, NULL, NULL, '2026-06-10T11:49:50.263Z') ON CONFLICT DO NOTHING;
INSERT INTO public."ActivityLog" ("id", "entityType", "entityId", "action", "previousValueJson", "newValueJson", "actorType", "actorId", "requestId", "ipAddress", "userAgent", "createdAt") VALUES ('cmq80avbg001r13fvpyxwks64', 'Invoice', 'cmq7jsint000911mitrx2vw1m', 'invoice.finalized', NULL, NULL, 'ADMIN', 'cmofh1jig0004106yjgbfqrdx', NULL, NULL, NULL, '2026-06-10T11:49:47.405Z') ON CONFLICT DO NOTHING;
INSERT INTO public."ActivityLog" ("id", "entityType", "entityId", "action", "previousValueJson", "newValueJson", "actorType", "actorId", "requestId", "ipAddress", "userAgent", "createdAt") VALUES ('cmq80at3n001p13fvp2s8rk2k', 'InvoiceLineItem', 'cmq80at25001l13fv8ngaa3hy', 'invoice.line.added', NULL, '{"taxRate":0,"lineType":"SERVICE_CHARGE","quantity":1,"unitPrice":135,"description":"DAMPER RUBBER","discountPercent":5}', 'ADMIN', 'cmofh1jig0004106yjgbfqrdx', NULL, NULL, NULL, '2026-06-10T11:49:44.532Z') ON CONFLICT DO NOTHING;
INSERT INTO public."ActivityLog" ("id", "entityType", "entityId", "action", "previousValueJson", "newValueJson", "actorType", "actorId", "requestId", "ipAddress", "userAgent", "createdAt") VALUES ('cmq809ww7000mykrudzb5gms6', 'InvoiceLineItem', 'cmq809wts000iykru0qsi4rff', 'invoice.line.added', NULL, '{"taxRate":0,"lineType":"SERVICE_CHARGE","quantity":1,"unitPrice":350,"description":"General Service","discountPercent":0}', 'ADMIN', 'cmofh1jig0004106yjgbfqrdx', NULL, NULL, NULL, '2026-06-10T11:49:02.792Z') ON CONFLICT DO NOTHING;
INSERT INTO public."ActivityLog" ("id", "entityType", "entityId", "action", "previousValueJson", "newValueJson", "actorType", "actorId", "requestId", "ipAddress", "userAgent", "createdAt") VALUES ('cmq808otb000gykruijph2bb5', 'Payment', 'cmq808orv000eykrujs2grdsh', 'payment.recorded', NULL, '{"amount":485,"paymentDate":"2026-06-10T00:00:00+05:30","paymentMode":"CASH"}', 'ADMIN', 'cmofh1jig0004106yjgbfqrdx', NULL, NULL, NULL, '2026-06-10T11:48:05.663Z') ON CONFLICT DO NOTHING;
INSERT INTO public."ActivityLog" ("id", "entityType", "entityId", "action", "previousValueJson", "newValueJson", "actorType", "actorId", "requestId", "ipAddress", "userAgent", "createdAt") VALUES ('cmq808n2n000bykruepzp2hn1', 'InventoryItem', 'cmq808n1z0009ykruqquv8bhh', 'inventory.item.created', NULL, '{"id":"cmq808n1z0009ykruqquv8bhh","mrp":null,"sku":"RAC00131/A","unit":"1","brand":"ROYAL  ENFIELD","barcode":null,"taxRate":"0","isActive":true,"itemName":"CABLE  TIE","costPrice":"9.96","createdAt":"2026-06-10T11:48:03.384Z","isBranded":true,"updatedAt":"2026-06-10T11:48:03.384Z","categoryId":"cmptt9n9v001agf5xckhvq2nx","supplierId":"cmq3a1uw000028ds8yv5rxxsm","description":null,"reorderLevel":null,"sellingPrice":"8","variablePrice":false,"discountPercent":"7","quantityInStock":"20","reorderQuantity":null,"storageLocation":null,"reservedQuantity":"0","compatibleVehicleTypes":null}', 'ADMIN', 'cmofh1jig0004106yjgbfqrdx', NULL, NULL, NULL, '2026-06-10T11:48:03.407Z') ON CONFLICT DO NOTHING;
INSERT INTO public."ActivityLog" ("id", "entityType", "entityId", "action", "previousValueJson", "newValueJson", "actorType", "actorId", "requestId", "ipAddress", "userAgent", "createdAt") VALUES ('cmq808ilw0007ykru18g3j36j', 'Invoice', 'cmq7lvyhh00097yafa6h7gij7', 'invoice.finalized', NULL, NULL, 'ADMIN', 'cmofh1jig0004106yjgbfqrdx', NULL, NULL, NULL, '2026-06-10T11:47:57.620Z') ON CONFLICT DO NOTHING;
INSERT INTO public."ActivityLog" ("id", "entityType", "entityId", "action", "previousValueJson", "newValueJson", "actorType", "actorId", "requestId", "ipAddress", "userAgent", "createdAt") VALUES ('cmq8082cw0005ykru3jb36aw4', 'InvoiceLineItem', 'cmq8082ag0001ykru4rqzh9sj', 'invoice.line.added', NULL, '{"taxRate":0,"lineType":"SERVICE_CHARGE","quantity":1,"unitPrice":350,"description":"GENERAL SERVICING","discountPercent":0}', 'ADMIN', 'cmofh1jig0004106yjgbfqrdx', NULL, NULL, NULL, '2026-06-10T11:47:36.560Z') ON CONFLICT DO NOTHING;
INSERT INTO public."ActivityLog" ("id", "entityType", "entityId", "action", "previousValueJson", "newValueJson", "actorType", "actorId", "requestId", "ipAddress", "userAgent", "createdAt") VALUES ('cmq807j44001j13fvcjk6zvd0', 'InvoiceLineItem', 'cmq807j2d001f13fvfvjwq1ih', 'invoice.line.added', NULL, '{"taxRate":0,"lineType":"SERVICE_CHARGE","quantity":1,"unitPrice":135,"description":"DAMPER RUBBER","discountPercent":0}', 'ADMIN', 'cmofh1jig0004106yjgbfqrdx', NULL, NULL, NULL, '2026-06-10T11:47:11.620Z') ON CONFLICT DO NOTHING;
INSERT INTO public."ActivityLog" ("id", "entityType", "entityId", "action", "previousValueJson", "newValueJson", "actorType", "actorId", "requestId", "ipAddress", "userAgent", "createdAt") VALUES ('cmq8060nl001d13fv4ie6104r', 'InventoryItem', 'cmq8060my001b13fvwuk64j3y', 'inventory.item.created', NULL, '{"id":"cmq8060my001b13fvwuk64j3y","mrp":null,"sku":"586151/C","unit":"1","brand":"ROYAL  ENFIELD","barcode":null,"taxRate":"0","isActive":true,"itemName":"CHAIN  PAD  ASSY.","costPrice":"142.68","createdAt":"2026-06-10T11:46:00.999Z","isBranded":true,"updatedAt":"2026-06-10T11:46:00.999Z","categoryId":"cmpts6efn000c3q3ea0xwnkws","supplierId":"cmq3a1uw000028ds8yv5rxxsm","description":null,"reorderLevel":null,"sellingPrice":"164","variablePrice":false,"discountPercent":"7","quantityInStock":"1","reorderQuantity":null,"storageLocation":null,"reservedQuantity":"0","compatibleVehicleTypes":null}', 'ADMIN', 'cmofh1jig0004106yjgbfqrdx', NULL, NULL, NULL, '2026-06-10T11:46:01.041Z') ON CONFLICT DO NOTHING;
INSERT INTO public."ActivityLog" ("id", "entityType", "entityId", "action", "previousValueJson", "newValueJson", "actorType", "actorId", "requestId", "ipAddress", "userAgent", "createdAt") VALUES ('cmq804cw4001913fvnfza0egh', 'WorkerAssignment', 'cmq804cur001713fvqijie5wc', 'job-card.worker.assigned', NULL, '{"workerId":"cmpuqduz90004601ekvzs5xcd","jobCardId":"cmq7lvyfs00087yafc48xqjeh","assignmentRole":" CHIEF  TECHNICIAN"}', 'ADMIN', 'cmofh1jig0004106yjgbfqrdx', NULL, NULL, NULL, '2026-06-10T11:44:43.588Z') ON CONFLICT DO NOTHING;
INSERT INTO public."ActivityLog" ("id", "entityType", "entityId", "action", "previousValueJson", "newValueJson", "actorType", "actorId", "requestId", "ipAddress", "userAgent", "createdAt") VALUES ('cmq803qb7001513fv29hxiy2h', 'InventoryItem', 'cmq803qa1001313fvpekl36n4', 'inventory.item.created', NULL, '{"id":"cmq803qa1001313fvpekl36n4","mrp":null,"sku":"KAR00011/A","unit":"1","brand":"ROYAL  ENFIELD","barcode":null,"taxRate":"0","isActive":true,"itemName":"DISC  CHAIN PAD","costPrice":"264.48","createdAt":"2026-06-10T11:44:14.275Z","isBranded":true,"updatedAt":"2026-06-10T11:44:14.275Z","categoryId":"cmpts6efn000c3q3ea0xwnkws","supplierId":"cmq3a1uw000028ds8yv5rxxsm","description":null,"reorderLevel":null,"sellingPrice":"304","variablePrice":false,"discountPercent":"7","quantityInStock":"1","reorderQuantity":null,"storageLocation":null,"reservedQuantity":"0","compatibleVehicleTypes":null}', 'ADMIN', 'cmofh1jig0004106yjgbfqrdx', NULL, NULL, NULL, '2026-06-10T11:44:14.324Z') ON CONFLICT DO NOTHING;
INSERT INTO public."ActivityLog" ("id", "entityType", "entityId", "action", "previousValueJson", "newValueJson", "actorType", "actorId", "requestId", "ipAddress", "userAgent", "createdAt") VALUES ('cmq8019nk001113fvwm8rd4r7', 'InventoryItem', 'cmq3a7za3000k8ds8firusxep', 'inventory.stock.adjustment_increase', NULL, '{"type":"ADJUSTMENT_INCREASE","reason":"RECEIVED PARTS","quantity":3,"newQuantity":4,"previousQuantity":1}', 'ADMIN', 'cmofh1jig0004106yjgbfqrdx', NULL, NULL, NULL, '2026-06-10T11:42:19.425Z') ON CONFLICT DO NOTHING;
INSERT INTO public."ActivityLog" ("id", "entityType", "entityId", "action", "previousValueJson", "newValueJson", "actorType", "actorId", "requestId", "ipAddress", "userAgent", "createdAt") VALUES ('cmq8008of000w13fvjvxsqvca', 'InventoryItem', 'cmq3cc5mq000vgfwrjypc2fqu', 'inventory.stock.adjustment_increase', NULL, '{"type":"ADJUSTMENT_INCREASE","reason":"RECEIVED STOCK","quantity":5,"newQuantity":8,"previousQuantity":3}', 'ADMIN', 'cmofh1jig0004106yjgbfqrdx', NULL, NULL, NULL, '2026-06-10T11:41:31.503Z') ON CONFLICT DO NOTHING;
INSERT INTO public."ActivityLog" ("id", "entityType", "entityId", "action", "previousValueJson", "newValueJson", "actorType", "actorId", "requestId", "ipAddress", "userAgent", "createdAt") VALUES ('cmq7zzm93000r13fvm9xtbrkw', 'InventoryItem', 'cmq3cc5mq000vgfwrjypc2fqu', 'inventory.item.updated', NULL, '{"unit":"1","isActive":true,"itemName":"AIR FILTER ELEMENT","costPrice":191.4,"categoryId":"cmpts6efn000c3q3ea0xwnkws","supplierId":"cmq3a1uw000028ds8yv5rxxsm","reorderLevel":null,"sellingPrice":220,"discountPercent":null,"storageLocation":null}', 'ADMIN', 'cmofh1jig0004106yjgbfqrdx', NULL, NULL, NULL, '2026-06-10T11:41:02.440Z') ON CONFLICT DO NOTHING;
INSERT INTO public."ActivityLog" ("id", "entityType", "entityId", "action", "previousValueJson", "newValueJson", "actorType", "actorId", "requestId", "ipAddress", "userAgent", "createdAt") VALUES ('cmq7zz3sc000p13fvpbxn09lw', 'InventoryItem', 'cmq3cplz8001ksyz4kyqnwjcv', 'inventory.stock.adjustment_increase', NULL, '{"type":"ADJUSTMENT_INCREASE","reason":"ADJUSTED","quantity":4,"newQuantity":7,"previousQuantity":3}', 'ADMIN', 'cmofh1jig0004106yjgbfqrdx', NULL, NULL, NULL, '2026-06-10T11:40:38.508Z') ON CONFLICT DO NOTHING;
INSERT INTO public."ActivityLog" ("id", "entityType", "entityId", "action", "previousValueJson", "newValueJson", "actorType", "actorId", "requestId", "ipAddress", "userAgent", "createdAt") VALUES ('cmq7zysnd000k13fvo6ha4mlk', 'InventoryItem', 'cmq3cplz8001ksyz4kyqnwjcv', 'inventory.item.updated', NULL, '{"unit":"1","isActive":true,"itemName":"OIL FILTER WITH O RING KIT","costPrice":69.6,"categoryId":"cmpts6efn000c3q3ea0xwnkws","supplierId":"cmq3a1uw000028ds8yv5rxxsm","reorderLevel":null,"sellingPrice":80,"discountPercent":null,"storageLocation":null}', 'ADMIN', 'cmofh1jig0004106yjgbfqrdx', NULL, NULL, NULL, '2026-06-10T11:40:24.073Z') ON CONFLICT DO NOTHING;
INSERT INTO public."ActivityLog" ("id", "entityType", "entityId", "action", "previousValueJson", "newValueJson", "actorType", "actorId", "requestId", "ipAddress", "userAgent", "createdAt") VALUES ('cmq7zxq59000i13fv34gpsy3w', 'InventoryItem', 'cmq3cunak001ssyz4c8xcfens', 'inventory.item.updated', NULL, '{"unit":"1","isActive":true,"itemName":"BRAKE  PAD SET FRT. CALIPER","costPrice":203.58,"categoryId":"cmptt0h6n000sgf5xvdzhqemr","supplierId":"cmq3a1uw000028ds8yv5rxxsm","reorderLevel":null,"sellingPrice":234,"discountPercent":null,"storageLocation":null}', 'ADMIN', 'cmofh1jig0004106yjgbfqrdx', NULL, NULL, NULL, '2026-06-10T11:39:34.173Z') ON CONFLICT DO NOTHING;
INSERT INTO public."ActivityLog" ("id", "entityType", "entityId", "action", "previousValueJson", "newValueJson", "actorType", "actorId", "requestId", "ipAddress", "userAgent", "createdAt") VALUES ('cmq7zxc52000g13fvk5gxkydo', 'InventoryItem', 'cmq3cunak001ssyz4c8xcfens', 'inventory.stock.adjustment_increase', NULL, '{"type":"ADJUSTMENT_INCREASE","reason":"ADJUSTED","quantity":5,"newQuantity":7,"previousQuantity":2}', 'ADMIN', 'cmofh1jig0004106yjgbfqrdx', NULL, NULL, NULL, '2026-06-10T11:39:16.023Z') ON CONFLICT DO NOTHING;
INSERT INTO public."ActivityLog" ("id", "entityType", "entityId", "action", "previousValueJson", "newValueJson", "actorType", "actorId", "requestId", "ipAddress", "userAgent", "createdAt") VALUES ('cmq7zum7q000b13fvk07nqqil', 'InventoryItem', 'cmq4p1zw7000dm9shanj9hspj', 'inventory.stock.adjustment_increase', NULL, '{"type":"ADJUSTMENT_INCREASE","reason":"ADJUSTED","quantity":3,"newQuantity":3,"previousQuantity":0}', 'ADMIN', 'cmofh1jig0004106yjgbfqrdx', NULL, NULL, NULL, '2026-06-10T11:37:09.111Z') ON CONFLICT DO NOTHING;
INSERT INTO public."ActivityLog" ("id", "entityType", "entityId", "action", "previousValueJson", "newValueJson", "actorType", "actorId", "requestId", "ipAddress", "userAgent", "createdAt") VALUES ('cmq7zua1h000613fv68t4vu6a', 'InventoryItem', 'cmq4p1zw7000dm9shanj9hspj', 'inventory.item.updated', NULL, '{"unit":"3","isActive":true,"itemName":"REAR  MOUNTING  BRACKET","costPrice":203.36,"categoryId":"cmpts6efn000c3q3ea0xwnkws","supplierId":"cmq3a1uw000028ds8yv5rxxsm","reorderLevel":null,"sellingPrice":248,"discountPercent":null,"storageLocation":null}', 'ADMIN', 'cmofh1jig0004106yjgbfqrdx', NULL, NULL, NULL, '2026-06-10T11:36:53.334Z') ON CONFLICT DO NOTHING;
INSERT INTO public."ActivityLog" ("id", "entityType", "entityId", "action", "previousValueJson", "newValueJson", "actorType", "actorId", "requestId", "ipAddress", "userAgent", "createdAt") VALUES ('cmq7zszop000413fvga9d66o5', 'InventoryItem', 'cmq4p4ase000km9shdye5wqw0', 'inventory.stock.adjustment_increase', NULL, '{"type":"ADJUSTMENT_INCREASE","reason":"ADJUSTED","quantity":2,"newQuantity":3,"previousQuantity":1}', 'ADMIN', 'cmofh1jig0004106yjgbfqrdx', NULL, NULL, NULL, '2026-06-10T11:35:53.257Z') ON CONFLICT DO NOTHING;
INSERT INTO public."ActivityLog" ("id", "entityType", "entityId", "action", "previousValueJson", "newValueJson", "actorType", "actorId", "requestId", "ipAddress", "userAgent", "createdAt") VALUES ('cmq7zlwe00001b745buotwtf8', 'AdminUser', 'cmofh1jig0004106yjgbfqrdx', 'auth.login', NULL, NULL, 'ADMIN', 'cmofh1jig0004106yjgbfqrdx', NULL, '::1', 'curl/8.7.1', '2026-06-10T11:30:22.392Z') ON CONFLICT DO NOTHING;
INSERT INTO public."ActivityLog" ("id", "entityType", "entityId", "action", "previousValueJson", "newValueJson", "actorType", "actorId", "requestId", "ipAddress", "userAgent", "createdAt") VALUES ('cmq7ynn9i000pi9yzfc7nh86m', 'Invoice', 'cmq4p4nb5000xm9shovasz2hw', 'invoice.finalized', NULL, NULL, 'ADMIN', 'cmofh1jig0004106yjgbfqrdx', NULL, NULL, NULL, '2026-06-10T11:03:44.263Z') ON CONFLICT DO NOTHING;
INSERT INTO public."ActivityLog" ("id", "entityType", "entityId", "action", "previousValueJson", "newValueJson", "actorType", "actorId", "requestId", "ipAddress", "userAgent", "createdAt") VALUES ('cmq7ynki9001i47jj1dda6m2g', 'InvoiceLineItem', 'cmq7ynkfx001g47jj1wdbws40', 'invoice.line.added', NULL, '{"taxRate":0,"lineType":"PART","quantity":1,"unitPrice":248,"description":"REAR  MOUNTING  BRACKET","discountPercent":5}', 'ADMIN', 'cmofh1jig0004106yjgbfqrdx', NULL, NULL, NULL, '2026-06-10T11:03:40.689Z') ON CONFLICT DO NOTHING;
INSERT INTO public."ActivityLog" ("id", "entityType", "entityId", "action", "previousValueJson", "newValueJson", "actorType", "actorId", "requestId", "ipAddress", "userAgent", "createdAt") VALUES ('cmq7ymwr6001e47jj9fgw3atu', 'InvoiceLineItem', 'cmq7ylbml000s47jj0l4051bs', 'invoice.line.removed', NULL, NULL, 'ADMIN', 'cmofh1jig0004106yjgbfqrdx', NULL, NULL, NULL, '2026-06-10T11:03:09.906Z') ON CONFLICT DO NOTHING;
INSERT INTO public."ActivityLog" ("id", "entityType", "entityId", "action", "previousValueJson", "newValueJson", "actorType", "actorId", "requestId", "ipAddress", "userAgent", "createdAt") VALUES ('cmq7ymfxi001a47jjsj6kkmg9', 'InvoiceLineItem', 'cmq7ymfum001647jjdj70986i', 'invoice.line.added', NULL, '{"taxRate":0,"lineType":"PART","quantity":1,"unitPrice":1130,"description":"COMMON KEY SET","discountPercent":5}', 'ADMIN', 'cmofh1jig0004106yjgbfqrdx', NULL, NULL, NULL, '2026-06-10T11:02:48.103Z') ON CONFLICT DO NOTHING;
INSERT INTO public."ActivityLog" ("id", "entityType", "entityId", "action", "previousValueJson", "newValueJson", "actorType", "actorId", "requestId", "ipAddress", "userAgent", "createdAt") VALUES ('cmq7ym0gm001247jjd1scwqd3', 'InvoiceLineItem', 'cmq7ym0e8000y47jjp85xy3si', 'invoice.line.added', NULL, '{"taxRate":0,"lineType":"CUSTOM_CHARGE","quantity":1,"unitPrice":2255,"description":"AMARON BATTERY","discountPercent":0}', 'ADMIN', 'cmofh1jig0004106yjgbfqrdx', NULL, NULL, NULL, '2026-06-10T11:02:28.054Z') ON CONFLICT DO NOTHING;
INSERT INTO public."ActivityLog" ("id", "entityType", "entityId", "action", "previousValueJson", "newValueJson", "actorType", "actorId", "requestId", "ipAddress", "userAgent", "createdAt") VALUES ('cmq7ylbpj000w47jj00s0231l', 'InvoiceLineItem', 'cmq7ylbml000s47jj0l4051bs', 'invoice.line.added', NULL, '{"taxRate":0,"lineType":"PART","quantity":1,"unitPrice":248,"description":"REAR  MOUNTING  BRACKET","discountPercent":0}', 'ADMIN', 'cmofh1jig0004106yjgbfqrdx', NULL, NULL, NULL, '2026-06-10T11:01:55.975Z') ON CONFLICT DO NOTHING;
INSERT INTO public."ActivityLog" ("id", "entityType", "entityId", "action", "previousValueJson", "newValueJson", "actorType", "actorId", "requestId", "ipAddress", "userAgent", "createdAt") VALUES ('cmq7ykxp6000ni9yz2v2od535', 'InvoiceLineItem', 'cmq7ykxlj000ji9yzsujjqiho', 'invoice.line.added', NULL, '{"taxRate":0,"lineType":"PART","quantity":1,"unitPrice":5100,"description":"SILENCER  KIT","discountPercent":5}', 'ADMIN', 'cmofh1jig0004106yjgbfqrdx', NULL, NULL, NULL, '2026-06-10T11:01:37.818Z') ON CONFLICT DO NOTHING;
INSERT INTO public."ActivityLog" ("id", "entityType", "entityId", "action", "previousValueJson", "newValueJson", "actorType", "actorId", "requestId", "ipAddress", "userAgent", "createdAt") VALUES ('cmq7yke1o000o47jjzmmws0mb', 'InvoiceLineItem', 'cmq7ykdys000k47jjqbv0jrp5', 'invoice.line.added', NULL, '{"taxRate":0,"lineType":"PART","quantity":1,"unitPrice":1050,"description":"LIQUID ENGINE OIL 10W50","discountPercent":5}', 'ADMIN', 'cmofh1jig0004106yjgbfqrdx', NULL, NULL, NULL, '2026-06-10T11:01:12.348Z') ON CONFLICT DO NOTHING;
INSERT INTO public."ActivityLog" ("id", "entityType", "entityId", "action", "previousValueJson", "newValueJson", "actorType", "actorId", "requestId", "ipAddress", "userAgent", "createdAt") VALUES ('cmq7yjjoe000fi9yzcgexs427', 'InvoiceLineItem', 'cmq7yjjkr000bi9yzv353298f', 'invoice.line.added', NULL, '{"taxRate":0,"lineType":"PART","quantity":1,"unitPrice":80,"description":"OIL FILTER WITH O RING KIT","discountPercent":0}', 'ADMIN', 'cmofh1jig0004106yjgbfqrdx', NULL, NULL, NULL, '2026-06-10T11:00:32.991Z') ON CONFLICT DO NOTHING;
INSERT INTO public."ActivityLog" ("id", "entityType", "entityId", "action", "previousValueJson", "newValueJson", "actorType", "actorId", "requestId", "ipAddress", "userAgent", "createdAt") VALUES ('cmq7yj9yk0007i9yzd997et4z', 'InvoiceLineItem', 'cmq7yj9uw0003i9yzoghql7xa', 'invoice.line.added', NULL, '{"taxRate":0,"lineType":"PART","quantity":1,"unitPrice":220,"description":"AIR FILTER ELEMENT","discountPercent":5}', 'ADMIN', 'cmofh1jig0004106yjgbfqrdx', NULL, NULL, NULL, '2026-06-10T11:00:20.396Z') ON CONFLICT DO NOTHING;
INSERT INTO public."ActivityLog" ("id", "entityType", "entityId", "action", "previousValueJson", "newValueJson", "actorType", "actorId", "requestId", "ipAddress", "userAgent", "createdAt") VALUES ('cmq7yhug7000g47jjijexyiuf', 'WorkerAssignment', 'cmq7yhuez000e47jjtiem1cad', 'job-card.worker.assigned', NULL, '{"workerId":"cmpuq9pxm000n76a35d892mso","jobCardId":"cmq4p4n9w000wm9shudgq0vzf","assignmentRole":"CHIEF  TECHNICIAN"}', 'ADMIN', 'cmofh1jig0004106yjgbfqrdx', NULL, NULL, NULL, '2026-06-10T10:59:13.639Z') ON CONFLICT DO NOTHING;
INSERT INTO public."ActivityLog" ("id", "entityType", "entityId", "action", "previousValueJson", "newValueJson", "actorType", "actorId", "requestId", "ipAddress", "userAgent", "createdAt") VALUES ('cmq7y2we5000c47jj8is21isr', 'Payment', 'cmq7y2wd0000a47jjp33yia2d', 'payment.recorded', NULL, '{"amount":1094,"paymentDate":"2026-06-10T00:00:00+05:30","paymentMode":"UPI"}', 'ADMIN', 'cmofh1jig0004106yjgbfqrdx', NULL, NULL, NULL, '2026-06-10T10:47:36.318Z') ON CONFLICT DO NOTHING;
INSERT INTO public."ActivityLog" ("id", "entityType", "entityId", "action", "previousValueJson", "newValueJson", "actorType", "actorId", "requestId", "ipAddress", "userAgent", "createdAt") VALUES ('cmq7y2rph000747jjv46fmn5f', 'Invoice', 'cmq7in3kx0009psqu77bls49k', 'invoice.finalized', NULL, NULL, 'ADMIN', 'cmofh1jig0004106yjgbfqrdx', NULL, NULL, NULL, '2026-06-10T10:47:30.245Z') ON CONFLICT DO NOTHING;
INSERT INTO public."ActivityLog" ("id", "entityType", "entityId", "action", "previousValueJson", "newValueJson", "actorType", "actorId", "requestId", "ipAddress", "userAgent", "createdAt") VALUES ('cmq7y2cq8000547jj7qemtfpr', 'InvoiceLineItem', 'cmq7y2co2000147jjjzg91867', 'invoice.line.added', NULL, '{"taxRate":0,"lineType":"SERVICE_CHARGE","quantity":1,"unitPrice":49,"description":"FOAM WASH","discountPercent":0}', 'ADMIN', 'cmofh1jig0004106yjgbfqrdx', NULL, NULL, NULL, '2026-06-10T10:47:10.833Z') ON CONFLICT DO NOTHING;


-- ================= Phase B: post-reset writes from local pg_dump =================

-- Phase B · AmcPlan from local dump (1 rows)
INSERT INTO public."AmcPlan" ("id", "planName", "description", "vehicleType", "ccRange", "durationMonths", "totalServicesIncluded", "price", "coveredItems", "exclusions", "isActive", "createdAt", "updatedAt") VALUES ('cmq95rpld000023mdg7rzokgj', 'GOLD', '', 'BIKE', '350cc+', '12', '3', '1485.00', NULL, '', 't', '2026-06-11 07:10:37.385', '2026-06-11 08:34:23.216') ON CONFLICT DO NOTHING;

-- Phase B · Worker from local dump (10 rows)
INSERT INTO public."Worker" ("id", "workerCode", "fullName", "phoneNumber", "email", "designation", "specialization", "employmentType", "joiningDate", "dailyCapacity", "shiftStart", "shiftEnd", "status", "emergencyContactName", "emergencyContactPhone", "address", "notes", "monthlySalary", "createdAt", "updatedAt") VALUES ('cmq8eit080031tk9wn63ntqvk', 'WRK-001', 'Raju Mistri', '9832011111', NULL, 'Senior Mechanic', 'Engine', NULL, NULL, '5', '09:00', '18:00', 'ACTIVE', NULL, NULL, NULL, NULL, NULL, '2026-06-10 18:27:52.28', '2026-06-10 18:27:52.28') ON CONFLICT DO NOTHING;
INSERT INTO public."Worker" ("id", "workerCode", "fullName", "phoneNumber", "email", "designation", "specialization", "employmentType", "joiningDate", "dailyCapacity", "shiftStart", "shiftEnd", "status", "emergencyContactName", "emergencyContactPhone", "address", "notes", "monthlySalary", "createdAt", "updatedAt") VALUES ('cmq8eiu4g0032tk9w44nuo2mf', 'WRK-002', 'Bablu Das', '9832022222', NULL, 'Mechanic', 'Electrical', NULL, NULL, '5', '09:00', '18:00', 'ACTIVE', NULL, NULL, NULL, NULL, NULL, '2026-06-10 18:27:53.728', '2026-06-10 18:27:53.728') ON CONFLICT DO NOTHING;
INSERT INTO public."Worker" ("id", "workerCode", "fullName", "phoneNumber", "email", "designation", "specialization", "employmentType", "joiningDate", "dailyCapacity", "shiftStart", "shiftEnd", "status", "emergencyContactName", "emergencyContactPhone", "address", "notes", "monthlySalary", "createdAt", "updatedAt") VALUES ('cmq8eiv8m0033tk9wm7l9qe3g', 'WRK-003', 'Tapan Karmakar', '9832033333', NULL, 'Mechanic', 'Brake & Clutch', NULL, NULL, '5', '09:00', '18:00', 'ACTIVE', NULL, NULL, NULL, NULL, NULL, '2026-06-10 18:27:55.174', '2026-06-10 18:27:55.174') ON CONFLICT DO NOTHING;
INSERT INTO public."Worker" ("id", "workerCode", "fullName", "phoneNumber", "email", "designation", "specialization", "employmentType", "joiningDate", "dailyCapacity", "shiftStart", "shiftEnd", "status", "emergencyContactName", "emergencyContactPhone", "address", "notes", "monthlySalary", "createdAt", "updatedAt") VALUES ('cmq8eiwd20034tk9wnrnt27ko', 'WRK-004', 'Sanjay Mitra', '9832044444', NULL, 'Junior Mechanic', 'General Service', NULL, NULL, '5', '10:00', '19:00', 'ACTIVE', NULL, NULL, NULL, NULL, NULL, '2026-06-10 18:27:56.63', '2026-06-10 18:27:56.63') ON CONFLICT DO NOTHING;
INSERT INTO public."Worker" ("id", "workerCode", "fullName", "phoneNumber", "email", "designation", "specialization", "employmentType", "joiningDate", "dailyCapacity", "shiftStart", "shiftEnd", "status", "emergencyContactName", "emergencyContactPhone", "address", "notes", "monthlySalary", "createdAt", "updatedAt") VALUES ('cmq8eixh80035tk9wbifkfvns', 'WRK-005', 'Pintu Shaw', '9832055555', NULL, 'Helper', 'Body & Paint', NULL, NULL, '5', '09:00', '18:00', 'ACTIVE', NULL, NULL, NULL, NULL, NULL, '2026-06-10 18:27:58.076', '2026-06-10 18:27:58.076') ON CONFLICT DO NOTHING;
INSERT INTO public."Worker" ("id", "workerCode", "fullName", "phoneNumber", "email", "designation", "specialization", "employmentType", "joiningDate", "dailyCapacity", "shiftStart", "shiftEnd", "status", "emergencyContactName", "emergencyContactPhone", "address", "notes", "monthlySalary", "createdAt", "updatedAt") VALUES ('cmq8eiypm0036tk9wae66zuzf', 'WRK-006', 'Manoj Thakur', '9832066666', NULL, 'Senior Mechanic', 'Chain & Sprocket', NULL, NULL, '5', '09:00', '18:00', 'ACTIVE', NULL, NULL, NULL, NULL, NULL, '2026-06-10 18:27:59.531', '2026-06-10 18:27:59.531') ON CONFLICT DO NOTHING;
INSERT INTO public."Worker" ("id", "workerCode", "fullName", "phoneNumber", "email", "designation", "specialization", "employmentType", "joiningDate", "dailyCapacity", "shiftStart", "shiftEnd", "status", "emergencyContactName", "emergencyContactPhone", "address", "notes", "monthlySalary", "createdAt", "updatedAt") VALUES ('cmq8eizty0037tk9wb8yvv24c', 'WRK-007', 'Bikash Dey', '9832077777', NULL, 'Mechanic', 'Tyre & Wheel', NULL, NULL, '5', '10:00', '19:00', 'ACTIVE', NULL, NULL, NULL, NULL, NULL, '2026-06-10 18:28:01.127', '2026-06-10 18:28:01.127') ON CONFLICT DO NOTHING;
INSERT INTO public."Worker" ("id", "workerCode", "fullName", "phoneNumber", "email", "designation", "specialization", "employmentType", "joiningDate", "dailyCapacity", "shiftStart", "shiftEnd", "status", "emergencyContactName", "emergencyContactPhone", "address", "notes", "monthlySalary", "createdAt", "updatedAt") VALUES ('cmq8ej0y00038tk9wbtd9k3b4', 'WRK-008', 'Gopal Mandal', '9832088888', NULL, 'Mechanic', 'Engine', NULL, NULL, '5', '09:00', '18:00', 'ACTIVE', NULL, NULL, NULL, NULL, NULL, '2026-06-10 18:28:02.568', '2026-06-10 18:28:02.568') ON CONFLICT DO NOTHING;
INSERT INTO public."Worker" ("id", "workerCode", "fullName", "phoneNumber", "email", "designation", "specialization", "employmentType", "joiningDate", "dailyCapacity", "shiftStart", "shiftEnd", "status", "emergencyContactName", "emergencyContactPhone", "address", "notes", "monthlySalary", "createdAt", "updatedAt") VALUES ('cmq8ej2280039tk9wdx8ks2c1', 'WRK-009', 'Arun Pramanik', '9832099999', NULL, 'Junior Mechanic', 'Diagnostics', NULL, NULL, '5', '09:00', '18:00', 'ACTIVE', NULL, NULL, NULL, NULL, NULL, '2026-06-10 18:28:04.016', '2026-06-10 18:28:04.016') ON CONFLICT DO NOTHING;
INSERT INTO public."Worker" ("id", "workerCode", "fullName", "phoneNumber", "email", "designation", "specialization", "employmentType", "joiningDate", "dailyCapacity", "shiftStart", "shiftEnd", "status", "emergencyContactName", "emergencyContactPhone", "address", "notes", "monthlySalary", "createdAt", "updatedAt") VALUES ('cmq8ej36f003atk9wucd5ypah', 'WRK-010', 'Dilip Naskar', '9832000000', NULL, 'Helper', 'General Service', NULL, NULL, '5', '10:00', '19:00', 'ACTIVE', NULL, NULL, NULL, NULL, NULL, '2026-06-10 18:28:05.463', '2026-06-10 18:28:05.463') ON CONFLICT DO NOTHING;

-- Phase B · InventoryCategory from local dump (10 rows)
INSERT INTO public."InventoryCategory" ("id", "categoryName", "description") VALUES ('cmq8ej3qj003btk9w23gzbga2', 'Engine Parts', 'Pistons, rings, gaskets') ON CONFLICT DO NOTHING;
INSERT INTO public."InventoryCategory" ("id", "categoryName", "description") VALUES ('cmq8ej4qt003ctk9w5h9t0yhe', 'Brake Parts', 'Pads, shoes, discs, cables') ON CONFLICT DO NOTHING;
INSERT INTO public."InventoryCategory" ("id", "categoryName", "description") VALUES ('cmq8ej5r0003dtk9whbsp6h2n', 'Oils & Lubricants', 'Engine oil, chain lube, grease') ON CONFLICT DO NOTHING;
INSERT INTO public."InventoryCategory" ("id", "categoryName", "description") VALUES ('cmq8ej6r4003etk9w9ne0v7qc', 'Electrical', 'Bulbs, wiring, CDI, regulators') ON CONFLICT DO NOTHING;
INSERT INTO public."InventoryCategory" ("id", "categoryName", "description") VALUES ('cmq8ej7r8003ftk9wprw9yud8', 'Filters', 'Air, oil, fuel filters') ON CONFLICT DO NOTHING;
INSERT INTO public."InventoryCategory" ("id", "categoryName", "description") VALUES ('cmq8ej8rb003gtk9wa7f0p24i', 'Tyres & Tubes', 'Tyres, tubes, rim tapes') ON CONFLICT DO NOTHING;
INSERT INTO public."InventoryCategory" ("id", "categoryName", "description") VALUES ('cmq8ej9rc003htk9wetckn663', 'Bearings', 'Wheel, steering, crank bearings') ON CONFLICT DO NOTHING;
INSERT INTO public."InventoryCategory" ("id", "categoryName", "description") VALUES ('cmq8ejavf003itk9wledv4req', 'Consumables', 'Spark plugs, fuses, clips') ON CONFLICT DO NOTHING;
INSERT INTO public."InventoryCategory" ("id", "categoryName", "description") VALUES ('cmq8ejbvh003jtk9w7qb9sm0w', 'Chain & Sprocket', 'Chains, sprockets, chain sets') ON CONFLICT DO NOTHING;
INSERT INTO public."InventoryCategory" ("id", "categoryName", "description") VALUES ('cmq8ejcvj003ktk9w09dt9laq', 'Body Parts', 'Fairings, mirrors, levers') ON CONFLICT DO NOTHING;

-- Phase B · Supplier from local dump (5 rows)
INSERT INTO public."Supplier" ("id", "supplierName", "phone", "email", "address", "contactPerson", "notes") VALUES ('cmq8ejdvj003ltk9wutv1pn7j', 'Bengal Auto Parts', '9830111111', NULL, 'Burrabazar, Kolkata', 'Ashok Kumar', NULL) ON CONFLICT DO NOTHING;
INSERT INTO public."Supplier" ("id", "supplierName", "phone", "email", "address", "contactPerson", "notes") VALUES ('cmq8ejefl003mtk9widwsf9n5', 'Eastern Lubricants', '9830333333', NULL, 'Mullick Bazaar, Kolkata', 'Sunil Jain', NULL) ON CONFLICT DO NOTHING;
INSERT INTO public."Supplier" ("id", "supplierName", "phone", "email", "address", "contactPerson", "notes") VALUES ('cmq8ejezj003ntk9wdn9jtmn1', 'Howrah Bike Spares', '9830222222', NULL, 'Howrah Station Road', 'Ramesh Agarwal', NULL) ON CONFLICT DO NOTHING;
INSERT INTO public."Supplier" ("id", "supplierName", "phone", "email", "address", "contactPerson", "notes") VALUES ('cmq8ejfjk003otk9wp70gz2na', 'Kolkata Tyre House', '9830444444', NULL, 'Sealdah, Kolkata', 'Manoj Gupta', NULL) ON CONFLICT DO NOTHING;
INSERT INTO public."Supplier" ("id", "supplierName", "phone", "email", "address", "contactPerson", "notes") VALUES ('cmq8ejg3q003ptk9wvtgfel24', 'Royal Parts Distributor', '9830555555', NULL, 'Esplanade, Kolkata', 'Vikram Singh', NULL) ON CONFLICT DO NOTHING;

-- Phase B · InventoryItem from local dump (10 rows)
INSERT INTO public."InventoryItem" ("id", "sku", "itemName", "categoryId", "supplierId", "brand", "description", "compatibleVehicleTypes", "unit", "taxRate", "costPrice", "mrp", "sellingPrice", "discountPercent", "quantityInStock", "reservedQuantity", "reorderLevel", "reorderQuantity", "storageLocation", "barcode", "isActive", "variablePrice", "isBranded", "createdAt", "updatedAt") VALUES ('cmq8ejh7y003rtk9wiwqig5qo', 'ENG-001', 'Engine Oil 10W-30 (1L)', 'cmq8ej5r0003dtk9whbsp6h2n', 'cmq8ejefl003mtk9widwsf9n5', NULL, NULL, NULL, 'litre', '0.00', '280.00', NULL, '350.00', NULL, '50.00', '0.00', '10.00', NULL, NULL, NULL, 't', 'f', 't', '2026-06-10 18:28:23.663', '2026-06-10 18:28:23.663') ON CONFLICT DO NOTHING;
INSERT INTO public."InventoryItem" ("id", "sku", "itemName", "categoryId", "supplierId", "brand", "description", "compatibleVehicleTypes", "unit", "taxRate", "costPrice", "mrp", "sellingPrice", "discountPercent", "quantityInStock", "reservedQuantity", "reorderLevel", "reorderQuantity", "storageLocation", "barcode", "isActive", "variablePrice", "isBranded", "createdAt", "updatedAt") VALUES ('cmq8ejic9003ttk9w7qphf54b', 'ENG-002', 'Piston Ring Set', 'cmq8ej3qj003btk9w23gzbga2', 'cmq8ejdvj003ltk9wutv1pn7j', NULL, NULL, NULL, 'set', '0.00', '450.00', NULL, '650.00', NULL, '20.00', '0.00', '5.00', NULL, NULL, NULL, 't', 'f', 't', '2026-06-10 18:28:25.113', '2026-06-10 18:28:25.113') ON CONFLICT DO NOTHING;
INSERT INTO public."InventoryItem" ("id", "sku", "itemName", "categoryId", "supplierId", "brand", "description", "compatibleVehicleTypes", "unit", "taxRate", "costPrice", "mrp", "sellingPrice", "discountPercent", "quantityInStock", "reservedQuantity", "reorderLevel", "reorderQuantity", "storageLocation", "barcode", "isActive", "variablePrice", "isBranded", "createdAt", "updatedAt") VALUES ('cmq8ejjgc003vtk9wbgrnnl29', 'BRK-001', 'Front Brake Pad Set', 'cmq8ej4qt003ctk9w5h9t0yhe', 'cmq8ejdvj003ltk9wutv1pn7j', NULL, NULL, NULL, 'set', '0.00', '180.00', NULL, '280.00', NULL, '30.00', '0.00', '8.00', NULL, NULL, NULL, 't', 'f', 't', '2026-06-10 18:28:26.556', '2026-06-10 18:28:26.556') ON CONFLICT DO NOTHING;
INSERT INTO public."InventoryItem" ("id", "sku", "itemName", "categoryId", "supplierId", "brand", "description", "compatibleVehicleTypes", "unit", "taxRate", "costPrice", "mrp", "sellingPrice", "discountPercent", "quantityInStock", "reservedQuantity", "reorderLevel", "reorderQuantity", "storageLocation", "barcode", "isActive", "variablePrice", "isBranded", "createdAt", "updatedAt") VALUES ('cmq8ejkkh003xtk9w5u32e7vk', 'BRK-002', 'Clutch Cable', 'cmq8ej4qt003ctk9w5h9t0yhe', 'cmq8ejezj003ntk9wdn9jtmn1', NULL, NULL, NULL, 'pcs', '0.00', '120.00', NULL, '200.00', NULL, '25.00', '0.00', '5.00', NULL, NULL, NULL, 't', 'f', 't', '2026-06-10 18:28:28.002', '2026-06-10 18:28:28.002') ON CONFLICT DO NOTHING;
INSERT INTO public."InventoryItem" ("id", "sku", "itemName", "categoryId", "supplierId", "brand", "description", "compatibleVehicleTypes", "unit", "taxRate", "costPrice", "mrp", "sellingPrice", "discountPercent", "quantityInStock", "reservedQuantity", "reorderLevel", "reorderQuantity", "storageLocation", "barcode", "isActive", "variablePrice", "isBranded", "createdAt", "updatedAt") VALUES ('cmq8ejlol003ztk9we0kr5zbt', 'ELC-001', 'Headlight Bulb H4', 'cmq8ej6r4003etk9w9ne0v7qc', 'cmq8ejezj003ntk9wdn9jtmn1', NULL, NULL, NULL, 'pcs', '0.00', '80.00', NULL, '150.00', NULL, '40.00', '0.00', '10.00', NULL, NULL, NULL, 't', 'f', 't', '2026-06-10 18:28:29.446', '2026-06-10 18:28:29.446') ON CONFLICT DO NOTHING;
INSERT INTO public."InventoryItem" ("id", "sku", "itemName", "categoryId", "supplierId", "brand", "description", "compatibleVehicleTypes", "unit", "taxRate", "costPrice", "mrp", "sellingPrice", "discountPercent", "quantityInStock", "reservedQuantity", "reorderLevel", "reorderQuantity", "storageLocation", "barcode", "isActive", "variablePrice", "isBranded", "createdAt", "updatedAt") VALUES ('cmq8ejmwl0041tk9wnjdxfhcu', 'CHN-001', 'Chain Sprocket Kit', 'cmq8ejbvh003jtk9w7qb9sm0w', 'cmq8ejg3q003ptk9wvtgfel24', NULL, NULL, NULL, 'set', '0.00', '800.00', NULL, '1200.00', NULL, '15.00', '0.00', '3.00', NULL, NULL, NULL, 't', 'f', 't', '2026-06-10 18:28:30.886', '2026-06-10 18:28:30.886') ON CONFLICT DO NOTHING;
INSERT INTO public."InventoryItem" ("id", "sku", "itemName", "categoryId", "supplierId", "brand", "description", "compatibleVehicleTypes", "unit", "taxRate", "costPrice", "mrp", "sellingPrice", "discountPercent", "quantityInStock", "reservedQuantity", "reorderLevel", "reorderQuantity", "storageLocation", "barcode", "isActive", "variablePrice", "isBranded", "createdAt", "updatedAt") VALUES ('cmq8ejo0s0043tk9wk2mq1a3s', 'TYR-001', 'Front Tyre 80/100-17', 'cmq8ej8rb003gtk9wa7f0p24i', 'cmq8ejfjk003otk9wp70gz2na', NULL, NULL, NULL, 'pcs', '0.00', '1200.00', NULL, '1600.00', NULL, '10.00', '0.00', '3.00', NULL, NULL, NULL, 't', 'f', 't', '2026-06-10 18:28:32.476', '2026-06-10 18:28:32.476') ON CONFLICT DO NOTHING;
INSERT INTO public."InventoryItem" ("id", "sku", "itemName", "categoryId", "supplierId", "brand", "description", "compatibleVehicleTypes", "unit", "taxRate", "costPrice", "mrp", "sellingPrice", "discountPercent", "quantityInStock", "reservedQuantity", "reorderLevel", "reorderQuantity", "storageLocation", "barcode", "isActive", "variablePrice", "isBranded", "createdAt", "updatedAt") VALUES ('cmq8ejp530045tk9wx5vwym0d', 'FLT-001', 'Air Filter Element', 'cmq8ej7r8003ftk9wprw9yud8', 'cmq8ejdvj003ltk9wutv1pn7j', NULL, NULL, NULL, 'pcs', '0.00', '150.00', NULL, '250.00', NULL, '35.00', '0.00', '8.00', NULL, NULL, NULL, 't', 'f', 't', '2026-06-10 18:28:33.927', '2026-06-10 18:28:33.927') ON CONFLICT DO NOTHING;
INSERT INTO public."InventoryItem" ("id", "sku", "itemName", "categoryId", "supplierId", "brand", "description", "compatibleVehicleTypes", "unit", "taxRate", "costPrice", "mrp", "sellingPrice", "discountPercent", "quantityInStock", "reservedQuantity", "reorderLevel", "reorderQuantity", "storageLocation", "barcode", "isActive", "variablePrice", "isBranded", "createdAt", "updatedAt") VALUES ('cmq8ejq970047tk9wtnja1wrz', 'BRG-001', 'Wheel Bearing 6301', 'cmq8ej9rc003htk9wetckn663', 'cmq8ejezj003ntk9wdn9jtmn1', NULL, NULL, NULL, 'pcs', '0.00', '90.00', NULL, '160.00', NULL, '20.00', '0.00', '5.00', NULL, NULL, NULL, 't', 'f', 't', '2026-06-10 18:28:35.371', '2026-06-10 18:28:35.371') ON CONFLICT DO NOTHING;
INSERT INTO public."InventoryItem" ("id", "sku", "itemName", "categoryId", "supplierId", "brand", "description", "compatibleVehicleTypes", "unit", "taxRate", "costPrice", "mrp", "sellingPrice", "discountPercent", "quantityInStock", "reservedQuantity", "reorderLevel", "reorderQuantity", "storageLocation", "barcode", "isActive", "variablePrice", "isBranded", "createdAt", "updatedAt") VALUES ('cmq8ejrdm0049tk9wb4xiv8hk', 'CON-001', 'Spark Plug (NGK)', 'cmq8ejavf003itk9wledv4req', 'cmq8ejg3q003ptk9wvtgfel24', NULL, NULL, NULL, 'pcs', '0.00', '60.00', NULL, '120.00', NULL, '60.00', '0.00', '15.00', NULL, NULL, NULL, 't', 'f', 't', '2026-06-10 18:28:36.827', '2026-06-10 18:28:36.827') ON CONFLICT DO NOTHING;

-- Phase B · ExpenseCategory from local dump (5 rows)
INSERT INTO public."ExpenseCategory" ("id", "categoryName", "description") VALUES ('cmq8ek0zv004qtk9wqfibd399', 'Electricity', 'Power bills') ON CONFLICT DO NOTHING;
INSERT INTO public."ExpenseCategory" ("id", "categoryName", "description") VALUES ('cmq8ek205004rtk9wt2uohlhj', 'Rent', 'Shop rent') ON CONFLICT DO NOTHING;
INSERT INTO public."ExpenseCategory" ("id", "categoryName", "description") VALUES ('cmq8ek30d004stk9wf25b8usz', 'Salary', 'Worker salaries') ON CONFLICT DO NOTHING;
INSERT INTO public."ExpenseCategory" ("id", "categoryName", "description") VALUES ('cmq8ek40g004ttk9wj1soxhmp', 'Miscellaneous', 'Other expenses') ON CONFLICT DO NOTHING;
INSERT INTO public."ExpenseCategory" ("id", "categoryName", "description") VALUES ('cmq8ek50j004utk9wj3df7vqt', 'Tools & Equipment', 'Workshop tools') ON CONFLICT DO NOTHING;

-- Phase B · ServiceRequest from local dump (10 rows)
INSERT INTO public."ServiceRequest" ("id", "referenceId", "customerId", "vehicleId", "serviceCategory", "issueDescription", "preferredDate", "preferredSlotLabel", "urgency", "pickupDropRequired", "notes", "status", "source", "closedAt", "createdAt", "updatedAt") VALUES ('cmq8ekhbe005qtk9w1o36z5lu', 'SR-2026-0001', 'cmq8eih670027tk9wj6jp8eaq', 'cmq8eimv0002itk9wesbpxfyv', 'Engine Repair', 'Engine making knocking sound at high RPM', NULL, NULL, NULL, 'f', NULL, 'CONVERTED_TO_JOB', 'SEED', NULL, '2026-05-31 18:29:10.441', '2026-06-10 18:29:10.442') ON CONFLICT DO NOTHING;
INSERT INTO public."ServiceRequest" ("id", "referenceId", "customerId", "vehicleId", "serviceCategory", "issueDescription", "preferredDate", "preferredSlotLabel", "urgency", "pickupDropRequired", "notes", "status", "source", "closedAt", "createdAt", "updatedAt") VALUES ('cmq8ekhvm005stk9wnbhazp59', 'SR-2026-0002', 'cmq8eihqb0028tk9w0gpzddyb', 'cmq8einf7002ktk9wwp4zuo1m', 'General Service', 'Regular 5000km service due, oil change needed', NULL, NULL, NULL, 'f', NULL, 'CONVERTED_TO_JOB', 'SEED', NULL, '2026-06-02 18:29:10.441', '2026-06-10 18:29:11.17') ON CONFLICT DO NOTHING;
INSERT INTO public."ServiceRequest" ("id", "referenceId", "customerId", "vehicleId", "serviceCategory", "issueDescription", "preferredDate", "preferredSlotLabel", "urgency", "pickupDropRequired", "notes", "status", "source", "closedAt", "createdAt", "updatedAt") VALUES ('cmq8ekifn005utk9wr34hxr5q', 'SR-2026-0003', 'cmq8eiiah0029tk9wuc979hbk', 'cmq8einzb002mtk9w5hc9iaq4', 'Brake & Clutch', 'Front brake not gripping properly, squeaking noise', NULL, NULL, NULL, 'f', NULL, 'CONVERTED_TO_JOB', 'SEED', NULL, '2026-06-04 18:29:10.441', '2026-06-10 18:29:11.891') ON CONFLICT DO NOTHING;
INSERT INTO public."ServiceRequest" ("id", "referenceId", "customerId", "vehicleId", "serviceCategory", "issueDescription", "preferredDate", "preferredSlotLabel", "urgency", "pickupDropRequired", "notes", "status", "source", "closedAt", "createdAt", "updatedAt") VALUES ('cmq8ekizr005wtk9wizn7g537', 'SR-2026-0004', 'cmq8eiiup002atk9wzpxd6gep', 'cmq8eiojm002otk9wdkyi20mn', 'Electrical & Wiring', 'Headlight flickering, battery draining overnight', NULL, NULL, NULL, 'f', NULL, 'CONVERTED_TO_JOB', 'SEED', NULL, '2026-06-05 18:29:10.441', '2026-06-10 18:29:12.615') ON CONFLICT DO NOTHING;
INSERT INTO public."ServiceRequest" ("id", "referenceId", "customerId", "vehicleId", "serviceCategory", "issueDescription", "preferredDate", "preferredSlotLabel", "urgency", "pickupDropRequired", "notes", "status", "source", "closedAt", "createdAt", "updatedAt") VALUES ('cmq8ekjjv005ytk9wy0yblsr6', 'SR-2026-0005', 'cmq8eijet002btk9wwe3limxe', 'cmq8eip3o002qtk9w7se62f98', 'Chain & Sprocket', 'Chain loose and making noise, sprocket teeth worn', NULL, NULL, NULL, 'f', NULL, 'CONVERTED_TO_JOB', 'SEED', NULL, '2026-06-06 18:29:10.441', '2026-06-10 18:29:13.34') ON CONFLICT DO NOTHING;
INSERT INTO public."ServiceRequest" ("id", "referenceId", "customerId", "vehicleId", "serviceCategory", "issueDescription", "preferredDate", "preferredSlotLabel", "urgency", "pickupDropRequired", "notes", "status", "source", "closedAt", "createdAt", "updatedAt") VALUES ('cmq8ekk3w0060tk9w3otdzaiq', 'SR-2026-0006', 'cmq8eijys002ctk9w3hdj0k4k', 'cmq8eipnp002stk9wic4kau8j', 'General Service', 'Bike vibrating at 60kmph, needs full checkup', NULL, NULL, NULL, 'f', NULL, 'APPOINTMENT_PENDING', 'SEED', NULL, '2026-06-07 18:29:10.441', '2026-06-10 18:29:14.061') ON CONFLICT DO NOTHING;
INSERT INTO public."ServiceRequest" ("id", "referenceId", "customerId", "vehicleId", "serviceCategory", "issueDescription", "preferredDate", "preferredSlotLabel", "urgency", "pickupDropRequired", "notes", "status", "source", "closedAt", "createdAt", "updatedAt") VALUES ('cmq8ekko00062tk9wdi9x42lx', 'SR-2026-0007', 'cmq8eikis002dtk9wda0pb6x4', 'cmq8eiq7r002utk9wm2cwfbr1', 'Tyre & Wheel Alignment', 'Front tyre worn out, needs replacement', NULL, NULL, NULL, 'f', NULL, 'APPOINTMENT_CONFIRMED', 'SEED', NULL, '2026-06-08 18:29:10.441', '2026-06-10 18:29:14.785') ON CONFLICT DO NOTHING;
INSERT INTO public."ServiceRequest" ("id", "referenceId", "customerId", "vehicleId", "serviceCategory", "issueDescription", "preferredDate", "preferredSlotLabel", "urgency", "pickupDropRequired", "notes", "status", "source", "closedAt", "createdAt", "updatedAt") VALUES ('cmq8ekl8c0064tk9wj0vp58j4', 'SR-2026-0008', 'cmq8eil2t002etk9w41q12clc', 'cmq8eiqrt002wtk9wwl4dbafq', 'Engine Repair', 'Clutch slipping on inclines, hard to shift gears', NULL, NULL, NULL, 'f', NULL, 'SUBMITTED', 'SEED', NULL, '2026-06-09 18:29:10.441', '2026-06-10 18:29:15.516') ON CONFLICT DO NOTHING;
INSERT INTO public."ServiceRequest" ("id", "referenceId", "customerId", "vehicleId", "serviceCategory", "issueDescription", "preferredDate", "preferredSlotLabel", "urgency", "pickupDropRequired", "notes", "status", "source", "closedAt", "createdAt", "updatedAt") VALUES ('cmq8eklsf0066tk9wjttk1d4u', 'SR-2026-0009', 'cmq8eilmx002ftk9w7fuqiqc1', 'cmq8eirbx002ytk9w6dd0nzt8', 'Body & Paint', 'Scratches on tank and side panel from minor fall', NULL, NULL, NULL, 'f', NULL, 'SUBMITTED', 'SEED', NULL, '2026-06-10 18:29:10.441', '2026-06-10 18:29:16.24') ON CONFLICT DO NOTHING;
INSERT INTO public."ServiceRequest" ("id", "referenceId", "customerId", "vehicleId", "serviceCategory", "issueDescription", "preferredDate", "preferredSlotLabel", "urgency", "pickupDropRequired", "notes", "status", "source", "closedAt", "createdAt", "updatedAt") VALUES ('cmq8ekmgg0068tk9wtru3a9s9', 'SR-2026-0010', 'cmq8eim6z002gtk9wm1yn00a2', 'cmq8eirvx0030tk9wvczo33g6', 'Diagnostics', 'Check engine light on, bike stalling randomly', NULL, NULL, NULL, 'f', NULL, 'UNDER_REVIEW', 'SEED', NULL, '2026-06-10 18:29:10.441', '2026-06-10 18:29:16.961') ON CONFLICT DO NOTHING;

-- Phase B · Customer from local dump (25 rows)
INSERT INTO public."Customer" ("id", "fullName", "phoneNumber", "alternatePhone", "email", "addressLine1", "addressLine2", "city", "state", "postalCode", "notes", "source", "archivedAt", "createdAt", "updatedAt") VALUES ('cmq8eih670027tk9wj6jp8eaq', 'Rahim Sheikh', '9831012345', NULL, 'rahim@gmail.com', '12 Park Street', NULL, 'Kolkata', 'West Bengal', '700001', NULL, 'SEED', NULL, '2026-06-10 18:27:36.943', '2026-06-10 18:27:36.943') ON CONFLICT DO NOTHING;
INSERT INTO public."Customer" ("id", "fullName", "phoneNumber", "alternatePhone", "email", "addressLine1", "addressLine2", "city", "state", "postalCode", "notes", "source", "archivedAt", "createdAt", "updatedAt") VALUES ('cmq8eihqb0028tk9w0gpzddyb', 'Ananya Banerjee', '9831023456', NULL, 'ananya.b@gmail.com', '45 GT Road', NULL, 'Howrah', 'West Bengal', '711101', NULL, 'SEED', NULL, '2026-06-10 18:27:37.667', '2026-06-10 18:27:37.667') ON CONFLICT DO NOTHING;
INSERT INTO public."Customer" ("id", "fullName", "phoneNumber", "alternatePhone", "email", "addressLine1", "addressLine2", "city", "state", "postalCode", "notes", "source", "archivedAt", "createdAt", "updatedAt") VALUES ('cmq8eiiah0029tk9wuc979hbk', 'Subhash Mondal', '9831034567', NULL, NULL, '78 Jessore Road', NULL, 'Barasat', 'West Bengal', '700124', NULL, 'SEED', NULL, '2026-06-10 18:27:38.393', '2026-06-10 18:27:38.393') ON CONFLICT DO NOTHING;
INSERT INTO public."Customer" ("id", "fullName", "phoneNumber", "alternatePhone", "email", "addressLine1", "addressLine2", "city", "state", "postalCode", "notes", "source", "archivedAt", "createdAt", "updatedAt") VALUES ('cmq8eiiup002atk9wzpxd6gep', 'Dipika Das', '9831045678', NULL, 'dipika.das@yahoo.com', 'AE Block, Sector 1', NULL, 'Salt Lake', 'West Bengal', '700091', NULL, 'SEED', NULL, '2026-06-10 18:27:39.122', '2026-06-10 18:27:39.122') ON CONFLICT DO NOTHING;
INSERT INTO public."Customer" ("id", "fullName", "phoneNumber", "alternatePhone", "email", "addressLine1", "addressLine2", "city", "state", "postalCode", "notes", "source", "archivedAt", "createdAt", "updatedAt") VALUES ('cmq8eijet002btk9wwe3limxe', 'Rajesh Ghosh', '9831056789', NULL, NULL, '23 Nagerbazar', NULL, 'Dum Dum', 'West Bengal', '700028', NULL, 'SEED', NULL, '2026-06-10 18:27:39.845', '2026-06-10 18:27:39.845') ON CONFLICT DO NOTHING;
INSERT INTO public."Customer" ("id", "fullName", "phoneNumber", "alternatePhone", "email", "addressLine1", "addressLine2", "city", "state", "postalCode", "notes", "source", "archivedAt", "createdAt", "updatedAt") VALUES ('cmq8eijys002ctk9w3hdj0k4k', 'Moumita Roy', '9831067890', NULL, 'moumita.r@gmail.com', '56 Raja SC Mullick Road', NULL, 'Jadavpur', 'West Bengal', '700032', NULL, 'SEED', NULL, '2026-06-10 18:27:40.565', '2026-06-10 18:27:40.565') ON CONFLICT DO NOTHING;
INSERT INTO public."Customer" ("id", "fullName", "phoneNumber", "alternatePhone", "email", "addressLine1", "addressLine2", "city", "state", "postalCode", "notes", "source", "archivedAt", "createdAt", "updatedAt") VALUES ('cmq8eikis002dtk9wda0pb6x4', 'Kamal Sarkar', '9831078901', NULL, NULL, '89 Diamond Harbour Road', NULL, 'Behala', 'West Bengal', '700034', NULL, 'SEED', NULL, '2026-06-10 18:27:41.284', '2026-06-10 18:27:41.284') ON CONFLICT DO NOTHING;
INSERT INTO public."Customer" ("id", "fullName", "phoneNumber", "alternatePhone", "email", "addressLine1", "addressLine2", "city", "state", "postalCode", "notes", "source", "archivedAt", "createdAt", "updatedAt") VALUES ('cmq8eil2t002etk9w41q12clc', 'Taniya Biswas', '9831089012', NULL, 'taniya.b@outlook.com', 'Action Area 1', NULL, 'New Town', 'West Bengal', '700156', NULL, 'SEED', NULL, '2026-06-10 18:27:42.005', '2026-06-10 18:27:42.005') ON CONFLICT DO NOTHING;
INSERT INTO public."Customer" ("id", "fullName", "phoneNumber", "alternatePhone", "email", "addressLine1", "addressLine2", "city", "state", "postalCode", "notes", "source", "archivedAt", "createdAt", "updatedAt") VALUES ('cmq8eilmx002ftk9w7fuqiqc1', 'Amit Halder', '9831090123', NULL, NULL, '34 SN Banerjee Road', NULL, 'Barrackpore', 'West Bengal', '700120', NULL, 'SEED', NULL, '2026-06-10 18:27:42.729', '2026-06-10 18:27:42.729') ON CONFLICT DO NOTHING;
INSERT INTO public."Customer" ("id", "fullName", "phoneNumber", "alternatePhone", "email", "addressLine1", "addressLine2", "city", "state", "postalCode", "notes", "source", "archivedAt", "createdAt", "updatedAt") VALUES ('cmq8eim6z002gtk9wm1yn00a2', 'Suchitra Pal', '9831001234', NULL, 'suchitra.p@gmail.com', '67 Narendrapur Road', NULL, 'Garia', 'West Bengal', '700084', NULL, 'SEED', NULL, '2026-06-10 18:27:43.451', '2026-06-10 18:27:43.451') ON CONFLICT DO NOTHING;
INSERT INTO public."Customer" ("id", "fullName", "phoneNumber", "alternatePhone", "email", "addressLine1", "addressLine2", "city", "state", "postalCode", "notes", "source", "archivedAt", "createdAt", "updatedAt") VALUES ('cmq8yz8tu0002ei5io346nbz6', 'shanti ranjan kar', '9832758529', NULL, 'gearup.sgnk.ai@gmail.com', NULL, NULL, NULL, NULL, NULL, NULL, 'JOB_CARD_FORM', NULL, '2026-06-11 04:00:31.583', '2026-06-11 04:00:31.583') ON CONFLICT DO NOTHING;
INSERT INTO public."Customer" ("id", "fullName", "phoneNumber", "alternatePhone", "email", "addressLine1", "addressLine2", "city", "state", "postalCode", "notes", "source", "archivedAt", "createdAt", "updatedAt") VALUES ('cmq8zgfk10000c0uptfnpc77f', 'Tapas Tantubai', '9851841943', NULL, 'gearup.sgnk.ai@gmail.com', NULL, NULL, NULL, NULL, NULL, NULL, 'JOB_CARD_FORM', NULL, '2026-06-11 04:13:53.473', '2026-06-11 04:13:53.473') ON CONFLICT DO NOTHING;
INSERT INTO public."Customer" ("id", "fullName", "phoneNumber", "alternatePhone", "email", "addressLine1", "addressLine2", "city", "state", "postalCode", "notes", "source", "archivedAt", "createdAt", "updatedAt") VALUES ('cmq8zpxoa00004pnfqeua0fxf', 'Sudip Karmakar ', '8016197754', NULL, 'gearup.sgnk.ai@gmail.com', NULL, NULL, NULL, NULL, NULL, NULL, 'JOB_CARD_FORM', NULL, '2026-06-11 04:21:16.858', '2026-06-11 04:21:16.858') ON CONFLICT DO NOTHING;
INSERT INTO public."Customer" ("id", "fullName", "phoneNumber", "alternatePhone", "email", "addressLine1", "addressLine2", "city", "state", "postalCode", "notes", "source", "archivedAt", "createdAt", "updatedAt") VALUES ('cmq906y050000v0ipb3zif22u', 'Subrata Mandal', '9800574142', NULL, 'gearup.sgnk.ai@gmail.com', NULL, NULL, NULL, NULL, NULL, NULL, 'JOB_CARD_FORM', NULL, '2026-06-11 04:34:30.429', '2026-06-11 04:34:30.429') ON CONFLICT DO NOTHING;
INSERT INTO public."Customer" ("id", "fullName", "phoneNumber", "alternatePhone", "email", "addressLine1", "addressLine2", "city", "state", "postalCode", "notes", "source", "archivedAt", "createdAt", "updatedAt") VALUES ('cmq90aqgy000cv0ipx2o9ehnl', 'Biplab Pati', '9647918638', NULL, NULL, NULL, NULL, NULL, NULL, NULL, NULL, 'JOB_CARD_FORM', NULL, '2026-06-11 04:37:27.298', '2026-06-11 04:37:27.298') ON CONFLICT DO NOTHING;
INSERT INTO public."Customer" ("id", "fullName", "phoneNumber", "alternatePhone", "email", "addressLine1", "addressLine2", "city", "state", "postalCode", "notes", "source", "archivedAt", "createdAt", "updatedAt") VALUES ('cmq90qcbi0000w352n3yauaux', 'Binit Das', '9679828343', NULL, 'gearup.sgnk.ai@gmail.com', NULL, NULL, NULL, NULL, NULL, NULL, 'JOB_CARD_FORM', NULL, '2026-06-11 04:49:35.455', '2026-06-11 04:49:35.455') ON CONFLICT DO NOTHING;
INSERT INTO public."Customer" ("id", "fullName", "phoneNumber", "alternatePhone", "email", "addressLine1", "addressLine2", "city", "state", "postalCode", "notes", "source", "archivedAt", "createdAt", "updatedAt") VALUES ('cmq9164ef000gw352im1qlnev', 'Sukhen ', '8695291893', NULL, 'gearup.sgnk.ai@gmail.com', NULL, NULL, NULL, NULL, NULL, NULL, 'JOB_CARD_FORM', NULL, '2026-06-11 05:01:51.682', '2026-06-11 05:01:51.682') ON CONFLICT DO NOTHING;
INSERT INTO public."Customer" ("id", "fullName", "phoneNumber", "alternatePhone", "email", "addressLine1", "addressLine2", "city", "state", "postalCode", "notes", "source", "archivedAt", "createdAt", "updatedAt") VALUES ('cmq92syu40000q3jpsrf3z87h', 'Sumanta Mukherjee ', '9064458228', NULL, NULL, NULL, NULL, NULL, NULL, NULL, NULL, 'JOB_CARD_FORM', NULL, '2026-06-11 05:47:37.177', '2026-06-11 05:47:37.177') ON CONFLICT DO NOTHING;
INSERT INTO public."Customer" ("id", "fullName", "phoneNumber", "alternatePhone", "email", "addressLine1", "addressLine2", "city", "state", "postalCode", "notes", "source", "archivedAt", "createdAt", "updatedAt") VALUES ('cmq9321y4000cq3jpjjbuad34', 'Debabrata Patra', '7407944841', NULL, NULL, NULL, NULL, NULL, NULL, NULL, NULL, 'JOB_CARD_FORM', NULL, '2026-06-11 05:54:41.112', '2026-06-11 05:54:41.112') ON CONFLICT DO NOTHING;
INSERT INTO public."Customer" ("id", "fullName", "phoneNumber", "alternatePhone", "email", "addressLine1", "addressLine2", "city", "state", "postalCode", "notes", "source", "archivedAt", "createdAt", "updatedAt") VALUES ('cmq93vtem000epdphfnndmaf5', 'ABIR DASMODAK ', '9832201386', NULL, 'gearup.sgnk.ai@gmail.com', NULL, NULL, NULL, NULL, NULL, NULL, 'JOB_CARD_FORM', NULL, '2026-06-11 06:17:49.722', '2026-06-11 06:17:49.722') ON CONFLICT DO NOTHING;
INSERT INTO public."Customer" ("id", "fullName", "phoneNumber", "alternatePhone", "email", "addressLine1", "addressLine2", "city", "state", "postalCode", "notes", "source", "archivedAt", "createdAt", "updatedAt") VALUES ('cmq93zrzr000qpdph0uog4py3', 'GOURAV BHATTACHARYAA', '7550883795', NULL, 'gearup.sgnk.ai@gmail.com', NULL, NULL, NULL, NULL, NULL, NULL, 'JOB_CARD_FORM', NULL, '2026-06-11 06:20:54.515', '2026-06-11 06:20:54.515') ON CONFLICT DO NOTHING;
INSERT INTO public."Customer" ("id", "fullName", "phoneNumber", "alternatePhone", "email", "addressLine1", "addressLine2", "city", "state", "postalCode", "notes", "source", "archivedAt", "createdAt", "updatedAt") VALUES ('cmq94p3920000qplb19fz53pl', 'SANAT BOSE', '8670518015', NULL, NULL, NULL, NULL, NULL, NULL, NULL, NULL, 'JOB_CARD_FORM', NULL, '2026-06-11 06:40:35.506', '2026-06-11 06:40:35.506') ON CONFLICT DO NOTHING;
INSERT INTO public."Customer" ("id", "fullName", "phoneNumber", "alternatePhone", "email", "addressLine1", "addressLine2", "city", "state", "postalCode", "notes", "source", "archivedAt", "createdAt", "updatedAt") VALUES ('cmq95ac2j000d8xw0nzx65tyh', 'PRADIP KUMAR MODAK', '9933593493', NULL, 'gearup.sgnk.ai@gmail.com', NULL, NULL, NULL, NULL, NULL, NULL, 'JOB_CARD_FORM', NULL, '2026-06-11 06:57:06.711', '2026-06-11 06:57:06.711') ON CONFLICT DO NOTHING;
INSERT INTO public."Customer" ("id", "fullName", "phoneNumber", "alternatePhone", "email", "addressLine1", "addressLine2", "city", "state", "postalCode", "notes", "source", "archivedAt", "createdAt", "updatedAt") VALUES ('cmq9hzb2r0013bump1e0sj5tj', 'TAMA ROY', '8538015165', NULL, 'gearup.sgnk.ai@gmail.com', NULL, NULL, NULL, NULL, NULL, NULL, 'JOB_CARD_FORM', NULL, '2026-06-11 12:52:27.213', '2026-06-11 12:52:27.213') ON CONFLICT DO NOTHING;
INSERT INTO public."Customer" ("id", "fullName", "phoneNumber", "alternatePhone", "email", "addressLine1", "addressLine2", "city", "state", "postalCode", "notes", "source", "archivedAt", "createdAt", "updatedAt") VALUES ('cmq9iayky0000w3546ef1p6au', 'KUSH SHARMA', '8350959585', NULL, 'gearup.sgnk.ai@gmail.com', NULL, NULL, NULL, NULL, NULL, NULL, 'JOB_CARD_FORM', NULL, '2026-06-11 13:01:30.896', '2026-06-11 13:01:30.896') ON CONFLICT DO NOTHING;

-- Phase B · Vehicle from local dump (25 rows)
INSERT INTO public."Vehicle" ("id", "customerId", "vehicleType", "registrationNumber", "brand", "model", "variant", "yearOfManufacture", "fuelType", "transmission", "color", "vin", "chassisNumber", "engineNumber", "engineCC", "odometerReading", "notes", "createdAt", "updatedAt") VALUES ('cmq8eipnp002stk9wic4kau8j', 'cmq8eijys002ctk9w3hdj0k4k', 'BIKE', 'WB-26-KL-2345', 'Yamaha', 'FZ-S V3', NULL, NULL, 'Petrol', NULL, 'Yellow', NULL, NULL, NULL, NULL, '6015', NULL, '2026-06-10 18:27:47.941', '2026-06-10 18:27:47.941') ON CONFLICT DO NOTHING;
INSERT INTO public."Vehicle" ("id", "customerId", "vehicleType", "registrationNumber", "brand", "model", "variant", "yearOfManufacture", "fuelType", "transmission", "color", "vin", "chassisNumber", "engineNumber", "engineCC", "odometerReading", "notes", "createdAt", "updatedAt") VALUES ('cmq8eiq7r002utk9wm2cwfbr1', 'cmq8eikis002dtk9wda0pb6x4', 'BIKE', 'WB-01-MN-6789', 'Suzuki', 'Access 125', NULL, NULL, 'Petrol', NULL, 'Silver', NULL, NULL, NULL, NULL, '9170', NULL, '2026-06-10 18:27:48.663', '2026-06-10 18:27:48.663') ON CONFLICT DO NOTHING;
INSERT INTO public."Vehicle" ("id", "customerId", "vehicleType", "registrationNumber", "brand", "model", "variant", "yearOfManufacture", "fuelType", "transmission", "color", "vin", "chassisNumber", "engineNumber", "engineCC", "odometerReading", "notes", "createdAt", "updatedAt") VALUES ('cmq8eiqrt002wtk9wwl4dbafq', 'cmq8eil2t002etk9w41q12clc', 'BIKE', 'WB-02-OP-0123', 'KTM', 'Duke 200', NULL, NULL, 'Petrol', NULL, 'Orange', NULL, NULL, NULL, NULL, '9852', NULL, '2026-06-10 18:27:49.385', '2026-06-10 18:27:49.385') ON CONFLICT DO NOTHING;
INSERT INTO public."Vehicle" ("id", "customerId", "vehicleType", "registrationNumber", "brand", "model", "variant", "yearOfManufacture", "fuelType", "transmission", "color", "vin", "chassisNumber", "engineNumber", "engineCC", "odometerReading", "notes", "createdAt", "updatedAt") VALUES ('cmq8eirbx002ytk9w6dd0nzt8', 'cmq8eilmx002ftk9w7fuqiqc1', 'BIKE', 'WB-26-QR-4567', 'Honda', 'CB Shine', NULL, NULL, 'Petrol', NULL, 'Black', NULL, NULL, NULL, NULL, '28445', NULL, '2026-06-10 18:27:50.109', '2026-06-10 18:27:50.109') ON CONFLICT DO NOTHING;
INSERT INTO public."Vehicle" ("id", "customerId", "vehicleType", "registrationNumber", "brand", "model", "variant", "yearOfManufacture", "fuelType", "transmission", "color", "vin", "chassisNumber", "engineNumber", "engineCC", "odometerReading", "notes", "createdAt", "updatedAt") VALUES ('cmq8eirvx0030tk9wvczo33g6', 'cmq8eim6z002gtk9wm1yn00a2', 'BIKE', 'WB-01-ST-8901', 'Royal Enfield', 'Meteor 350', NULL, NULL, 'Petrol', NULL, 'Green', NULL, NULL, NULL, NULL, '33735', NULL, '2026-06-10 18:27:50.829', '2026-06-10 18:27:50.829') ON CONFLICT DO NOTHING;
INSERT INTO public."Vehicle" ("id", "customerId", "vehicleType", "registrationNumber", "brand", "model", "variant", "yearOfManufacture", "fuelType", "transmission", "color", "vin", "chassisNumber", "engineNumber", "engineCC", "odometerReading", "notes", "createdAt", "updatedAt") VALUES ('cmq8eimv0002itk9wesbpxfyv', 'cmq8eih670027tk9wj6jp8eaq', 'BIKE', 'WB-01-AB-1234', 'Royal Enfield', 'Classic 350', NULL, NULL, 'Petrol', NULL, 'Black', NULL, NULL, NULL, NULL, '32982', NULL, '2026-06-10 18:27:44.173', '2026-06-10 18:29:23.674') ON CONFLICT DO NOTHING;
INSERT INTO public."Vehicle" ("id", "customerId", "vehicleType", "registrationNumber", "brand", "model", "variant", "yearOfManufacture", "fuelType", "transmission", "color", "vin", "chassisNumber", "engineNumber", "engineCC", "odometerReading", "notes", "createdAt", "updatedAt") VALUES ('cmq8einf7002ktk9wwp4zuo1m', 'cmq8eihqb0028tk9w0gpzddyb', 'BIKE', 'WB-02-CD-5678', 'Honda', 'Activa 6G', NULL, NULL, 'Petrol', NULL, 'White', NULL, NULL, NULL, NULL, '11899', NULL, '2026-06-10 18:27:45.044', '2026-06-10 18:29:25.123') ON CONFLICT DO NOTHING;
INSERT INTO public."Vehicle" ("id", "customerId", "vehicleType", "registrationNumber", "brand", "model", "variant", "yearOfManufacture", "fuelType", "transmission", "color", "vin", "chassisNumber", "engineNumber", "engineCC", "odometerReading", "notes", "createdAt", "updatedAt") VALUES ('cmq8einzb002mtk9w5hc9iaq4', 'cmq8eiiah0029tk9wuc979hbk', 'BIKE', 'WB-26-EF-9012', 'Bajaj', 'Pulsar 150', NULL, NULL, 'Petrol', NULL, 'Blue', NULL, NULL, NULL, NULL, '14717', NULL, '2026-06-10 18:27:45.767', '2026-06-10 18:29:26.577') ON CONFLICT DO NOTHING;
INSERT INTO public."Vehicle" ("id", "customerId", "vehicleType", "registrationNumber", "brand", "model", "variant", "yearOfManufacture", "fuelType", "transmission", "color", "vin", "chassisNumber", "engineNumber", "engineCC", "odometerReading", "notes", "createdAt", "updatedAt") VALUES ('cmq8eiojm002otk9wdkyi20mn', 'cmq8eiiup002atk9wzpxd6gep', 'BIKE', 'WB-01-GH-3456', 'TVS', 'Jupiter', NULL, NULL, 'Petrol', NULL, 'Grey', NULL, NULL, NULL, NULL, '16690', NULL, '2026-06-10 18:27:46.498', '2026-06-10 18:29:28.085') ON CONFLICT DO NOTHING;
INSERT INTO public."Vehicle" ("id", "customerId", "vehicleType", "registrationNumber", "brand", "model", "variant", "yearOfManufacture", "fuelType", "transmission", "color", "vin", "chassisNumber", "engineNumber", "engineCC", "odometerReading", "notes", "createdAt", "updatedAt") VALUES ('cmq8eip3o002qtk9w7se62f98', 'cmq8eijet002btk9wwe3limxe', 'BIKE', 'WB-02-IJ-7890', 'Hero', 'Splendor Plus', NULL, NULL, 'Petrol', NULL, 'Red', NULL, NULL, NULL, NULL, '17915', NULL, '2026-06-10 18:27:47.22', '2026-06-10 18:29:29.538') ON CONFLICT DO NOTHING;
INSERT INTO public."Vehicle" ("id", "customerId", "vehicleType", "registrationNumber", "brand", "model", "variant", "yearOfManufacture", "fuelType", "transmission", "color", "vin", "chassisNumber", "engineNumber", "engineCC", "odometerReading", "notes", "createdAt", "updatedAt") VALUES ('cmq8z0hq40006ei5ifaqsfpcr', 'cmq8yz8tu0002ei5io346nbz6', 'BIKE', 'WB-68-W-4828', 'tvs ', 'xl100', NULL, NULL, NULL, NULL, NULL, NULL, NULL, NULL, NULL, '5668', NULL, '2026-06-11 04:01:29.778', '2026-06-11 04:01:51.593') ON CONFLICT DO NOTHING;
INSERT INTO public."Vehicle" ("id", "customerId", "vehicleType", "registrationNumber", "brand", "model", "variant", "yearOfManufacture", "fuelType", "transmission", "color", "vin", "chassisNumber", "engineNumber", "engineCC", "odometerReading", "notes", "createdAt", "updatedAt") VALUES ('cmq8zgx6t0004c0up8blgf3a3', 'cmq8zgfk10000c0uptfnpc77f', 'BIKE', 'WB-68-W-4341', 'Avengers ', 'B4', NULL, NULL, NULL, NULL, NULL, NULL, NULL, NULL, NULL, '9506', NULL, '2026-06-11 04:14:16.321', '2026-06-11 04:14:50.282') ON CONFLICT DO NOTHING;
INSERT INTO public."Vehicle" ("id", "customerId", "vehicleType", "registrationNumber", "brand", "model", "variant", "yearOfManufacture", "fuelType", "transmission", "color", "vin", "chassisNumber", "engineNumber", "engineCC", "odometerReading", "notes", "createdAt", "updatedAt") VALUES ('cmq8zqd3m00044pnf93zcloss', 'cmq8zpxoa00004pnfqeua0fxf', 'BIKE', 'WB-67-H-6582', 'Honda ', 'Hornet', NULL, NULL, NULL, NULL, NULL, NULL, NULL, NULL, NULL, '9865', NULL, '2026-06-11 04:21:36.851', '2026-06-11 04:23:00.655') ON CONFLICT DO NOTHING;
INSERT INTO public."Vehicle" ("id", "customerId", "vehicleType", "registrationNumber", "brand", "model", "variant", "yearOfManufacture", "fuelType", "transmission", "color", "vin", "chassisNumber", "engineNumber", "engineCC", "odometerReading", "notes", "createdAt", "updatedAt") VALUES ('cmq907hjc0004v0ipiiop2nqj', 'cmq906y050000v0ipb3zif22u', 'BIKE', 'WB-68-N-0885', 'Hero ', 'Hf deluxe ', NULL, NULL, NULL, NULL, NULL, NULL, NULL, NULL, NULL, '5299', NULL, '2026-06-11 04:34:55.742', '2026-06-11 04:36:14.36') ON CONFLICT DO NOTHING;
INSERT INTO public."Vehicle" ("id", "customerId", "vehicleType", "registrationNumber", "brand", "model", "variant", "yearOfManufacture", "fuelType", "transmission", "color", "vin", "chassisNumber", "engineNumber", "engineCC", "odometerReading", "notes", "createdAt", "updatedAt") VALUES ('cmq90b5ad000gv0ip606qeqm6', 'cmq90aqgy000cv0ipx2o9ehnl', 'BIKE', 'WB-68-AM-1263', 'Honda', 'SP125', NULL, NULL, NULL, NULL, NULL, NULL, NULL, NULL, NULL, '14605', NULL, '2026-06-11 04:37:46.498', '2026-06-11 04:40:07.868') ON CONFLICT DO NOTHING;
INSERT INTO public."Vehicle" ("id", "customerId", "vehicleType", "registrationNumber", "brand", "model", "variant", "yearOfManufacture", "fuelType", "transmission", "color", "vin", "chassisNumber", "engineNumber", "engineCC", "odometerReading", "notes", "createdAt", "updatedAt") VALUES ('cmq90qukt0004w352hl9rne4u', 'cmq90qcbi0000w352n3yauaux', 'BIKE', 'WB-68-AF-2813', 'Royal', 'Enfield ', NULL, NULL, NULL, NULL, NULL, NULL, NULL, NULL, NULL, '9686', NULL, '2026-06-11 04:49:59.097', '2026-06-11 04:50:35.422') ON CONFLICT DO NOTHING;
INSERT INTO public."Vehicle" ("id", "customerId", "vehicleType", "registrationNumber", "brand", "model", "variant", "yearOfManufacture", "fuelType", "transmission", "color", "vin", "chassisNumber", "engineNumber", "engineCC", "odometerReading", "notes", "createdAt", "updatedAt") VALUES ('cmq916mf0000kw352sukhqh2a', 'cmq9164ef000gw352im1qlnev', 'BIKE', 'WB-68-AP-6411', 'Royal Enfield ', 'Classic 350', NULL, NULL, NULL, NULL, NULL, NULL, NULL, NULL, NULL, '68062', NULL, '2026-06-11 05:02:15.008', '2026-06-11 05:02:26.03') ON CONFLICT DO NOTHING;
INSERT INTO public."Vehicle" ("id", "customerId", "vehicleType", "registrationNumber", "brand", "model", "variant", "yearOfManufacture", "fuelType", "transmission", "color", "vin", "chassisNumber", "engineNumber", "engineCC", "odometerReading", "notes", "createdAt", "updatedAt") VALUES ('cmq92ucij0004q3jp9rbw3nli', 'cmq92syu40000q3jpsrf3z87h', 'BIKE', 'WB-68-R-2377', 'Honda', 'Dream Neo 110', NULL, NULL, NULL, NULL, NULL, NULL, NULL, NULL, NULL, '43371', NULL, '2026-06-11 05:48:41.557', '2026-06-11 05:52:07.784') ON CONFLICT DO NOTHING;
INSERT INTO public."Vehicle" ("id", "customerId", "vehicleType", "registrationNumber", "brand", "model", "variant", "yearOfManufacture", "fuelType", "transmission", "color", "vin", "chassisNumber", "engineNumber", "engineCC", "odometerReading", "notes", "createdAt", "updatedAt") VALUES ('cmq932ic7000gq3jprhxini79', 'cmq9321y4000cq3jpjjbuad34', 'BIKE', 'WB-68-AG-6605', 'Hero ', 'Glamour ', NULL, NULL, NULL, NULL, NULL, NULL, NULL, NULL, NULL, '57742', NULL, '2026-06-11 05:55:02.35', '2026-06-11 05:56:19.476') ON CONFLICT DO NOTHING;
INSERT INTO public."Vehicle" ("id", "customerId", "vehicleType", "registrationNumber", "brand", "model", "variant", "yearOfManufacture", "fuelType", "transmission", "color", "vin", "chassisNumber", "engineNumber", "engineCC", "odometerReading", "notes", "createdAt", "updatedAt") VALUES ('cmq93wc0i000ipdphqz3sbeul', 'cmq93vtem000epdphfnndmaf5', 'BIKE', 'WB-68-W-9225', 'HORNET ', '160', NULL, NULL, NULL, NULL, NULL, NULL, NULL, NULL, NULL, '5662', NULL, '2026-06-11 06:18:13.823', '2026-06-11 06:18:47.971') ON CONFLICT DO NOTHING;
INSERT INTO public."Vehicle" ("id", "customerId", "vehicleType", "registrationNumber", "brand", "model", "variant", "yearOfManufacture", "fuelType", "transmission", "color", "vin", "chassisNumber", "engineNumber", "engineCC", "odometerReading", "notes", "createdAt", "updatedAt") VALUES ('cmq9407qc000updphadqqd9b2', 'cmq93zrzr000qpdph0uog4py3', 'BIKE', 'WB-68-AN-1061', 'R ', '15', NULL, NULL, NULL, NULL, NULL, NULL, NULL, NULL, NULL, '5656', NULL, '2026-06-11 06:21:14.904', '2026-06-11 06:21:39.726') ON CONFLICT DO NOTHING;
INSERT INTO public."Vehicle" ("id", "customerId", "vehicleType", "registrationNumber", "brand", "model", "variant", "yearOfManufacture", "fuelType", "transmission", "color", "vin", "chassisNumber", "engineNumber", "engineCC", "odometerReading", "notes", "createdAt", "updatedAt") VALUES ('cmq94px7i0004qplberzhfail', 'cmq94p3920000qplb19fz53pl', 'BIKE', 'WB-68-Z-7041', 'HONDA', 'ACTIVA ', NULL, NULL, NULL, NULL, NULL, NULL, NULL, NULL, NULL, '8642', NULL, '2026-06-11 06:41:14.319', '2026-06-11 06:41:27.265') ON CONFLICT DO NOTHING;
INSERT INTO public."Vehicle" ("id", "customerId", "vehicleType", "registrationNumber", "brand", "model", "variant", "yearOfManufacture", "fuelType", "transmission", "color", "vin", "chassisNumber", "engineNumber", "engineCC", "odometerReading", "notes", "createdAt", "updatedAt") VALUES ('cmq95awcf000h8xw0bjuy7tzj', 'cmq95ac2j000d8xw0nzx65tyh', 'BIKE', 'W-68-AQ-3433', 'CLASSIC', '350', NULL, NULL, NULL, NULL, NULL, NULL, NULL, NULL, NULL, '5565', NULL, '2026-06-11 06:57:32.979', '2026-06-11 06:57:51.394') ON CONFLICT DO NOTHING;
INSERT INTO public."Vehicle" ("id", "customerId", "vehicleType", "registrationNumber", "brand", "model", "variant", "yearOfManufacture", "fuelType", "transmission", "color", "vin", "chassisNumber", "engineNumber", "engineCC", "odometerReading", "notes", "createdAt", "updatedAt") VALUES ('cmq9hzva80017bumpfrgyh8e1', 'cmq9hzb2r0013bump1e0sj5tj', 'BIKE', 'WB-68-V-9084', 'YAMAHA ', 'RAYZ', NULL, NULL, NULL, NULL, NULL, NULL, NULL, NULL, NULL, NULL, NULL, '2026-06-11 12:52:53.409', '2026-06-11 12:52:53.409') ON CONFLICT DO NOTHING;
INSERT INTO public."Vehicle" ("id", "customerId", "vehicleType", "registrationNumber", "brand", "model", "variant", "yearOfManufacture", "fuelType", "transmission", "color", "vin", "chassisNumber", "engineNumber", "engineCC", "odometerReading", "notes", "createdAt", "updatedAt") VALUES ('cmq9ibxef0004w354buzvyei5', 'cmq9iayky0000w3546ef1p6au', 'BIKE', 'WB-68-X-0607', 'BAJAJ', 'DELUX', NULL, NULL, NULL, NULL, NULL, NULL, NULL, NULL, NULL, NULL, NULL, '2026-06-11 13:02:16.024', '2026-06-11 13:02:16.024') ON CONFLICT DO NOTHING;

-- Phase B · Appointment from local dump (8 rows)
INSERT INTO public."Appointment" ("id", "referenceId", "serviceRequestId", "customerId", "vehicleId", "appointmentDate", "slotStart", "slotEnd", "status", "bookingSource", "confirmationMode", "confirmedByAdminId", "assignedWorkerId", "bayId", "rescheduleReason", "cancellationReason", "createdAt", "updatedAt") VALUES ('cmq8ekn0i006atk9wy8y9f8e0', 'APT-2026-0001', 'cmq8ekhbe005qtk9w1o36z5lu', 'cmq8eih670027tk9wj6jp8eaq', 'cmq8eimv0002itk9wesbpxfyv', '2026-06-01 18:29:10.441', '2026-06-01 03:30:00', '2026-06-01 04:00:00', 'COMPLETED', 'SEED', NULL, NULL, NULL, NULL, NULL, NULL, '2026-06-10 18:29:17.826', '2026-06-10 18:29:17.826') ON CONFLICT DO NOTHING;
INSERT INTO public."Appointment" ("id", "referenceId", "serviceRequestId", "customerId", "vehicleId", "appointmentDate", "slotStart", "slotEnd", "status", "bookingSource", "confirmationMode", "confirmedByAdminId", "assignedWorkerId", "bayId", "rescheduleReason", "cancellationReason", "createdAt", "updatedAt") VALUES ('cmq8eknlp006ctk9w6piz9ehr', 'APT-2026-0002', 'cmq8ekhvm005stk9wnbhazp59', 'cmq8eihqb0028tk9w0gpzddyb', 'cmq8einf7002ktk9wwp4zuo1m', '2026-06-03 18:29:10.441', '2026-06-03 04:30:00', '2026-06-03 05:00:00', 'COMPLETED', 'SEED', NULL, NULL, NULL, NULL, NULL, NULL, '2026-06-10 18:29:18.589', '2026-06-10 18:29:18.589') ON CONFLICT DO NOTHING;
INSERT INTO public."Appointment" ("id", "referenceId", "serviceRequestId", "customerId", "vehicleId", "appointmentDate", "slotStart", "slotEnd", "status", "bookingSource", "confirmationMode", "confirmedByAdminId", "assignedWorkerId", "bayId", "rescheduleReason", "cancellationReason", "createdAt", "updatedAt") VALUES ('cmq8eko5s006etk9wow5fc8si', 'APT-2026-0003', 'cmq8ekifn005utk9wr34hxr5q', 'cmq8eiiah0029tk9wuc979hbk', 'cmq8einzb002mtk9w5hc9iaq4', '2026-06-05 18:29:10.441', '2026-06-05 05:30:00', '2026-06-05 06:00:00', 'CHECKED_IN', 'SEED', NULL, NULL, NULL, NULL, NULL, NULL, '2026-06-10 18:29:19.312', '2026-06-10 18:29:19.312') ON CONFLICT DO NOTHING;
INSERT INTO public."Appointment" ("id", "referenceId", "serviceRequestId", "customerId", "vehicleId", "appointmentDate", "slotStart", "slotEnd", "status", "bookingSource", "confirmationMode", "confirmedByAdminId", "assignedWorkerId", "bayId", "rescheduleReason", "cancellationReason", "createdAt", "updatedAt") VALUES ('cmq8ekopv006gtk9wbjltphnp', 'APT-2026-0004', 'cmq8ekizr005wtk9wizn7g537', 'cmq8eiiup002atk9wzpxd6gep', 'cmq8eiojm002otk9wdkyi20mn', '2026-06-06 18:29:10.441', '2026-06-06 06:30:00', '2026-06-06 07:00:00', 'CONFIRMED', 'SEED', NULL, NULL, NULL, NULL, NULL, NULL, '2026-06-10 18:29:20.035', '2026-06-10 18:29:20.035') ON CONFLICT DO NOTHING;
INSERT INTO public."Appointment" ("id", "referenceId", "serviceRequestId", "customerId", "vehicleId", "appointmentDate", "slotStart", "slotEnd", "status", "bookingSource", "confirmationMode", "confirmedByAdminId", "assignedWorkerId", "bayId", "rescheduleReason", "cancellationReason", "createdAt", "updatedAt") VALUES ('cmq8ekp9v006itk9wlw7pfv9r', 'APT-2026-0005', 'cmq8ekjjv005ytk9wy0yblsr6', 'cmq8eijet002btk9wwe3limxe', 'cmq8eip3o002qtk9w7se62f98', '2026-06-07 18:29:10.441', '2026-06-07 07:30:00', '2026-06-07 08:00:00', 'CONFIRMED', 'SEED', NULL, NULL, NULL, NULL, NULL, NULL, '2026-06-10 18:29:20.755', '2026-06-10 18:29:20.755') ON CONFLICT DO NOTHING;
INSERT INTO public."Appointment" ("id", "referenceId", "serviceRequestId", "customerId", "vehicleId", "appointmentDate", "slotStart", "slotEnd", "status", "bookingSource", "confirmationMode", "confirmedByAdminId", "assignedWorkerId", "bayId", "rescheduleReason", "cancellationReason", "createdAt", "updatedAt") VALUES ('cmq8ekpu6006ktk9wh30o4cte', 'APT-2026-0006', 'cmq8ekk3w0060tk9w3otdzaiq', 'cmq8eijys002ctk9w3hdj0k4k', 'cmq8eipnp002stk9wic4kau8j', '2026-06-08 18:29:10.441', '2026-06-08 08:30:00', '2026-06-08 09:00:00', 'REQUESTED', 'SEED', NULL, NULL, NULL, NULL, NULL, NULL, '2026-06-10 18:29:21.486', '2026-06-10 18:29:21.486') ON CONFLICT DO NOTHING;
INSERT INTO public."Appointment" ("id", "referenceId", "serviceRequestId", "customerId", "vehicleId", "appointmentDate", "slotStart", "slotEnd", "status", "bookingSource", "confirmationMode", "confirmedByAdminId", "assignedWorkerId", "bayId", "rescheduleReason", "cancellationReason", "createdAt", "updatedAt") VALUES ('cmq8ekqe9006mtk9w0iecdz5c', 'APT-2026-0007', 'cmq8ekko00062tk9wdi9x42lx', 'cmq8eikis002dtk9wda0pb6x4', 'cmq8eiq7r002utk9wm2cwfbr1', '2026-06-09 18:29:10.441', '2026-06-09 09:30:00', '2026-06-09 10:00:00', 'CONFIRMED', 'SEED', NULL, NULL, NULL, NULL, NULL, NULL, '2026-06-10 18:29:22.209', '2026-06-10 18:29:22.209') ON CONFLICT DO NOTHING;
INSERT INTO public."Appointment" ("id", "referenceId", "serviceRequestId", "customerId", "vehicleId", "appointmentDate", "slotStart", "slotEnd", "status", "bookingSource", "confirmationMode", "confirmedByAdminId", "assignedWorkerId", "bayId", "rescheduleReason", "cancellationReason", "createdAt", "updatedAt") VALUES ('cmq8fskk6000ai6kfwhophszx', 'APT-EKIXJNASUIDG', NULL, 'cmq8eim6z002gtk9wm1yn00a2', 'cmq8eirvx0030tk9wvczo33g6', '2026-06-20 00:00:00', '2026-06-20 09:00:00', '2026-06-20 10:00:00', 'CONFIRMED', 'WALK_IN', NULL, 'cmofh1jig0004106yjgbfqrdx', 'cmq8ej36f003atk9wucd5ypah', NULL, NULL, NULL, '2026-06-10 19:03:27.51', '2026-06-10 19:03:27.51') ON CONFLICT DO NOTHING;

-- Phase B · JobCard from local dump (16 rows)
INSERT INTO public."JobCard" ("id", "jobCardNumber", "appointmentId", "serviceRequestId", "customerId", "vehicleId", "intakeDate", "odometerAtIntake", "fuelIndicator", "estimatedDeliveryAt", "actualDeliveryAt", "issueSummary", "customerComplaints", "diagnosisNotes", "estimateNotes", "approvalStatus", "priority", "status", "assignedServiceManagerId", "estimatedPartsCost", "estimatedLaborCost", "estimatedOtherCost", "estimatedTotal", "finalPartsCost", "finalLaborCost", "finalOtherCost", "finalTotal", "customerVisibleNotes", "internalNotes", "estimateToken", "estimateTokenExpiresAt", "estimateRevision", "createdAt", "updatedAt") VALUES ('cmq8ekqyd006otk9w8ly7z8oq', 'JC-2026-0001', 'cmq8ekn0i006atk9wy8y9f8e0', 'cmq8ekhbe005qtk9w1o36z5lu', 'cmq8eih670027tk9wj6jp8eaq', 'cmq8eimv0002itk9wesbpxfyv', '2026-06-01 18:29:10.441', '32982', NULL, NULL, '2026-06-03 18:29:10.441', 'Engine making knocking sound at high RPM', NULL, NULL, NULL, 'PENDING', 'HIGH', 'DELIVERED', NULL, '500.00', '300.00', '0.00', '800.00', '500.00', '300.00', '0.00', '800.00', NULL, NULL, NULL, NULL, NULL, '2026-06-10 18:29:22.933', '2026-06-10 18:29:22.933') ON CONFLICT DO NOTHING;
INSERT INTO public."JobCard" ("id", "jobCardNumber", "appointmentId", "serviceRequestId", "customerId", "vehicleId", "intakeDate", "odometerAtIntake", "fuelIndicator", "estimatedDeliveryAt", "actualDeliveryAt", "issueSummary", "customerComplaints", "diagnosisNotes", "estimateNotes", "approvalStatus", "priority", "status", "assignedServiceManagerId", "estimatedPartsCost", "estimatedLaborCost", "estimatedOtherCost", "estimatedTotal", "finalPartsCost", "finalLaborCost", "finalOtherCost", "finalTotal", "customerVisibleNotes", "internalNotes", "estimateToken", "estimateTokenExpiresAt", "estimateRevision", "createdAt", "updatedAt") VALUES ('cmq8eks30006qtk9w3k37670e', 'JC-2026-0002', 'cmq8eknlp006ctk9w6piz9ehr', 'cmq8ekhvm005stk9wnbhazp59', 'cmq8eihqb0028tk9w0gpzddyb', 'cmq8einf7002ktk9wwp4zuo1m', '2026-06-03 18:29:10.441', '11899', NULL, NULL, NULL, 'Regular 5000km service due, oil change needed', NULL, NULL, NULL, 'PENDING', NULL, 'CLOSED', NULL, '700.00', '400.00', '0.00', '1100.00', '700.00', '400.00', '0.00', '1100.00', NULL, NULL, NULL, NULL, NULL, '2026-06-10 18:29:24.397', '2026-06-10 18:29:24.397') ON CONFLICT DO NOTHING;
INSERT INTO public."JobCard" ("id", "jobCardNumber", "appointmentId", "serviceRequestId", "customerId", "vehicleId", "intakeDate", "odometerAtIntake", "fuelIndicator", "estimatedDeliveryAt", "actualDeliveryAt", "issueSummary", "customerComplaints", "diagnosisNotes", "estimateNotes", "approvalStatus", "priority", "status", "assignedServiceManagerId", "estimatedPartsCost", "estimatedLaborCost", "estimatedOtherCost", "estimatedTotal", "finalPartsCost", "finalLaborCost", "finalOtherCost", "finalTotal", "customerVisibleNotes", "internalNotes", "estimateToken", "estimateTokenExpiresAt", "estimateRevision", "createdAt", "updatedAt") VALUES ('cmq8ekt7e006stk9w2kuaudmw', 'JC-2026-0003', 'cmq8eko5s006etk9wow5fc8si', 'cmq8ekifn005utk9wr34hxr5q', 'cmq8eiiah0029tk9wuc979hbk', 'cmq8einzb002mtk9w5hc9iaq4', '2026-06-05 18:29:10.441', '14717', NULL, NULL, NULL, 'Front brake not gripping properly, squeaking noise', NULL, NULL, NULL, 'PENDING', NULL, 'WORK_IN_PROGRESS', NULL, '900.00', '500.00', '0.00', '1400.00', '0.00', '0.00', '0.00', '0.00', NULL, NULL, NULL, NULL, NULL, '2026-06-10 18:29:25.85', '2026-06-10 18:29:25.85') ON CONFLICT DO NOTHING;
INSERT INTO public."JobCard" ("id", "jobCardNumber", "appointmentId", "serviceRequestId", "customerId", "vehicleId", "intakeDate", "odometerAtIntake", "fuelIndicator", "estimatedDeliveryAt", "actualDeliveryAt", "issueSummary", "customerComplaints", "diagnosisNotes", "estimateNotes", "approvalStatus", "priority", "status", "assignedServiceManagerId", "estimatedPartsCost", "estimatedLaborCost", "estimatedOtherCost", "estimatedTotal", "finalPartsCost", "finalLaborCost", "finalOtherCost", "finalTotal", "customerVisibleNotes", "internalNotes", "estimateToken", "estimateTokenExpiresAt", "estimateRevision", "createdAt", "updatedAt") VALUES ('cmq8ekubt006utk9w182c6uoa', 'JC-2026-0004', 'cmq8ekopv006gtk9wbjltphnp', 'cmq8ekizr005wtk9wizn7g537', 'cmq8eiiup002atk9wzpxd6gep', 'cmq8eiojm002otk9wdkyi20mn', '2026-06-06 18:29:10.441', '16690', NULL, NULL, NULL, 'Headlight flickering, battery draining overnight', NULL, NULL, NULL, 'PENDING', NULL, 'ESTIMATE_PREPARED', NULL, '1100.00', '600.00', '0.00', '1700.00', '0.00', '0.00', '0.00', '0.00', NULL, NULL, NULL, NULL, NULL, '2026-06-10 18:29:27.305', '2026-06-10 18:29:27.305') ON CONFLICT DO NOTHING;
INSERT INTO public."JobCard" ("id", "jobCardNumber", "appointmentId", "serviceRequestId", "customerId", "vehicleId", "intakeDate", "odometerAtIntake", "fuelIndicator", "estimatedDeliveryAt", "actualDeliveryAt", "issueSummary", "customerComplaints", "diagnosisNotes", "estimateNotes", "approvalStatus", "priority", "status", "assignedServiceManagerId", "estimatedPartsCost", "estimatedLaborCost", "estimatedOtherCost", "estimatedTotal", "finalPartsCost", "finalLaborCost", "finalOtherCost", "finalTotal", "customerVisibleNotes", "internalNotes", "estimateToken", "estimateTokenExpiresAt", "estimateRevision", "createdAt", "updatedAt") VALUES ('cmq8ekvhp006wtk9w117gjwjt', 'JC-2026-0005', 'cmq8ekp9v006itk9wlw7pfv9r', 'cmq8ekjjv005ytk9wy0yblsr6', 'cmq8eijet002btk9wwe3limxe', 'cmq8eip3o002qtk9w7se62f98', '2026-06-07 18:29:10.441', '17915', NULL, NULL, NULL, 'Chain loose and making noise, sprocket teeth worn', NULL, NULL, NULL, 'PENDING', NULL, 'CREATED', NULL, '1300.00', '700.00', '0.00', '2000.00', '0.00', '0.00', '0.00', '0.00', NULL, NULL, NULL, NULL, NULL, '2026-06-10 18:29:28.813', '2026-06-10 18:29:28.813') ON CONFLICT DO NOTHING;
INSERT INTO public."JobCard" ("id", "jobCardNumber", "appointmentId", "serviceRequestId", "customerId", "vehicleId", "intakeDate", "odometerAtIntake", "fuelIndicator", "estimatedDeliveryAt", "actualDeliveryAt", "issueSummary", "customerComplaints", "diagnosisNotes", "estimateNotes", "approvalStatus", "priority", "status", "assignedServiceManagerId", "estimatedPartsCost", "estimatedLaborCost", "estimatedOtherCost", "estimatedTotal", "finalPartsCost", "finalLaborCost", "finalOtherCost", "finalTotal", "customerVisibleNotes", "internalNotes", "estimateToken", "estimateTokenExpiresAt", "estimateRevision", "createdAt", "updatedAt") VALUES ('cmq8z0yj4000aei5ir1tgdsfe', 'JC-QC88LOT4', NULL, NULL, 'cmq8yz8tu0002ei5io346nbz6', 'cmq8z0hq40006ei5ifaqsfpcr', '2026-06-11 04:01:51.56', '5668', '1/2', NULL, NULL, 'general servicing mobil change castrol', '', NULL, NULL, 'PENDING', '', 'WORK_IN_PROGRESS', NULL, '0.00', '0.00', '0.00', '0.00', '0.00', '0.00', '0.00', '0.00', NULL, NULL, NULL, NULL, NULL, '2026-06-11 04:01:51.561', '2026-06-11 04:58:28.501') ON CONFLICT DO NOTHING;
INSERT INTO public."JobCard" ("id", "jobCardNumber", "appointmentId", "serviceRequestId", "customerId", "vehicleId", "intakeDate", "odometerAtIntake", "fuelIndicator", "estimatedDeliveryAt", "actualDeliveryAt", "issueSummary", "customerComplaints", "diagnosisNotes", "estimateNotes", "approvalStatus", "priority", "status", "assignedServiceManagerId", "estimatedPartsCost", "estimatedLaborCost", "estimatedOtherCost", "estimatedTotal", "finalPartsCost", "finalLaborCost", "finalOtherCost", "finalTotal", "customerVisibleNotes", "internalNotes", "estimateToken", "estimateTokenExpiresAt", "estimateRevision", "createdAt", "updatedAt") VALUES ('cmq8zs5qt0001ogmd2g7onc6s', 'JC-4AQPSIXJ', NULL, NULL, 'cmq8zpxoa00004pnfqeua0fxf', 'cmq8zqd3m00044pnf93zcloss', '2026-06-11 04:23:00.624', '9865', '1/4', NULL, '2026-06-11 06:11:46.639', 'Foam Wash 
Chain clean 
', '', NULL, NULL, 'PENDING', '', 'DELIVERED', NULL, '0.00', '0.00', '0.00', '0.00', '0.00', '0.00', '0.00', '0.00', NULL, NULL, NULL, NULL, NULL, '2026-06-11 04:23:00.625', '2026-06-11 06:11:46.64') ON CONFLICT DO NOTHING;
INSERT INTO public."JobCard" ("id", "jobCardNumber", "appointmentId", "serviceRequestId", "customerId", "vehicleId", "intakeDate", "odometerAtIntake", "fuelIndicator", "estimatedDeliveryAt", "actualDeliveryAt", "issueSummary", "customerComplaints", "diagnosisNotes", "estimateNotes", "approvalStatus", "priority", "status", "assignedServiceManagerId", "estimatedPartsCost", "estimatedLaborCost", "estimatedOtherCost", "estimatedTotal", "finalPartsCost", "finalLaborCost", "finalOtherCost", "finalTotal", "customerVisibleNotes", "internalNotes", "estimateToken", "estimateTokenExpiresAt", "estimateRevision", "createdAt", "updatedAt") VALUES ('cmq94q7600008qplbsmhf4nq9', 'JC-NHYTALAW', NULL, NULL, 'cmq94p3920000qplb19fz53pl', 'cmq94px7i0004qplberzhfail', '2026-06-11 06:41:27.235', '8642', '1/4', NULL, '2026-06-11 06:47:43.372', 'GENERAL SERVICING ', '', NULL, NULL, 'PENDING', '', 'DELIVERED', NULL, '0.00', '0.00', '0.00', '0.00', '0.00', '0.00', '0.00', '0.00', NULL, NULL, NULL, NULL, NULL, '2026-06-11 06:41:27.236', '2026-06-11 06:47:43.373') ON CONFLICT DO NOTHING;
INSERT INTO public."JobCard" ("id", "jobCardNumber", "appointmentId", "serviceRequestId", "customerId", "vehicleId", "intakeDate", "odometerAtIntake", "fuelIndicator", "estimatedDeliveryAt", "actualDeliveryAt", "issueSummary", "customerComplaints", "diagnosisNotes", "estimateNotes", "approvalStatus", "priority", "status", "assignedServiceManagerId", "estimatedPartsCost", "estimatedLaborCost", "estimatedOtherCost", "estimatedTotal", "finalPartsCost", "finalLaborCost", "finalOtherCost", "finalTotal", "customerVisibleNotes", "internalNotes", "estimateToken", "estimateTokenExpiresAt", "estimateRevision", "createdAt", "updatedAt") VALUES ('cmq9345tu000kq3jpytm93djn', 'JC-D5SCQAQY', NULL, NULL, 'cmq9321y4000cq3jpjjbuad34', 'cmq932ic7000gq3jprhxini79', '2026-06-11 05:56:19.45', '57742', '3/4', NULL, '2026-06-11 06:55:54.274', 'Foam Wash ', '', NULL, NULL, 'PENDING', '', 'DELIVERED', NULL, '0.00', '0.00', '0.00', '0.00', '0.00', '0.00', '0.00', '0.00', NULL, NULL, NULL, NULL, NULL, '2026-06-11 05:56:19.451', '2026-06-11 06:55:54.275') ON CONFLICT DO NOTHING;
INSERT INTO public."JobCard" ("id", "jobCardNumber", "appointmentId", "serviceRequestId", "customerId", "vehicleId", "intakeDate", "odometerAtIntake", "fuelIndicator", "estimatedDeliveryAt", "actualDeliveryAt", "issueSummary", "customerComplaints", "diagnosisNotes", "estimateNotes", "approvalStatus", "priority", "status", "assignedServiceManagerId", "estimatedPartsCost", "estimatedLaborCost", "estimatedOtherCost", "estimatedTotal", "finalPartsCost", "finalLaborCost", "finalOtherCost", "finalTotal", "customerVisibleNotes", "internalNotes", "estimateToken", "estimateTokenExpiresAt", "estimateRevision", "createdAt", "updatedAt") VALUES ('cmq916uvk000ow352jjiacaui', 'JC-WVPBWGSW', NULL, NULL, 'cmq9164ef000gw352im1qlnev', 'cmq916mf0000kw352sukhqh2a', '2026-06-11 05:02:25.983', '68062', '1/2', NULL, '2026-06-11 08:36:10.162', 'Foam wash ', '', NULL, NULL, 'PENDING', '', 'DELIVERED', NULL, '0.00', '0.00', '0.00', '0.00', '0.00', '0.00', '0.00', '0.00', NULL, NULL, NULL, NULL, NULL, '2026-06-11 05:02:25.984', '2026-06-11 08:36:10.163') ON CONFLICT DO NOTHING;
INSERT INTO public."JobCard" ("id", "jobCardNumber", "appointmentId", "serviceRequestId", "customerId", "vehicleId", "intakeDate", "odometerAtIntake", "fuelIndicator", "estimatedDeliveryAt", "actualDeliveryAt", "issueSummary", "customerComplaints", "diagnosisNotes", "estimateNotes", "approvalStatus", "priority", "status", "assignedServiceManagerId", "estimatedPartsCost", "estimatedLaborCost", "estimatedOtherCost", "estimatedTotal", "finalPartsCost", "finalLaborCost", "finalOtherCost", "finalTotal", "customerVisibleNotes", "internalNotes", "estimateToken", "estimateTokenExpiresAt", "estimateRevision", "createdAt", "updatedAt") VALUES ('cmq95baj2000l8xw07dglk68b', 'JC-HRQR3L5S', NULL, NULL, 'cmq95ac2j000d8xw0nzx65tyh', 'cmq95awcf000h8xw0bjuy7tzj', '2026-06-11 06:57:51.363', '5565', '1/4', NULL, '2026-06-11 09:17:28.002', 'FOAM WASH SILICON POLISH', '', NULL, NULL, 'PENDING', '', 'DELIVERED', NULL, '0.00', '0.00', '0.00', '0.00', '0.00', '0.00', '0.00', '0.00', NULL, NULL, NULL, NULL, NULL, '2026-06-11 06:57:51.364', '2026-06-11 09:17:28.003') ON CONFLICT DO NOTHING;
INSERT INTO public."JobCard" ("id", "jobCardNumber", "appointmentId", "serviceRequestId", "customerId", "vehicleId", "intakeDate", "odometerAtIntake", "fuelIndicator", "estimatedDeliveryAt", "actualDeliveryAt", "issueSummary", "customerComplaints", "diagnosisNotes", "estimateNotes", "approvalStatus", "priority", "status", "assignedServiceManagerId", "estimatedPartsCost", "estimatedLaborCost", "estimatedOtherCost", "estimatedTotal", "finalPartsCost", "finalLaborCost", "finalOtherCost", "finalTotal", "customerVisibleNotes", "internalNotes", "estimateToken", "estimateTokenExpiresAt", "estimateRevision", "createdAt", "updatedAt") VALUES ('cmq8zhndk0008c0upmdloj9do', 'JC-R225V1C3', NULL, NULL, 'cmq8zgfk10000c0uptfnpc77f', 'cmq8zgx6t0004c0up8blgf3a3', '2026-06-11 04:14:50.257', '9506', '1/4', NULL, '2026-06-11 11:07:58.586', 'General Servicing 
Front brake check 
Foam wash', '', NULL, NULL, 'PENDING', '', 'DELIVERED', NULL, '0.00', '0.00', '0.00', '0.00', '0.00', '0.00', '0.00', '0.00', NULL, NULL, NULL, NULL, NULL, '2026-06-11 04:14:50.258', '2026-06-11 11:07:58.587') ON CONFLICT DO NOTHING;
INSERT INTO public."JobCard" ("id", "jobCardNumber", "appointmentId", "serviceRequestId", "customerId", "vehicleId", "intakeDate", "odometerAtIntake", "fuelIndicator", "estimatedDeliveryAt", "actualDeliveryAt", "issueSummary", "customerComplaints", "diagnosisNotes", "estimateNotes", "approvalStatus", "priority", "status", "assignedServiceManagerId", "estimatedPartsCost", "estimatedLaborCost", "estimatedOtherCost", "estimatedTotal", "finalPartsCost", "finalLaborCost", "finalOtherCost", "finalTotal", "customerVisibleNotes", "internalNotes", "estimateToken", "estimateTokenExpiresAt", "estimateRevision", "createdAt", "updatedAt") VALUES ('cmq90e6ci000kv0ipbrl8rywb', 'JC-LGM922DV', NULL, NULL, 'cmq90aqgy000cv0ipx2o9ehnl', 'cmq90b5ad000gv0ip606qeqm6', '2026-06-11 04:40:07.81', '14605', 'E', NULL, '2026-06-11 11:26:34.599', 'General Servicing, Rear break loose, Foam Wash, Engine Oil check, Gear Check', 'Scratch ', NULL, NULL, 'PENDING', '', 'DELIVERED', NULL, '0.00', '0.00', '0.00', '0.00', '0.00', '0.00', '0.00', '0.00', NULL, NULL, NULL, NULL, NULL, '2026-06-11 04:40:07.811', '2026-06-11 11:26:34.6') ON CONFLICT DO NOTHING;
INSERT INTO public."JobCard" ("id", "jobCardNumber", "appointmentId", "serviceRequestId", "customerId", "vehicleId", "intakeDate", "odometerAtIntake", "fuelIndicator", "estimatedDeliveryAt", "actualDeliveryAt", "issueSummary", "customerComplaints", "diagnosisNotes", "estimateNotes", "approvalStatus", "priority", "status", "assignedServiceManagerId", "estimatedPartsCost", "estimatedLaborCost", "estimatedOtherCost", "estimatedTotal", "finalPartsCost", "finalLaborCost", "finalOtherCost", "finalTotal", "customerVisibleNotes", "internalNotes", "estimateToken", "estimateTokenExpiresAt", "estimateRevision", "createdAt", "updatedAt") VALUES ('cmq9096670008v0ipef6ae0m3', 'JC-JO9QW52H', NULL, NULL, 'cmq906y050000v0ipb3zif22u', 'cmq907hjc0004v0ipiiop2nqj', '2026-06-11 04:36:14.324', '5299', '1/4', NULL, '2026-06-11 11:35:15.137', 'Mileage issue
Mobil check
Foam wash ', '', NULL, NULL, 'PENDING', '', 'DELIVERED', NULL, '0.00', '0.00', '0.00', '0.00', '0.00', '0.00', '0.00', '0.00', NULL, NULL, NULL, NULL, NULL, '2026-06-11 04:36:14.324', '2026-06-11 11:35:15.138') ON CONFLICT DO NOTHING;
INSERT INTO public."JobCard" ("id", "jobCardNumber", "appointmentId", "serviceRequestId", "customerId", "vehicleId", "intakeDate", "odometerAtIntake", "fuelIndicator", "estimatedDeliveryAt", "actualDeliveryAt", "issueSummary", "customerComplaints", "diagnosisNotes", "estimateNotes", "approvalStatus", "priority", "status", "assignedServiceManagerId", "estimatedPartsCost", "estimatedLaborCost", "estimatedOtherCost", "estimatedTotal", "finalPartsCost", "finalLaborCost", "finalOtherCost", "finalTotal", "customerVisibleNotes", "internalNotes", "estimateToken", "estimateTokenExpiresAt", "estimateRevision", "createdAt", "updatedAt") VALUES ('cmq90rmkl0008w352tck2ie43', 'JC-F2A4VYXN', NULL, NULL, 'cmq90qcbi0000w352n3yauaux', 'cmq90qukt0004w352hl9rne4u', '2026-06-11 04:50:35.378', '9686', '1/2', NULL, '2026-06-11 12:22:52.874', 'General Servicing 
Self check
Bearing check
Mobil check', '', NULL, NULL, 'PENDING', '', 'DELIVERED', NULL, '0.00', '0.00', '0.00', '0.00', '0.00', '0.00', '0.00', '0.00', NULL, NULL, NULL, NULL, NULL, '2026-06-11 04:50:35.379', '2026-06-11 12:22:52.875') ON CONFLICT DO NOTHING;
INSERT INTO public."JobCard" ("id", "jobCardNumber", "appointmentId", "serviceRequestId", "customerId", "vehicleId", "intakeDate", "odometerAtIntake", "fuelIndicator", "estimatedDeliveryAt", "actualDeliveryAt", "issueSummary", "customerComplaints", "diagnosisNotes", "estimateNotes", "approvalStatus", "priority", "status", "assignedServiceManagerId", "estimatedPartsCost", "estimatedLaborCost", "estimatedOtherCost", "estimatedTotal", "finalPartsCost", "finalLaborCost", "finalOtherCost", "finalTotal", "customerVisibleNotes", "internalNotes", "estimateToken", "estimateTokenExpiresAt", "estimateRevision", "createdAt", "updatedAt") VALUES ('cmq92yrma0008q3jpgvtowqan', 'JC-CGWF0WXP', NULL, NULL, 'cmq92syu40000q3jpsrf3z87h', 'cmq92ucij0004q3jp9rbw3nli', '2026-06-11 05:52:07.756', '43371', 'E', NULL, '2026-06-11 12:34:10.125', 'Mobil Change Castrol, Clutch Adjust, Chain Adjust, Air Filter Check, General Servicing ', '', NULL, NULL, 'PENDING', '', 'DELIVERED', NULL, '0.00', '0.00', '0.00', '0.00', '0.00', '0.00', '0.00', '0.00', NULL, NULL, NULL, NULL, NULL, '2026-06-11 05:52:07.757', '2026-06-11 12:34:10.125') ON CONFLICT DO NOTHING;

-- Phase B · WorkerAssignment from local dump (8 rows)
INSERT INTO public."WorkerAssignment" ("id", "jobCardId", "workerId", "assignmentRole", "assignedAt", "unassignedAt", "notes") VALUES ('cmq8ekwlw006ytk9wd97v5asx', 'cmq8ekqyd006otk9w8ly7z8oq', 'cmq8eit080031tk9wn63ntqvk', 'Senior Mechanic', '2026-06-10 18:29:30.26', NULL, NULL) ON CONFLICT DO NOTHING;
INSERT INTO public."WorkerAssignment" ("id", "jobCardId", "workerId", "assignmentRole", "assignedAt", "unassignedAt", "notes") VALUES ('cmq8ekx640070tk9wwjzp2gqu', 'cmq8ekqyd006otk9w8ly7z8oq', 'cmq8eiypm0036tk9wae66zuzf', 'Helper', '2026-06-10 18:29:30.989', NULL, NULL) ON CONFLICT DO NOTHING;
INSERT INTO public."WorkerAssignment" ("id", "jobCardId", "workerId", "assignmentRole", "assignedAt", "unassignedAt", "notes") VALUES ('cmq8ekxq40072tk9wtbxitvq0', 'cmq8eks30006qtk9w3k37670e', 'cmq8eiu4g0032tk9w44nuo2mf', 'Mechanic', '2026-06-10 18:29:31.709', NULL, NULL) ON CONFLICT DO NOTHING;
INSERT INTO public."WorkerAssignment" ("id", "jobCardId", "workerId", "assignmentRole", "assignedAt", "unassignedAt", "notes") VALUES ('cmq8ekye60074tk9wowv8sfpe', 'cmq8eks30006qtk9w3k37670e', 'cmq8eizty0037tk9wb8yvv24c', 'Helper', '2026-06-10 18:29:32.431', NULL, NULL) ON CONFLICT DO NOTHING;
INSERT INTO public."WorkerAssignment" ("id", "jobCardId", "workerId", "assignmentRole", "assignedAt", "unassignedAt", "notes") VALUES ('cmq8ekyz50076tk9wfmdc24ns', 'cmq8ekt7e006stk9w2kuaudmw', 'cmq8eiv8m0033tk9wm7l9qe3g', 'Mechanic', '2026-06-10 18:29:33.329', NULL, NULL) ON CONFLICT DO NOTHING;
INSERT INTO public."WorkerAssignment" ("id", "jobCardId", "workerId", "assignmentRole", "assignedAt", "unassignedAt", "notes") VALUES ('cmq8ekzj90078tk9wsrg6u79v', 'cmq8ekt7e006stk9w2kuaudmw', 'cmq8ej0y00038tk9wbtd9k3b4', 'Helper', '2026-06-10 18:29:34.053', NULL, NULL) ON CONFLICT DO NOTHING;
INSERT INTO public."WorkerAssignment" ("id", "jobCardId", "workerId", "assignmentRole", "assignedAt", "unassignedAt", "notes") VALUES ('cmq8el03g007atk9w18670vzz', 'cmq8ekubt006utk9w182c6uoa', 'cmq8eiwd20034tk9wnrnt27ko', 'Junior Mechanic', '2026-06-10 18:29:34.78', NULL, NULL) ON CONFLICT DO NOTHING;
INSERT INTO public."WorkerAssignment" ("id", "jobCardId", "workerId", "assignmentRole", "assignedAt", "unassignedAt", "notes") VALUES ('cmq8el0nh007ctk9w78saiqiv', 'cmq8ekvhp006wtk9w117gjwjt', 'cmq8eixh80035tk9wbifkfvns', 'Helper', '2026-06-10 18:29:35.501', NULL, NULL) ON CONFLICT DO NOTHING;

-- Phase B · JobCardTask from local dump (60 rows)
INSERT INTO public."JobCardTask" ("id", "jobCardId", "taskName", "taskDescription", "status", "assignedWorkerId", "estimatedMinutes", "actualMinutes", "notes", "sortOrder", "createdAt", "updatedAt") VALUES ('cmq8el17k007etk9wcawe83ir', 'cmq8ekqyd006otk9w8ly7z8oq', 'Initial Inspection', NULL, 'DONE', NULL, '15', NULL, NULL, '0', '2026-06-10 18:29:36.225', '2026-06-10 18:29:36.225') ON CONFLICT DO NOTHING;
INSERT INTO public."JobCardTask" ("id", "jobCardId", "taskName", "taskDescription", "status", "assignedWorkerId", "estimatedMinutes", "actualMinutes", "notes", "sortOrder", "createdAt", "updatedAt") VALUES ('cmq8el1rw007gtk9wswh7dcqg', 'cmq8ekqyd006otk9w8ly7z8oq', 'Diagnose Issue', NULL, 'DONE', NULL, '25', NULL, NULL, '1', '2026-06-10 18:29:36.956', '2026-06-10 18:29:36.956') ON CONFLICT DO NOTHING;
INSERT INTO public."JobCardTask" ("id", "jobCardId", "taskName", "taskDescription", "status", "assignedWorkerId", "estimatedMinutes", "actualMinutes", "notes", "sortOrder", "createdAt", "updatedAt") VALUES ('cmq8el2bz007itk9w1q93v6k6', 'cmq8ekqyd006otk9w8ly7z8oq', 'Replace Parts', NULL, 'DONE', NULL, '35', NULL, NULL, '2', '2026-06-10 18:29:37.68', '2026-06-10 18:29:37.68') ON CONFLICT DO NOTHING;
INSERT INTO public."JobCardTask" ("id", "jobCardId", "taskName", "taskDescription", "status", "assignedWorkerId", "estimatedMinutes", "actualMinutes", "notes", "sortOrder", "createdAt", "updatedAt") VALUES ('cmq8el2yf007ktk9wx8ehzzor', 'cmq8ekqyd006otk9w8ly7z8oq', 'Test Ride', NULL, 'DONE', NULL, '45', NULL, NULL, '3', '2026-06-10 18:29:38.488', '2026-06-10 18:29:38.488') ON CONFLICT DO NOTHING;
INSERT INTO public."JobCardTask" ("id", "jobCardId", "taskName", "taskDescription", "status", "assignedWorkerId", "estimatedMinutes", "actualMinutes", "notes", "sortOrder", "createdAt", "updatedAt") VALUES ('cmq8el3ij007mtk9wkubn1kpw', 'cmq8ekqyd006otk9w8ly7z8oq', 'Final QC', NULL, 'DONE', NULL, '55', NULL, NULL, '4', '2026-06-10 18:29:39.211', '2026-06-10 18:29:39.211') ON CONFLICT DO NOTHING;
INSERT INTO public."JobCardTask" ("id", "jobCardId", "taskName", "taskDescription", "status", "assignedWorkerId", "estimatedMinutes", "actualMinutes", "notes", "sortOrder", "createdAt", "updatedAt") VALUES ('cmq8el42l007otk9wcqyely9b', 'cmq8eks30006qtk9w3k37670e', 'Initial Inspection', NULL, 'DONE', NULL, '15', NULL, NULL, '0', '2026-06-10 18:29:39.933', '2026-06-10 18:29:39.933') ON CONFLICT DO NOTHING;
INSERT INTO public."JobCardTask" ("id", "jobCardId", "taskName", "taskDescription", "status", "assignedWorkerId", "estimatedMinutes", "actualMinutes", "notes", "sortOrder", "createdAt", "updatedAt") VALUES ('cmq8el4mr007qtk9whhddfkug', 'cmq8eks30006qtk9w3k37670e', 'Diagnose Issue', NULL, 'DONE', NULL, '25', NULL, NULL, '1', '2026-06-10 18:29:40.66', '2026-06-10 18:29:40.66') ON CONFLICT DO NOTHING;
INSERT INTO public."JobCardTask" ("id", "jobCardId", "taskName", "taskDescription", "status", "assignedWorkerId", "estimatedMinutes", "actualMinutes", "notes", "sortOrder", "createdAt", "updatedAt") VALUES ('cmq8el56t007stk9w2np9n05h', 'cmq8eks30006qtk9w3k37670e', 'Replace Parts', NULL, 'DONE', NULL, '35', NULL, NULL, '2', '2026-06-10 18:29:41.381', '2026-06-10 18:29:41.381') ON CONFLICT DO NOTHING;
INSERT INTO public."JobCardTask" ("id", "jobCardId", "taskName", "taskDescription", "status", "assignedWorkerId", "estimatedMinutes", "actualMinutes", "notes", "sortOrder", "createdAt", "updatedAt") VALUES ('cmq8el5qt007utk9w74087lkh', 'cmq8eks30006qtk9w3k37670e', 'Test Ride', NULL, 'DONE', NULL, '45', NULL, NULL, '3', '2026-06-10 18:29:42.102', '2026-06-10 18:29:42.102') ON CONFLICT DO NOTHING;
INSERT INTO public."JobCardTask" ("id", "jobCardId", "taskName", "taskDescription", "status", "assignedWorkerId", "estimatedMinutes", "actualMinutes", "notes", "sortOrder", "createdAt", "updatedAt") VALUES ('cmq8el6az007wtk9wou1hjm27', 'cmq8eks30006qtk9w3k37670e', 'Final QC', NULL, 'DONE', NULL, '55', NULL, NULL, '4', '2026-06-10 18:29:42.827', '2026-06-10 18:29:42.827') ON CONFLICT DO NOTHING;
INSERT INTO public."JobCardTask" ("id", "jobCardId", "taskName", "taskDescription", "status", "assignedWorkerId", "estimatedMinutes", "actualMinutes", "notes", "sortOrder", "createdAt", "updatedAt") VALUES ('cmq8el6vl007ytk9w85eoek2v', 'cmq8ekt7e006stk9w2kuaudmw', 'Initial Inspection', NULL, 'DONE', NULL, '15', NULL, NULL, '0', '2026-06-10 18:29:43.569', '2026-06-10 18:29:43.569') ON CONFLICT DO NOTHING;
INSERT INTO public."JobCardTask" ("id", "jobCardId", "taskName", "taskDescription", "status", "assignedWorkerId", "estimatedMinutes", "actualMinutes", "notes", "sortOrder", "createdAt", "updatedAt") VALUES ('cmq8el7fn0080tk9w4wc1d1ho', 'cmq8ekt7e006stk9w2kuaudmw', 'Diagnose Issue', NULL, 'DONE', NULL, '25', NULL, NULL, '1', '2026-06-10 18:29:44.291', '2026-06-10 18:29:44.291') ON CONFLICT DO NOTHING;
INSERT INTO public."JobCardTask" ("id", "jobCardId", "taskName", "taskDescription", "status", "assignedWorkerId", "estimatedMinutes", "actualMinutes", "notes", "sortOrder", "createdAt", "updatedAt") VALUES ('cmq8el7zo0082tk9wy22g68bb', 'cmq8ekt7e006stk9w2kuaudmw', 'Replace Parts', NULL, 'DONE', NULL, '35', NULL, NULL, '2', '2026-06-10 18:29:45.013', '2026-06-10 18:29:45.013') ON CONFLICT DO NOTHING;
INSERT INTO public."JobCardTask" ("id", "jobCardId", "taskName", "taskDescription", "status", "assignedWorkerId", "estimatedMinutes", "actualMinutes", "notes", "sortOrder", "createdAt", "updatedAt") VALUES ('cmq8el8js0084tk9wcfmcgy4h', 'cmq8ekt7e006stk9w2kuaudmw', 'Test Ride', NULL, 'IN_PROGRESS', NULL, '45', NULL, NULL, '3', '2026-06-10 18:29:45.737', '2026-06-10 18:29:45.737') ON CONFLICT DO NOTHING;
INSERT INTO public."JobCardTask" ("id", "jobCardId", "taskName", "taskDescription", "status", "assignedWorkerId", "estimatedMinutes", "actualMinutes", "notes", "sortOrder", "createdAt", "updatedAt") VALUES ('cmq8el93u0086tk9wfp965rgm', 'cmq8ekt7e006stk9w2kuaudmw', 'Final QC', NULL, 'PENDING', NULL, '55', NULL, NULL, '4', '2026-06-10 18:29:46.458', '2026-06-10 18:29:46.458') ON CONFLICT DO NOTHING;
INSERT INTO public."JobCardTask" ("id", "jobCardId", "taskName", "taskDescription", "status", "assignedWorkerId", "estimatedMinutes", "actualMinutes", "notes", "sortOrder", "createdAt", "updatedAt") VALUES ('cmq8el9nv0088tk9w5ra90crg', 'cmq8ekubt006utk9w182c6uoa', 'Initial Inspection', NULL, 'PENDING', NULL, '15', NULL, NULL, '0', '2026-06-10 18:29:47.179', '2026-06-10 18:29:47.179') ON CONFLICT DO NOTHING;
INSERT INTO public."JobCardTask" ("id", "jobCardId", "taskName", "taskDescription", "status", "assignedWorkerId", "estimatedMinutes", "actualMinutes", "notes", "sortOrder", "createdAt", "updatedAt") VALUES ('cmq8elaby008atk9wjm8xpd2i', 'cmq8ekubt006utk9w182c6uoa', 'Diagnose Issue', NULL, 'PENDING', NULL, '25', NULL, NULL, '1', '2026-06-10 18:29:47.9', '2026-06-10 18:29:47.9') ON CONFLICT DO NOTHING;
INSERT INTO public."JobCardTask" ("id", "jobCardId", "taskName", "taskDescription", "status", "assignedWorkerId", "estimatedMinutes", "actualMinutes", "notes", "sortOrder", "createdAt", "updatedAt") VALUES ('cmq8elaw5008ctk9wzcns06rv', 'cmq8ekubt006utk9w182c6uoa', 'Replace Parts', NULL, 'PENDING', NULL, '35', NULL, NULL, '2', '2026-06-10 18:29:48.773', '2026-06-10 18:29:48.773') ON CONFLICT DO NOTHING;
INSERT INTO public."JobCardTask" ("id", "jobCardId", "taskName", "taskDescription", "status", "assignedWorkerId", "estimatedMinutes", "actualMinutes", "notes", "sortOrder", "createdAt", "updatedAt") VALUES ('cmq8elbg8008etk9w0swsjm6t', 'cmq8ekubt006utk9w182c6uoa', 'Test Ride', NULL, 'PENDING', NULL, '45', NULL, NULL, '3', '2026-06-10 18:29:49.496', '2026-06-10 18:29:49.496') ON CONFLICT DO NOTHING;
INSERT INTO public."JobCardTask" ("id", "jobCardId", "taskName", "taskDescription", "status", "assignedWorkerId", "estimatedMinutes", "actualMinutes", "notes", "sortOrder", "createdAt", "updatedAt") VALUES ('cmq8elc0c008gtk9whsn0cwdv', 'cmq8ekubt006utk9w182c6uoa', 'Final QC', NULL, 'PENDING', NULL, '55', NULL, NULL, '4', '2026-06-10 18:29:50.221', '2026-06-10 18:29:50.221') ON CONFLICT DO NOTHING;
INSERT INTO public."JobCardTask" ("id", "jobCardId", "taskName", "taskDescription", "status", "assignedWorkerId", "estimatedMinutes", "actualMinutes", "notes", "sortOrder", "createdAt", "updatedAt") VALUES ('cmq8elckh008itk9ww6aah9eq', 'cmq8ekvhp006wtk9w117gjwjt', 'Initial Inspection', NULL, 'PENDING', NULL, '15', NULL, NULL, '0', '2026-06-10 18:29:50.945', '2026-06-10 18:29:50.945') ON CONFLICT DO NOTHING;
INSERT INTO public."JobCardTask" ("id", "jobCardId", "taskName", "taskDescription", "status", "assignedWorkerId", "estimatedMinutes", "actualMinutes", "notes", "sortOrder", "createdAt", "updatedAt") VALUES ('cmq8eld4h008ktk9wdbgsno9t', 'cmq8ekvhp006wtk9w117gjwjt', 'Diagnose Issue', NULL, 'PENDING', NULL, '25', NULL, NULL, '1', '2026-06-10 18:29:51.665', '2026-06-10 18:29:51.665') ON CONFLICT DO NOTHING;
INSERT INTO public."JobCardTask" ("id", "jobCardId", "taskName", "taskDescription", "status", "assignedWorkerId", "estimatedMinutes", "actualMinutes", "notes", "sortOrder", "createdAt", "updatedAt") VALUES ('cmq8eldoi008mtk9wxly1f9i6', 'cmq8ekvhp006wtk9w117gjwjt', 'Replace Parts', NULL, 'PENDING', NULL, '35', NULL, NULL, '2', '2026-06-10 18:29:52.386', '2026-06-10 18:29:52.386') ON CONFLICT DO NOTHING;
INSERT INTO public."JobCardTask" ("id", "jobCardId", "taskName", "taskDescription", "status", "assignedWorkerId", "estimatedMinutes", "actualMinutes", "notes", "sortOrder", "createdAt", "updatedAt") VALUES ('cmq8ele90008otk9wumwculp2', 'cmq8ekvhp006wtk9w117gjwjt', 'Test Ride', NULL, 'PENDING', NULL, '45', NULL, NULL, '3', '2026-06-10 18:29:53.124', '2026-06-10 18:29:53.124') ON CONFLICT DO NOTHING;
INSERT INTO public."JobCardTask" ("id", "jobCardId", "taskName", "taskDescription", "status", "assignedWorkerId", "estimatedMinutes", "actualMinutes", "notes", "sortOrder", "createdAt", "updatedAt") VALUES ('cmq8elesy008qtk9wg91or516', 'cmq8ekvhp006wtk9w117gjwjt', 'Final QC', NULL, 'PENDING', NULL, '55', NULL, NULL, '4', '2026-06-10 18:29:53.842', '2026-06-10 18:29:53.842') ON CONFLICT DO NOTHING;
INSERT INTO public."JobCardTask" ("id", "jobCardId", "taskName", "taskDescription", "status", "assignedWorkerId", "estimatedMinutes", "actualMinutes", "notes", "sortOrder", "createdAt", "updatedAt") VALUES ('cmq93no5b0003pdph4vrgphe4', 'cmq8zs5qt0001ogmd2g7onc6s', 'CHAIN CLEAN', NULL, 'COMPLETED', NULL, NULL, NULL, NULL, '0', '2026-06-11 06:11:29.664', '2026-06-11 06:11:29.664') ON CONFLICT DO NOTHING;
INSERT INTO public."JobCardTask" ("id", "jobCardId", "taskName", "taskDescription", "status", "assignedWorkerId", "estimatedMinutes", "actualMinutes", "notes", "sortOrder", "createdAt", "updatedAt") VALUES ('cmq93nv9x0009pdphfw0z5wba', 'cmq8zs5qt0001ogmd2g7onc6s', 'FOAM WASH', NULL, 'COMPLETED', NULL, NULL, NULL, NULL, '0', '2026-06-11 06:11:38.881', '2026-06-11 06:11:38.881') ON CONFLICT DO NOTHING;
INSERT INTO public."JobCardTask" ("id", "jobCardId", "taskName", "taskDescription", "status", "assignedWorkerId", "estimatedMinutes", "actualMinutes", "notes", "sortOrder", "createdAt", "updatedAt") VALUES ('cmq94s17n0003cw11jb7rit8e', 'cmq94q7600008qplbsmhf4nq9', 'CASTROL 10W30', NULL, 'COMPLETED', NULL, NULL, NULL, NULL, '0', '2026-06-11 06:42:52.836', '2026-06-11 06:42:52.836') ON CONFLICT DO NOTHING;
INSERT INTO public."JobCardTask" ("id", "jobCardId", "taskName", "taskDescription", "status", "assignedWorkerId", "estimatedMinutes", "actualMinutes", "notes", "sortOrder", "createdAt", "updatedAt") VALUES ('cmq94s79v00038xw00ex76ium', 'cmq94q7600008qplbsmhf4nq9', 'General Service', NULL, 'COMPLETED', NULL, NULL, NULL, NULL, '0', '2026-06-11 06:43:00.691', '2026-06-11 06:43:00.691') ON CONFLICT DO NOTHING;
INSERT INTO public."JobCardTask" ("id", "jobCardId", "taskName", "taskDescription", "status", "assignedWorkerId", "estimatedMinutes", "actualMinutes", "notes", "sortOrder", "createdAt", "updatedAt") VALUES ('cmq958nf8000gcw11hyhrvb5c', 'cmq9345tu000kq3jpytm93djn', 'FOAM WASH', NULL, 'COMPLETED', NULL, NULL, NULL, NULL, '0', '2026-06-11 06:55:48.103', '2026-06-11 06:55:48.103') ON CONFLICT DO NOTHING;
INSERT INTO public."JobCardTask" ("id", "jobCardId", "taskName", "taskDescription", "status", "assignedWorkerId", "estimatedMinutes", "actualMinutes", "notes", "sortOrder", "createdAt", "updatedAt") VALUES ('cmq983rax00038ev6eu508ja7', 'cmq8z0yj4000aei5ir1tgdsfe', 'Labour charges ', NULL, 'COMPLETED', NULL, NULL, NULL, NULL, '0', '2026-06-11 08:15:58.688', '2026-06-11 08:15:58.688') ON CONFLICT DO NOTHING;
INSERT INTO public."JobCardTask" ("id", "jobCardId", "taskName", "taskDescription", "status", "assignedWorkerId", "estimatedMinutes", "actualMinutes", "notes", "sortOrder", "createdAt", "updatedAt") VALUES ('cmq984f6x0003galztmqn2s5z', 'cmq8z0yj4000aei5ir1tgdsfe', 'Castrol 20w40', NULL, 'COMPLETED', NULL, NULL, NULL, NULL, '0', '2026-06-11 08:16:29.648', '2026-06-11 08:16:29.648') ON CONFLICT DO NOTHING;
INSERT INTO public."JobCardTask" ("id", "jobCardId", "taskName", "taskDescription", "status", "assignedWorkerId", "estimatedMinutes", "actualMinutes", "notes", "sortOrder", "createdAt", "updatedAt") VALUES ('cmq9859dt00098ev6yvss6e3n', 'cmq8z0yj4000aei5ir1tgdsfe', 'Activ Castrol 20w40', NULL, 'COMPLETED', NULL, NULL, NULL, NULL, '0', '2026-06-11 08:17:08.778', '2026-06-11 08:17:08.778') ON CONFLICT DO NOTHING;
INSERT INTO public."JobCardTask" ("id", "jobCardId", "taskName", "taskDescription", "status", "assignedWorkerId", "estimatedMinutes", "actualMinutes", "notes", "sortOrder", "createdAt", "updatedAt") VALUES ('cmq9865nk000h8ev6xk5xmzoq', 'cmq8z0yj4000aei5ir1tgdsfe', 'Activ Castrol 20w40 ', NULL, 'COMPLETED', NULL, NULL, NULL, NULL, '0', '2026-06-11 08:17:50.598', '2026-06-11 08:17:50.598') ON CONFLICT DO NOTHING;
INSERT INTO public."JobCardTask" ("id", "jobCardId", "taskName", "taskDescription", "status", "assignedWorkerId", "estimatedMinutes", "actualMinutes", "notes", "sortOrder", "createdAt", "updatedAt") VALUES ('cmq98pd6l0003uif5q8vgerdz', 'cmq95baj2000l8xw07dglk68b', 'AMC — GOLD (350cc+)', NULL, 'COMPLETED', NULL, NULL, NULL, NULL, '0', '2026-06-11 08:32:46.846', '2026-06-11 08:32:46.846') ON CONFLICT DO NOTHING;
INSERT INTO public."JobCardTask" ("id", "jobCardId", "taskName", "taskDescription", "status", "assignedWorkerId", "estimatedMinutes", "actualMinutes", "notes", "sortOrder", "createdAt", "updatedAt") VALUES ('cmq98pr0q000buif5ulvjbvsx', 'cmq95baj2000l8xw07dglk68b', 'AMC — GOLD (350cc+)', NULL, 'COMPLETED', NULL, NULL, NULL, NULL, '0', '2026-06-11 08:33:04.754', '2026-06-11 08:33:04.754') ON CONFLICT DO NOTHING;
INSERT INTO public."JobCardTask" ("id", "jobCardId", "taskName", "taskDescription", "status", "assignedWorkerId", "estimatedMinutes", "actualMinutes", "notes", "sortOrder", "createdAt", "updatedAt") VALUES ('cmq98qb5r000juif55nzk4bhr', 'cmq95baj2000l8xw07dglk68b', 'AMC — GOLD (350cc+)', NULL, 'COMPLETED', NULL, NULL, NULL, NULL, '0', '2026-06-11 08:33:30.88', '2026-06-11 08:33:30.88') ON CONFLICT DO NOTHING;
INSERT INTO public."JobCardTask" ("id", "jobCardId", "taskName", "taskDescription", "status", "assignedWorkerId", "estimatedMinutes", "actualMinutes", "notes", "sortOrder", "createdAt", "updatedAt") VALUES ('cmq98t0wp000puif5mzhiveag', 'cmq916uvk000ow352jjiacaui', 'washing charge', NULL, 'COMPLETED', NULL, NULL, NULL, NULL, '0', '2026-06-11 08:35:37.533', '2026-06-11 08:35:37.533') ON CONFLICT DO NOTHING;
INSERT INTO public."JobCardTask" ("id", "jobCardId", "taskName", "taskDescription", "status", "assignedWorkerId", "estimatedMinutes", "actualMinutes", "notes", "sortOrder", "createdAt", "updatedAt") VALUES ('cmq98tl590011uif5tkm4hjvw', 'cmq916uvk000ow352jjiacaui', 'foam wash ', NULL, 'COMPLETED', NULL, NULL, NULL, NULL, '0', '2026-06-11 08:36:03.79', '2026-06-11 08:36:03.79') ON CONFLICT DO NOTHING;
INSERT INTO public."JobCardTask" ("id", "jobCardId", "taskName", "taskDescription", "status", "assignedWorkerId", "estimatedMinutes", "actualMinutes", "notes", "sortOrder", "createdAt", "updatedAt") VALUES ('cmq9970li0005e1hk9ypj3m8c', 'cmq95baj2000l8xw07dglk68b', 'AMC — GOLD (350cc+)', NULL, 'COMPLETED', NULL, NULL, NULL, NULL, '0', '2026-06-11 08:46:30.33', '2026-06-11 08:46:30.33') ON CONFLICT DO NOTHING;
INSERT INTO public."JobCardTask" ("id", "jobCardId", "taskName", "taskDescription", "status", "assignedWorkerId", "estimatedMinutes", "actualMinutes", "notes", "sortOrder", "createdAt", "updatedAt") VALUES ('cmq99n5070004f2ykt305hoad', 'cmq95baj2000l8xw07dglk68b', 'foam wash', NULL, 'COMPLETED', NULL, NULL, NULL, NULL, '0', '2026-06-11 08:59:02.551', '2026-06-11 08:59:02.551') ON CONFLICT DO NOTHING;
INSERT INTO public."JobCardTask" ("id", "jobCardId", "taskName", "taskDescription", "status", "assignedWorkerId", "estimatedMinutes", "actualMinutes", "notes", "sortOrder", "createdAt", "updatedAt") VALUES ('cmq99nhxk000bf2ykv91e9npn', 'cmq95baj2000l8xw07dglk68b', 'silicon  polish ', NULL, 'COMPLETED', NULL, NULL, NULL, NULL, '0', '2026-06-11 08:59:19.304', '2026-06-11 08:59:19.304') ON CONFLICT DO NOTHING;
INSERT INTO public."JobCardTask" ("id", "jobCardId", "taskName", "taskDescription", "status", "assignedWorkerId", "estimatedMinutes", "actualMinutes", "notes", "sortOrder", "createdAt", "updatedAt") VALUES ('cmq99nu3u000if2ykncxajk39', 'cmq95baj2000l8xw07dglk68b', 'AMC — GOLD (350cc+)', NULL, 'COMPLETED', NULL, NULL, NULL, NULL, '0', '2026-06-11 08:59:35.082', '2026-06-11 08:59:35.082') ON CONFLICT DO NOTHING;
INSERT INTO public."JobCardTask" ("id", "jobCardId", "taskName", "taskDescription", "status", "assignedWorkerId", "estimatedMinutes", "actualMinutes", "notes", "sortOrder", "createdAt", "updatedAt") VALUES ('cmq9a8j1i0003yvrrhgupyaqw', 'cmq95baj2000l8xw07dglk68b', 'CHAIN LUBE', NULL, 'PENDING', NULL, NULL, NULL, NULL, '7', '2026-06-11 09:15:40.518', '2026-06-11 09:15:40.518') ON CONFLICT DO NOTHING;
INSERT INTO public."JobCardTask" ("id", "jobCardId", "taskName", "taskDescription", "status", "assignedWorkerId", "estimatedMinutes", "actualMinutes", "notes", "sortOrder", "createdAt", "updatedAt") VALUES ('cmq9cacbi0004lize7xzxo2t8', 'cmq9096670008v0ipef6ae0m3', 'ACTIV 20W40 900ML', NULL, 'COMPLETED', NULL, NULL, NULL, NULL, '0', '2026-06-11 10:13:04.35', '2026-06-11 10:13:04.35') ON CONFLICT DO NOTHING;
INSERT INTO public."JobCardTask" ("id", "jobCardId", "taskName", "taskDescription", "status", "assignedWorkerId", "estimatedMinutes", "actualMinutes", "notes", "sortOrder", "createdAt", "updatedAt") VALUES ('cmq9cb5c1000elize6l05wcbn', 'cmq9096670008v0ipef6ae0m3', 'ACTIV 20W40 900ML', NULL, 'COMPLETED', NULL, NULL, NULL, NULL, '0', '2026-06-11 10:13:41.953', '2026-06-11 10:13:41.953') ON CONFLICT DO NOTHING;
INSERT INTO public."JobCardTask" ("id", "jobCardId", "taskName", "taskDescription", "status", "assignedWorkerId", "estimatedMinutes", "actualMinutes", "notes", "sortOrder", "createdAt", "updatedAt") VALUES ('cmq9cbheg0004bcfudw4a2r77', 'cmq9096670008v0ipef6ae0m3', 'SILICON CHAIN CAP', NULL, 'COMPLETED', NULL, NULL, NULL, NULL, '0', '2026-06-11 10:13:57.592', '2026-06-11 10:13:57.592') ON CONFLICT DO NOTHING;
INSERT INTO public."JobCardTask" ("id", "jobCardId", "taskName", "taskDescription", "status", "assignedWorkerId", "estimatedMinutes", "actualMinutes", "notes", "sortOrder", "createdAt", "updatedAt") VALUES ('cmq9cbqwp000llizeph37mmm4', 'cmq9096670008v0ipef6ae0m3', 'General Service', NULL, 'COMPLETED', NULL, NULL, NULL, NULL, '0', '2026-06-11 10:14:09.913', '2026-06-11 10:14:09.913') ON CONFLICT DO NOTHING;
INSERT INTO public."JobCardTask" ("id", "jobCardId", "taskName", "taskDescription", "status", "assignedWorkerId", "estimatedMinutes", "actualMinutes", "notes", "sortOrder", "createdAt", "updatedAt") VALUES ('cmq9e7gk10004i07i8lgqmfhd', 'cmq8zhndk0008c0upmdloj9do', 'General Service', NULL, 'COMPLETED', NULL, NULL, NULL, NULL, '0', '2026-06-11 11:06:49.105', '2026-06-11 11:06:49.105') ON CONFLICT DO NOTHING;
INSERT INTO public."JobCardTask" ("id", "jobCardId", "taskName", "taskDescription", "status", "assignedWorkerId", "estimatedMinutes", "actualMinutes", "notes", "sortOrder", "createdAt", "updatedAt") VALUES ('cmq9e88dy000bi07i3p9tmiht', 'cmq8zhndk0008c0upmdloj9do', 'Foam Wash', NULL, 'COMPLETED', NULL, NULL, NULL, NULL, '0', '2026-06-11 11:07:25.175', '2026-06-11 11:07:25.175') ON CONFLICT DO NOTHING;
INSERT INTO public."JobCardTask" ("id", "jobCardId", "taskName", "taskDescription", "status", "assignedWorkerId", "estimatedMinutes", "actualMinutes", "notes", "sortOrder", "createdAt", "updatedAt") VALUES ('cmq9et79o0004d39omq73g8sg', 'cmq90e6ci000kv0ipbrl8rywb', 'General Service', NULL, 'COMPLETED', NULL, NULL, NULL, NULL, '0', '2026-06-11 11:23:43.501', '2026-06-11 11:23:43.501') ON CONFLICT DO NOTHING;
INSERT INTO public."JobCardTask" ("id", "jobCardId", "taskName", "taskDescription", "status", "assignedWorkerId", "estimatedMinutes", "actualMinutes", "notes", "sortOrder", "createdAt", "updatedAt") VALUES ('cmq9etkv9000bd39otxm0v2gt', 'cmq90e6ci000kv0ipbrl8rywb', 'FOAM WASH', NULL, 'COMPLETED', NULL, NULL, NULL, NULL, '0', '2026-06-11 11:24:01.126', '2026-06-11 11:24:01.126') ON CONFLICT DO NOTHING;
INSERT INTO public."JobCardTask" ("id", "jobCardId", "taskName", "taskDescription", "status", "assignedWorkerId", "estimatedMinutes", "actualMinutes", "notes", "sortOrder", "createdAt", "updatedAt") VALUES ('cmq9ewjo9000od39o8dpnt7sg', 'cmq90e6ci000kv0ipbrl8rywb', 'CHAIN LUBE ', NULL, 'COMPLETED', NULL, NULL, NULL, NULL, '0', '2026-06-11 11:26:19.546', '2026-06-11 11:26:19.546') ON CONFLICT DO NOTHING;
INSERT INTO public."JobCardTask" ("id", "jobCardId", "taskName", "taskDescription", "status", "assignedWorkerId", "estimatedMinutes", "actualMinutes", "notes", "sortOrder", "createdAt", "updatedAt") VALUES ('cmq9grvuk0004bumpzurwrnk3', 'cmq90rmkl0008w352tck2ie43', 'General Service', NULL, 'COMPLETED', NULL, NULL, NULL, NULL, '0', '2026-06-11 12:18:41.276', '2026-06-11 12:18:41.276') ON CONFLICT DO NOTHING;
INSERT INTO public."JobCardTask" ("id", "jobCardId", "taskName", "taskDescription", "status", "assignedWorkerId", "estimatedMinutes", "actualMinutes", "notes", "sortOrder", "createdAt", "updatedAt") VALUES ('cmq9gt6nc0004nymzo8l63qcd', 'cmq90rmkl0008w352tck2ie43', '581007/A ELEMENT ', NULL, 'COMPLETED', NULL, NULL, NULL, NULL, '0', '2026-06-11 12:19:41.929', '2026-06-11 12:19:41.929') ON CONFLICT DO NOTHING;
INSERT INTO public."JobCardTask" ("id", "jobCardId", "taskName", "taskDescription", "status", "assignedWorkerId", "estimatedMinutes", "actualMinutes", "notes", "sortOrder", "createdAt", "updatedAt") VALUES ('cmq9gulh8000bnymzl5tnfxn8', 'cmq90rmkl0008w352tck2ie43', '594698/A BRAKE PAD RR', NULL, 'COMPLETED', NULL, NULL, NULL, NULL, '0', '2026-06-11 12:20:47.804', '2026-06-11 12:20:47.804') ON CONFLICT DO NOTHING;
INSERT INTO public."JobCardTask" ("id", "jobCardId", "taskName", "taskDescription", "status", "assignedWorkerId", "estimatedMinutes", "actualMinutes", "notes", "sortOrder", "createdAt", "updatedAt") VALUES ('cmq9gv2od000bbump58o95sla', 'cmq90rmkl0008w352tck2ie43', 'NPN DISC OIL ', NULL, 'COMPLETED', NULL, NULL, NULL, NULL, '0', '2026-06-11 12:21:10.093', '2026-06-11 12:21:10.093') ON CONFLICT DO NOTHING;
INSERT INTO public."JobCardTask" ("id", "jobCardId", "taskName", "taskDescription", "status", "assignedWorkerId", "estimatedMinutes", "actualMinutes", "notes", "sortOrder", "createdAt", "updatedAt") VALUES ('cmq9gvur1000ibumpu5o1or8g', 'cmq90rmkl0008w352tck2ie43', 'CHAIN CLEAN CLEAN LUBE', NULL, 'COMPLETED', NULL, NULL, NULL, NULL, '0', '2026-06-11 12:21:46.477', '2026-06-11 12:21:46.477') ON CONFLICT DO NOTHING;
INSERT INTO public."JobCardTask" ("id", "jobCardId", "taskName", "taskDescription", "status", "assignedWorkerId", "estimatedMinutes", "actualMinutes", "notes", "sortOrder", "createdAt", "updatedAt") VALUES ('cmq9h5gfb000xbumpj22w2l1e', 'cmq92yrma0008q3jpgvtowqan', 'General Service', NULL, 'COMPLETED', NULL, NULL, NULL, NULL, '0', '2026-06-11 12:29:14.471', '2026-06-11 12:29:14.471') ON CONFLICT DO NOTHING;
INSERT INTO public."JobCardTask" ("id", "jobCardId", "taskName", "taskDescription", "status", "assignedWorkerId", "estimatedMinutes", "actualMinutes", "notes", "sortOrder", "createdAt", "updatedAt") VALUES ('cmq9h6bwq000inymzawk9h0sk', 'cmq92yrma0008q3jpgvtowqan', 'ACTIV CASTROL 20W40 900ML', NULL, 'COMPLETED', NULL, NULL, NULL, NULL, '0', '2026-06-11 12:29:55.275', '2026-06-11 12:29:55.275') ON CONFLICT DO NOTHING;

-- Phase B · JobCardPart from local dump (10 rows)
INSERT INTO public."JobCardPart" ("id", "jobCardId", "inventoryItemId", "requiredQty", "reservedQty", "consumedQty", "unitPrice", "notes", "createdAt", "updatedAt") VALUES ('cmq8elfd1008stk9wovwttobh', 'cmq8ekqyd006otk9w8ly7z8oq', 'cmq8ejh7y003rtk9wiwqig5qo', '1.00', '0.00', '0.00', '350.00', NULL, '2026-06-10 18:29:54.565', '2026-06-10 18:29:54.565') ON CONFLICT DO NOTHING;
INSERT INTO public."JobCardPart" ("id", "jobCardId", "inventoryItemId", "requiredQty", "reservedQty", "consumedQty", "unitPrice", "notes", "createdAt", "updatedAt") VALUES ('cmq8elfxi008utk9w5b71xbm3', 'cmq8ekqyd006otk9w8ly7z8oq', 'cmq8ejkkh003xtk9w5u32e7vk', '2.00', '0.00', '0.00', '200.00', NULL, '2026-06-10 18:29:55.302', '2026-06-10 18:29:55.302') ON CONFLICT DO NOTHING;
INSERT INTO public."JobCardPart" ("id", "jobCardId", "inventoryItemId", "requiredQty", "reservedQty", "consumedQty", "unitPrice", "notes", "createdAt", "updatedAt") VALUES ('cmq8elghk008wtk9wg7iu5snz', 'cmq8eks30006qtk9w3k37670e', 'cmq8ejic9003ttk9w7qphf54b', '1.00', '0.00', '0.00', '650.00', NULL, '2026-06-10 18:29:56.024', '2026-06-10 18:29:56.024') ON CONFLICT DO NOTHING;
INSERT INTO public."JobCardPart" ("id", "jobCardId", "inventoryItemId", "requiredQty", "reservedQty", "consumedQty", "unitPrice", "notes", "createdAt", "updatedAt") VALUES ('cmq8elh1k008ytk9wmzk41glo', 'cmq8eks30006qtk9w3k37670e', 'cmq8ejlol003ztk9we0kr5zbt', '2.00', '0.00', '0.00', '150.00', NULL, '2026-06-10 18:29:56.745', '2026-06-10 18:29:56.745') ON CONFLICT DO NOTHING;
INSERT INTO public."JobCardPart" ("id", "jobCardId", "inventoryItemId", "requiredQty", "reservedQty", "consumedQty", "unitPrice", "notes", "createdAt", "updatedAt") VALUES ('cmq8elhln0090tk9w186n7eay', 'cmq8ekt7e006stk9w2kuaudmw', 'cmq8ejjgc003vtk9wbgrnnl29', '1.00', '0.00', '0.00', '280.00', NULL, '2026-06-10 18:29:57.467', '2026-06-10 18:29:57.467') ON CONFLICT DO NOTHING;
INSERT INTO public."JobCardPart" ("id", "jobCardId", "inventoryItemId", "requiredQty", "reservedQty", "consumedQty", "unitPrice", "notes", "createdAt", "updatedAt") VALUES ('cmq8eli5y0092tk9w7m6ztzvp', 'cmq8ekt7e006stk9w2kuaudmw', 'cmq8ejmwl0041tk9wnjdxfhcu', '2.00', '0.00', '0.00', '1200.00', NULL, '2026-06-10 18:29:58.199', '2026-06-10 18:29:58.199') ON CONFLICT DO NOTHING;
INSERT INTO public."JobCardPart" ("id", "jobCardId", "inventoryItemId", "requiredQty", "reservedQty", "consumedQty", "unitPrice", "notes", "createdAt", "updatedAt") VALUES ('cmq8eliq00094tk9wg5q0ixu9', 'cmq8ekubt006utk9w182c6uoa', 'cmq8ejkkh003xtk9w5u32e7vk', '1.00', '0.00', '0.00', '200.00', NULL, '2026-06-10 18:29:58.921', '2026-06-10 18:29:58.921') ON CONFLICT DO NOTHING;
INSERT INTO public."JobCardPart" ("id", "jobCardId", "inventoryItemId", "requiredQty", "reservedQty", "consumedQty", "unitPrice", "notes", "createdAt", "updatedAt") VALUES ('cmq8elja00096tk9wknntzw2n', 'cmq8ekubt006utk9w182c6uoa', 'cmq8ejo0s0043tk9wk2mq1a3s', '2.00', '0.00', '0.00', '1600.00', NULL, '2026-06-10 18:29:59.64', '2026-06-10 18:29:59.64') ON CONFLICT DO NOTHING;
INSERT INTO public."JobCardPart" ("id", "jobCardId", "inventoryItemId", "requiredQty", "reservedQty", "consumedQty", "unitPrice", "notes", "createdAt", "updatedAt") VALUES ('cmq8elju20098tk9wz2scvx8v', 'cmq8ekvhp006wtk9w117gjwjt', 'cmq8ejlol003ztk9we0kr5zbt', '1.00', '0.00', '0.00', '150.00', NULL, '2026-06-10 18:30:00.363', '2026-06-10 18:30:00.363') ON CONFLICT DO NOTHING;
INSERT INTO public."JobCardPart" ("id", "jobCardId", "inventoryItemId", "requiredQty", "reservedQty", "consumedQty", "unitPrice", "notes", "createdAt", "updatedAt") VALUES ('cmq8elke2009atk9wiudknqf8', 'cmq8ekvhp006wtk9w117gjwjt', 'cmq8ejp530045tk9wx5vwym0d', '2.00', '0.00', '0.00', '250.00', NULL, '2026-06-10 18:30:01.082', '2026-06-10 18:30:01.082') ON CONFLICT DO NOTHING;

-- Phase B · Invoice from local dump (13 rows)
INSERT INTO public."Invoice" ("id", "invoiceNumber", "customerId", "vehicleId", "jobCardId", "appointmentId", "invoiceDate", "dueDate", "subtotal", "discountType", "discountValue", "discountAmount", "taxTotal", "grandTotal", "amountPaid", "amountDue", "paymentStatus", "invoiceStatus", "notes", "finalizedAt", "createdByAdminId", "createdAt", "updatedAt") VALUES ('cmq8ellq6009ctk9wms0m2olr', 'INV-2026-0001', 'cmq8eih670027tk9wj6jp8eaq', 'cmq8eimv0002itk9wesbpxfyv', 'cmq8ekqyd006otk9w8ly7z8oq', NULL, '2026-06-02 18:29:10.441', NULL, '1050.00', NULL, NULL, '0.00', '189.00', '1239.00', '1239.00', '0.00', 'PAID', 'FINALIZED', NULL, '2026-06-02 18:29:10.441', 'cmofh1jig0004106yjgbfqrdx', '2026-06-10 18:30:02.814', '2026-06-10 18:30:02.814') ON CONFLICT DO NOTHING;
INSERT INTO public."Invoice" ("id", "invoiceNumber", "customerId", "vehicleId", "jobCardId", "appointmentId", "invoiceDate", "dueDate", "subtotal", "discountType", "discountValue", "discountAmount", "taxTotal", "grandTotal", "amountPaid", "amountDue", "paymentStatus", "invoiceStatus", "notes", "finalizedAt", "createdByAdminId", "createdAt", "updatedAt") VALUES ('cmq8elnnb009htk9wdfl8o5cw', 'INV-2026-0002', 'cmq8eihqb0028tk9w0gpzddyb', 'cmq8einf7002ktk9wwp4zuo1m', 'cmq8eks30006qtk9w3k37670e', NULL, '2026-06-04 18:29:10.441', NULL, '1350.00', NULL, NULL, '0.00', '243.00', '1593.00', '796.50', '796.50', 'PARTIALLY_PAID', 'FINALIZED', NULL, '2026-06-04 18:29:10.441', 'cmofh1jig0004106yjgbfqrdx', '2026-06-10 18:30:05.303', '2026-06-10 18:30:05.303') ON CONFLICT DO NOTHING;
INSERT INTO public."Invoice" ("id", "invoiceNumber", "customerId", "vehicleId", "jobCardId", "appointmentId", "invoiceDate", "dueDate", "subtotal", "discountType", "discountValue", "discountAmount", "taxTotal", "grandTotal", "amountPaid", "amountDue", "paymentStatus", "invoiceStatus", "notes", "finalizedAt", "createdByAdminId", "createdAt", "updatedAt") VALUES ('cmq916ux6000pw3520720u1ao', 'INV-RW15I7UQ', 'cmq9164ef000gw352im1qlnev', 'cmq916mf0000kw352sukhqh2a', 'cmq916uvk000ow352jjiacaui', NULL, '2026-06-11 05:02:26.058', NULL, '49.00', NULL, NULL, '0.00', '0.00', '49.00', '49.00', '0.00', 'PAID', 'FINALIZED', NULL, '2026-06-11 08:36:05.922', 'cmofh1jig0004106yjgbfqrdx', '2026-06-11 05:02:26.059', '2026-06-11 08:36:10.149') ON CONFLICT DO NOTHING;
INSERT INTO public."Invoice" ("id", "invoiceNumber", "customerId", "vehicleId", "jobCardId", "appointmentId", "invoiceDate", "dueDate", "subtotal", "discountType", "discountValue", "discountAmount", "taxTotal", "grandTotal", "amountPaid", "amountDue", "paymentStatus", "invoiceStatus", "notes", "finalizedAt", "createdByAdminId", "createdAt", "updatedAt") VALUES ('cmq8zs5rz0002ogmd9zwxup9e', 'INV-GUN94L0J', 'cmq8zpxoa00004pnfqeua0fxf', 'cmq8zqd3m00044pnf93zcloss', 'cmq8zs5qt0001ogmd2g7onc6s', NULL, '2026-06-11 04:23:00.67', NULL, '74.00', NULL, NULL, '0.00', '0.00', '74.00', '74.00', '0.00', 'PAID', 'FINALIZED', NULL, '2026-06-11 06:11:41.12', 'cmofh1jig0004106yjgbfqrdx', '2026-06-11 04:23:00.671', '2026-06-11 06:11:46.628') ON CONFLICT DO NOTHING;
INSERT INTO public."Invoice" ("id", "invoiceNumber", "customerId", "vehicleId", "jobCardId", "appointmentId", "invoiceDate", "dueDate", "subtotal", "discountType", "discountValue", "discountAmount", "taxTotal", "grandTotal", "amountPaid", "amountDue", "paymentStatus", "invoiceStatus", "notes", "finalizedAt", "createdByAdminId", "createdAt", "updatedAt") VALUES ('cmq8z0yke000bei5ikzc3h6wc', 'INV-2KA5S2UQ', 'cmq8yz8tu0002ei5io346nbz6', 'cmq8z0hq40006ei5ifaqsfpcr', 'cmq8z0yj4000aei5ir1tgdsfe', NULL, '2026-06-11 04:01:51.613', NULL, '796.50', NULL, NULL, '0.00', '0.00', '797.00', '0.00', '797.00', 'UNPAID', 'FINALIZED', NULL, '2026-06-11 08:18:11.772', 'cmofh1jig0004106yjgbfqrdx', '2026-06-11 04:01:51.614', '2026-06-11 08:18:11.773') ON CONFLICT DO NOTHING;
INSERT INTO public."Invoice" ("id", "invoiceNumber", "customerId", "vehicleId", "jobCardId", "appointmentId", "invoiceDate", "dueDate", "subtotal", "discountType", "discountValue", "discountAmount", "taxTotal", "grandTotal", "amountPaid", "amountDue", "paymentStatus", "invoiceStatus", "notes", "finalizedAt", "createdByAdminId", "createdAt", "updatedAt") VALUES ('cmq8zhnej0009c0upr3cpkxqa', 'INV-O7IRQ66H', 'cmq8zgfk10000c0uptfnpc77f', 'cmq8zgx6t0004c0up8blgf3a3', 'cmq8zhndk0008c0upmdloj9do', NULL, '2026-06-11 04:14:50.299', NULL, '449.00', NULL, NULL, '0.00', '0.00', '449.00', '449.00', '0.00', 'PAID', 'FINALIZED', NULL, '2026-06-11 11:07:45.961', 'cmofh1jig0004106yjgbfqrdx', '2026-06-11 04:14:50.3', '2026-06-11 11:07:58.566') ON CONFLICT DO NOTHING;
INSERT INTO public."Invoice" ("id", "invoiceNumber", "customerId", "vehicleId", "jobCardId", "appointmentId", "invoiceDate", "dueDate", "subtotal", "discountType", "discountValue", "discountAmount", "taxTotal", "grandTotal", "amountPaid", "amountDue", "paymentStatus", "invoiceStatus", "notes", "finalizedAt", "createdByAdminId", "createdAt", "updatedAt") VALUES ('cmq94q77b0009qplbs2jqz4au', 'INV-AYC37HTG', 'cmq94p3920000qplb19fz53pl', 'cmq94px7i0004qplberzhfail', 'cmq94q7600008qplbsmhf4nq9', NULL, '2026-06-11 06:41:27.287', NULL, '750.00', NULL, NULL, '0.00', '0.00', '750.00', '750.00', '0.00', 'PAID', 'FINALIZED', NULL, '2026-06-11 06:43:19.446', 'cmofh1jig0004106yjgbfqrdx', '2026-06-11 06:41:27.288', '2026-06-11 06:47:43.364') ON CONFLICT DO NOTHING;
INSERT INTO public."Invoice" ("id", "invoiceNumber", "customerId", "vehicleId", "jobCardId", "appointmentId", "invoiceDate", "dueDate", "subtotal", "discountType", "discountValue", "discountAmount", "taxTotal", "grandTotal", "amountPaid", "amountDue", "paymentStatus", "invoiceStatus", "notes", "finalizedAt", "createdByAdminId", "createdAt", "updatedAt") VALUES ('cmq90rmlw0009w352mswdp0ec', 'INV-V9QB2XFJ', 'cmq90qcbi0000w352n3yauaux', 'cmq90qukt0004w352hl9rne4u', 'cmq90rmkl0008w352tck2ie43', NULL, '2026-06-11 04:50:35.444', NULL, '1147.50', NULL, NULL, '0.00', '0.00', '1148.00', '1148.00', '0.00', 'PAID', 'FINALIZED', NULL, '2026-06-11 12:21:49.424', 'cmofh1jig0004106yjgbfqrdx', '2026-06-11 04:50:35.445', '2026-06-11 12:22:52.863') ON CONFLICT DO NOTHING;
INSERT INTO public."Invoice" ("id", "invoiceNumber", "customerId", "vehicleId", "jobCardId", "appointmentId", "invoiceDate", "dueDate", "subtotal", "discountType", "discountValue", "discountAmount", "taxTotal", "grandTotal", "amountPaid", "amountDue", "paymentStatus", "invoiceStatus", "notes", "finalizedAt", "createdByAdminId", "createdAt", "updatedAt") VALUES ('cmq9345uu000lq3jpvlx0szcg', 'INV-Q63ZMQVH', 'cmq9321y4000cq3jpjjbuad34', 'cmq932ic7000gq3jprhxini79', 'cmq9345tu000kq3jpytm93djn', NULL, '2026-06-11 05:56:19.494', NULL, '49.00', NULL, NULL, '0.00', '0.00', '49.00', '49.00', '0.00', 'PAID', 'FINALIZED', NULL, '2026-06-11 06:55:50.3', 'cmofh1jig0004106yjgbfqrdx', '2026-06-11 05:56:19.495', '2026-06-11 06:55:54.265') ON CONFLICT DO NOTHING;
INSERT INTO public."Invoice" ("id", "invoiceNumber", "customerId", "vehicleId", "jobCardId", "appointmentId", "invoiceDate", "dueDate", "subtotal", "discountType", "discountValue", "discountAmount", "taxTotal", "grandTotal", "amountPaid", "amountDue", "paymentStatus", "invoiceStatus", "notes", "finalizedAt", "createdByAdminId", "createdAt", "updatedAt") VALUES ('cmq95bak6000m8xw0p6gsxrj9', 'INV-Z9TJ713L', 'cmq95ac2j000d8xw0nzx65tyh', 'cmq95awcf000h8xw0bjuy7tzj', 'cmq95baj2000l8xw07dglk68b', NULL, '2026-06-11 06:57:51.414', NULL, '1604.00', NULL, NULL, '0.00', '0.00', '1604.00', '1604.00', '0.00', 'PAID', 'FINALIZED', NULL, '2026-06-11 08:59:42.901', 'cmofh1jig0004106yjgbfqrdx', '2026-06-11 06:57:51.415', '2026-06-11 09:17:27.982') ON CONFLICT DO NOTHING;
INSERT INTO public."Invoice" ("id", "invoiceNumber", "customerId", "vehicleId", "jobCardId", "appointmentId", "invoiceDate", "dueDate", "subtotal", "discountType", "discountValue", "discountAmount", "taxTotal", "grandTotal", "amountPaid", "amountDue", "paymentStatus", "invoiceStatus", "notes", "finalizedAt", "createdByAdminId", "createdAt", "updatedAt") VALUES ('cmq90e6du000lv0ip3ewuut5w', 'INV-UMUT3RAL', 'cmq90aqgy000cv0ipx2o9ehnl', 'cmq90b5ad000gv0ip606qeqm6', 'cmq90e6ci000kv0ipbrl8rywb', NULL, '2026-06-11 04:40:07.889', NULL, '449.00', NULL, NULL, '0.00', '0.00', '449.00', '449.00', '0.00', 'PAID', 'FINALIZED', NULL, '2026-06-11 11:26:25.065', 'cmofh1jig0004106yjgbfqrdx', '2026-06-11 04:40:07.89', '2026-06-11 11:26:34.591') ON CONFLICT DO NOTHING;
INSERT INTO public."Invoice" ("id", "invoiceNumber", "customerId", "vehicleId", "jobCardId", "appointmentId", "invoiceDate", "dueDate", "subtotal", "discountType", "discountValue", "discountAmount", "taxTotal", "grandTotal", "amountPaid", "amountDue", "paymentStatus", "invoiceStatus", "notes", "finalizedAt", "createdByAdminId", "createdAt", "updatedAt") VALUES ('cmq92yrnf0009q3jpk0m70ift', 'INV-4A4C9U79', 'cmq92syu40000q3jpsrf3z87h', 'cmq92ucij0004q3jp9rbw3nli', 'cmq92yrma0008q3jpgvtowqan', NULL, '2026-06-11 05:52:07.802', NULL, '796.50', NULL, NULL, '0.00', '0.00', '797.00', '797.00', '0.00', 'PAID', 'FINALIZED', NULL, '2026-06-11 12:30:31.537', 'cmofh1jig0004106yjgbfqrdx', '2026-06-11 05:52:07.803', '2026-06-11 12:34:10.117') ON CONFLICT DO NOTHING;
INSERT INTO public."Invoice" ("id", "invoiceNumber", "customerId", "vehicleId", "jobCardId", "appointmentId", "invoiceDate", "dueDate", "subtotal", "discountType", "discountValue", "discountAmount", "taxTotal", "grandTotal", "amountPaid", "amountDue", "paymentStatus", "invoiceStatus", "notes", "finalizedAt", "createdByAdminId", "createdAt", "updatedAt") VALUES ('cmq90967f0009v0ip7g7euqvj', 'INV-HOQ5H3J7', 'cmq906y050000v0ipb3zif22u', 'cmq907hjc0004v0ipiiop2nqj', 'cmq9096670008v0ipef6ae0m3', NULL, '2026-06-11 04:36:14.378', NULL, '801.50', NULL, NULL, '0.00', '0.00', '802.00', '802.00', '0.00', 'PAID', 'FINALIZED', NULL, '2026-06-11 11:31:58.464', 'cmofh1jig0004106yjgbfqrdx', '2026-06-11 04:36:14.379', '2026-06-11 11:35:15.129') ON CONFLICT DO NOTHING;

-- Phase B · InvoiceLineItem from local dump (32 rows)
INSERT INTO public."InvoiceLineItem" ("id", "invoiceId", "lineType", "referenceItemId", "description", "quantity", "unitPrice", "discountPercent", "taxRate", "taxAmount", "lineTotal", "sortOrder") VALUES ('cmq8ellq6009dtk9w45b5tta8', 'cmq8ellq6009ctk9wms0m2olr', 'PART', NULL, 'Engine Oil 10W-30 (1L)', '1.00', '350.00', '0.00', '18.00', '63.00', '413.00', '0') ON CONFLICT DO NOTHING;
INSERT INTO public."InvoiceLineItem" ("id", "invoiceId", "lineType", "referenceItemId", "description", "quantity", "unitPrice", "discountPercent", "taxRate", "taxAmount", "lineTotal", "sortOrder") VALUES ('cmq8ellq6009etk9w5u0k7r1g', 'cmq8ellq6009ctk9wms0m2olr', 'PART', NULL, 'Clutch Cable', '2.00', '200.00', '0.00', '18.00', '72.00', '472.00', '1') ON CONFLICT DO NOTHING;
INSERT INTO public."InvoiceLineItem" ("id", "invoiceId", "lineType", "referenceItemId", "description", "quantity", "unitPrice", "discountPercent", "taxRate", "taxAmount", "lineTotal", "sortOrder") VALUES ('cmq8ellq6009ftk9w1j4sd3mr', 'cmq8ellq6009ctk9wms0m2olr', 'LABOR', NULL, 'Labor — Raju Mistri', '1.00', '300.00', '0.00', '18.00', '54.00', '354.00', '2') ON CONFLICT DO NOTHING;
INSERT INTO public."InvoiceLineItem" ("id", "invoiceId", "lineType", "referenceItemId", "description", "quantity", "unitPrice", "discountPercent", "taxRate", "taxAmount", "lineTotal", "sortOrder") VALUES ('cmq8elnnb009itk9wy4a5amo6', 'cmq8elnnb009htk9wdfl8o5cw', 'PART', NULL, 'Piston Ring Set', '1.00', '650.00', '0.00', '18.00', '117.00', '767.00', '0') ON CONFLICT DO NOTHING;
INSERT INTO public."InvoiceLineItem" ("id", "invoiceId", "lineType", "referenceItemId", "description", "quantity", "unitPrice", "discountPercent", "taxRate", "taxAmount", "lineTotal", "sortOrder") VALUES ('cmq8elnnb009jtk9w247m4148', 'cmq8elnnb009htk9wdfl8o5cw', 'PART', NULL, 'Headlight Bulb H4', '2.00', '150.00', '0.00', '18.00', '54.00', '354.00', '1') ON CONFLICT DO NOTHING;
INSERT INTO public."InvoiceLineItem" ("id", "invoiceId", "lineType", "referenceItemId", "description", "quantity", "unitPrice", "discountPercent", "taxRate", "taxAmount", "lineTotal", "sortOrder") VALUES ('cmq8elnnb009ktk9w3j6pk5jb', 'cmq8elnnb009htk9wdfl8o5cw', 'LABOR', NULL, 'Labor — Bablu Das', '1.00', '400.00', '0.00', '18.00', '72.00', '472.00', '2') ON CONFLICT DO NOTHING;
INSERT INTO public."InvoiceLineItem" ("id", "invoiceId", "lineType", "referenceItemId", "description", "quantity", "unitPrice", "discountPercent", "taxRate", "taxAmount", "lineTotal", "sortOrder") VALUES ('cmq93no4l0001pdph8b908yue', 'cmq8zs5rz0002ogmd9zwxup9e', 'SERVICE_CHARGE', NULL, 'CHAIN CLEAN', '1.00', '25.00', '0.00', '0.00', '0.00', '25.00', '0') ON CONFLICT DO NOTHING;
INSERT INTO public."InvoiceLineItem" ("id", "invoiceId", "lineType", "referenceItemId", "description", "quantity", "unitPrice", "discountPercent", "taxRate", "taxAmount", "lineTotal", "sortOrder") VALUES ('cmq93nv8s0007pdphv6zc78p8', 'cmq8zs5rz0002ogmd9zwxup9e', 'SERVICE_CHARGE', NULL, 'FOAM WASH', '1.00', '49.00', '0.00', '0.00', '0.00', '49.00', '0') ON CONFLICT DO NOTHING;
INSERT INTO public."InvoiceLineItem" ("id", "invoiceId", "lineType", "referenceItemId", "description", "quantity", "unitPrice", "discountPercent", "taxRate", "taxAmount", "lineTotal", "sortOrder") VALUES ('cmq94s1740001cw11qoiyw162', 'cmq94q77b0009qplbs2jqz4au', 'CUSTOM_CHARGE', NULL, 'CASTROL 10W30', '1.00', '400.00', '5.00', '0.00', '0.00', '380.00', '0') ON CONFLICT DO NOTHING;
INSERT INTO public."InvoiceLineItem" ("id", "invoiceId", "lineType", "referenceItemId", "description", "quantity", "unitPrice", "discountPercent", "taxRate", "taxAmount", "lineTotal", "sortOrder") VALUES ('cmq94s79d00018xw0dmzleeh1', 'cmq94q77b0009qplbs2jqz4au', 'SERVICE_CHARGE', NULL, 'General Service', '1.00', '370.00', '0.00', '0.00', '0.00', '370.00', '0') ON CONFLICT DO NOTHING;
INSERT INTO public."InvoiceLineItem" ("id", "invoiceId", "lineType", "referenceItemId", "description", "quantity", "unitPrice", "discountPercent", "taxRate", "taxAmount", "lineTotal", "sortOrder") VALUES ('cmq958ned000ecw11e0yg5qgk', 'cmq9345uu000lq3jpvlx0szcg', 'SERVICE_CHARGE', NULL, 'FOAM WASH', '1.00', '49.00', '0.00', '0.00', '0.00', '49.00', '0') ON CONFLICT DO NOTHING;
INSERT INTO public."InvoiceLineItem" ("id", "invoiceId", "lineType", "referenceItemId", "description", "quantity", "unitPrice", "discountPercent", "taxRate", "taxAmount", "lineTotal", "sortOrder") VALUES ('cmq983r9f00018ev6fdrk3tiy', 'cmq8z0yke000bei5ikzc3h6wc', 'CUSTOM_CHARGE', NULL, 'Labour charges ', '1.00', '350.00', '0.00', '0.00', '0.00', '350.00', '0') ON CONFLICT DO NOTHING;
INSERT INTO public."InvoiceLineItem" ("id", "invoiceId", "lineType", "referenceItemId", "description", "quantity", "unitPrice", "discountPercent", "taxRate", "taxAmount", "lineTotal", "sortOrder") VALUES ('cmq9865m2000f8ev6loxjroz4', 'cmq8z0yke000bei5ikzc3h6wc', 'SERVICE_CHARGE', NULL, 'Activ Castrol 20w40 ', '1.00', '470.00', '5.00', '0.00', '0.00', '446.50', '0') ON CONFLICT DO NOTHING;
INSERT INTO public."InvoiceLineItem" ("id", "invoiceId", "lineType", "referenceItemId", "description", "quantity", "unitPrice", "discountPercent", "taxRate", "taxAmount", "lineTotal", "sortOrder") VALUES ('cmq98tl4i000zuif55kd3y0dr', 'cmq916ux6000pw3520720u1ao', 'SERVICE_CHARGE', NULL, 'foam wash ', '1.00', '49.00', '0.00', '0.00', '0.00', '49.00', '0') ON CONFLICT DO NOTHING;
INSERT INTO public."InvoiceLineItem" ("id", "invoiceId", "lineType", "referenceItemId", "description", "quantity", "unitPrice", "discountPercent", "taxRate", "taxAmount", "lineTotal", "sortOrder") VALUES ('cmq9970kq0003e1hksek0oc19', 'cmq95bak6000m8xw0p6gsxrj9', 'AMC', 'cmq95rpld000023mdg7rzokgj', 'AMC — GOLD (350cc+)', '1.00', '1485.00', '0.00', '0.00', '0.00', '1485.00', '0') ON CONFLICT DO NOTHING;
INSERT INTO public."InvoiceLineItem" ("id", "invoiceId", "lineType", "referenceItemId", "description", "quantity", "unitPrice", "discountPercent", "taxRate", "taxAmount", "lineTotal", "sortOrder") VALUES ('cmq99n4zv0002f2yk9306ecde', 'cmq95bak6000m8xw0p6gsxrj9', 'SERVICE_CHARGE', NULL, 'foam wash', '1.00', '49.00', '0.00', '0.00', '0.00', '49.00', '0') ON CONFLICT DO NOTHING;
INSERT INTO public."InvoiceLineItem" ("id", "invoiceId", "lineType", "referenceItemId", "description", "quantity", "unitPrice", "discountPercent", "taxRate", "taxAmount", "lineTotal", "sortOrder") VALUES ('cmq99nhxa0009f2ykrmag4b9p', 'cmq95bak6000m8xw0p6gsxrj9', 'SERVICE_CHARGE', NULL, 'silicon  polish ', '1.00', '70.00', '0.00', '0.00', '0.00', '70.00', '0') ON CONFLICT DO NOTHING;
INSERT INTO public."InvoiceLineItem" ("id", "invoiceId", "lineType", "referenceItemId", "description", "quantity", "unitPrice", "discountPercent", "taxRate", "taxAmount", "lineTotal", "sortOrder") VALUES ('cmq9cb5bv000clized8hmrmuv', 'cmq90967f0009v0ip7g7euqvj', 'CUSTOM_CHARGE', NULL, 'ACTIV 20W40 900ML', '1.00', '470.00', '5.00', '0.00', '0.00', '446.50', '0') ON CONFLICT DO NOTHING;
INSERT INTO public."InvoiceLineItem" ("id", "invoiceId", "lineType", "referenceItemId", "description", "quantity", "unitPrice", "discountPercent", "taxRate", "taxAmount", "lineTotal", "sortOrder") VALUES ('cmq9cbhe60002bcfuxmgzu3yy', 'cmq90967f0009v0ip7g7euqvj', 'CUSTOM_CHARGE', NULL, 'SILICON CHAIN CAP', '1.00', '5.00', '0.00', '0.00', '0.00', '5.00', '0') ON CONFLICT DO NOTHING;
INSERT INTO public."InvoiceLineItem" ("id", "invoiceId", "lineType", "referenceItemId", "description", "quantity", "unitPrice", "discountPercent", "taxRate", "taxAmount", "lineTotal", "sortOrder") VALUES ('cmq9cbqwi000jlizepoexxvgx', 'cmq90967f0009v0ip7g7euqvj', 'SERVICE_CHARGE', NULL, 'General Service', '1.00', '350.00', '0.00', '0.00', '0.00', '350.00', '0') ON CONFLICT DO NOTHING;
INSERT INTO public."InvoiceLineItem" ("id", "invoiceId", "lineType", "referenceItemId", "description", "quantity", "unitPrice", "discountPercent", "taxRate", "taxAmount", "lineTotal", "sortOrder") VALUES ('cmq9e7gjq0002i07iqxzjkq24', 'cmq8zhnej0009c0upr3cpkxqa', 'SERVICE_CHARGE', NULL, 'General Service', '1.00', '400.00', '0.00', '0.00', '0.00', '400.00', '0') ON CONFLICT DO NOTHING;
INSERT INTO public."InvoiceLineItem" ("id", "invoiceId", "lineType", "referenceItemId", "description", "quantity", "unitPrice", "discountPercent", "taxRate", "taxAmount", "lineTotal", "sortOrder") VALUES ('cmq9e88dr0009i07ik3s7nqtj', 'cmq8zhnej0009c0upr3cpkxqa', 'SERVICE_CHARGE', NULL, 'Foam Wash', '1.00', '49.00', '0.00', '0.00', '0.00', '49.00', '0') ON CONFLICT DO NOTHING;
INSERT INTO public."InvoiceLineItem" ("id", "invoiceId", "lineType", "referenceItemId", "description", "quantity", "unitPrice", "discountPercent", "taxRate", "taxAmount", "lineTotal", "sortOrder") VALUES ('cmq9et79d0002d39osqa4bnzd', 'cmq90e6du000lv0ip3ewuut5w', 'SERVICE_CHARGE', NULL, 'General Service', '1.00', '350.00', '0.00', '0.00', '0.00', '350.00', '0') ON CONFLICT DO NOTHING;
INSERT INTO public."InvoiceLineItem" ("id", "invoiceId", "lineType", "referenceItemId", "description", "quantity", "unitPrice", "discountPercent", "taxRate", "taxAmount", "lineTotal", "sortOrder") VALUES ('cmq9etkv10009d39o8trzxlsu', 'cmq90e6du000lv0ip3ewuut5w', 'SERVICE_CHARGE', NULL, 'FOAM WASH', '1.00', '49.00', '0.00', '0.00', '0.00', '49.00', '0') ON CONFLICT DO NOTHING;
INSERT INTO public."InvoiceLineItem" ("id", "invoiceId", "lineType", "referenceItemId", "description", "quantity", "unitPrice", "discountPercent", "taxRate", "taxAmount", "lineTotal", "sortOrder") VALUES ('cmq9ewjnz000md39oifq5abwx', 'cmq90e6du000lv0ip3ewuut5w', 'SERVICE_CHARGE', NULL, 'CHAIN LUBE ', '1.00', '50.00', '0.00', '0.00', '0.00', '50.00', '0') ON CONFLICT DO NOTHING;
INSERT INTO public."InvoiceLineItem" ("id", "invoiceId", "lineType", "referenceItemId", "description", "quantity", "unitPrice", "discountPercent", "taxRate", "taxAmount", "lineTotal", "sortOrder") VALUES ('cmq9grvu80002bump35oikf3e', 'cmq90rmlw0009w352mswdp0ec', 'SERVICE_CHARGE', NULL, 'General Service', '1.00', '550.00', '0.00', '0.00', '0.00', '550.00', '0') ON CONFLICT DO NOTHING;
INSERT INTO public."InvoiceLineItem" ("id", "invoiceId", "lineType", "referenceItemId", "description", "quantity", "unitPrice", "discountPercent", "taxRate", "taxAmount", "lineTotal", "sortOrder") VALUES ('cmq9gt6n50002nymzz1n2af6m', 'cmq90rmlw0009w352mswdp0ec', 'CUSTOM_CHARGE', NULL, '581007/A ELEMENT ', '1.00', '220.00', '5.00', '0.00', '0.00', '209.00', '0') ON CONFLICT DO NOTHING;
INSERT INTO public."InvoiceLineItem" ("id", "invoiceId", "lineType", "referenceItemId", "description", "quantity", "unitPrice", "discountPercent", "taxRate", "taxAmount", "lineTotal", "sortOrder") VALUES ('cmq9gulh10009nymztvgu0byl', 'cmq90rmlw0009w352mswdp0ec', 'CUSTOM_CHARGE', NULL, '594698/A BRAKE PAD RR', '1.00', '230.00', '5.00', '0.00', '0.00', '218.50', '0') ON CONFLICT DO NOTHING;
INSERT INTO public."InvoiceLineItem" ("id", "invoiceId", "lineType", "referenceItemId", "description", "quantity", "unitPrice", "discountPercent", "taxRate", "taxAmount", "lineTotal", "sortOrder") VALUES ('cmq9gv2o30009bump3pw8s5ev', 'cmq90rmlw0009w352mswdp0ec', 'CUSTOM_CHARGE', NULL, 'NPN DISC OIL ', '1.00', '30.00', '0.00', '0.00', '0.00', '30.00', '0') ON CONFLICT DO NOTHING;
INSERT INTO public."InvoiceLineItem" ("id", "invoiceId", "lineType", "referenceItemId", "description", "quantity", "unitPrice", "discountPercent", "taxRate", "taxAmount", "lineTotal", "sortOrder") VALUES ('cmq9gvuqr000gbumpux5a1yr7', 'cmq90rmlw0009w352mswdp0ec', 'CUSTOM_CHARGE', NULL, 'CHAIN CLEAN CLEAN LUBE', '1.00', '140.00', '0.00', '0.00', '0.00', '140.00', '0') ON CONFLICT DO NOTHING;
INSERT INTO public."InvoiceLineItem" ("id", "invoiceId", "lineType", "referenceItemId", "description", "quantity", "unitPrice", "discountPercent", "taxRate", "taxAmount", "lineTotal", "sortOrder") VALUES ('cmq9h5gez000vbumprpqfbwjg', 'cmq92yrnf0009q3jpk0m70ift', 'SERVICE_CHARGE', NULL, 'General Service', '1.00', '350.00', '0.00', '0.00', '0.00', '350.00', '0') ON CONFLICT DO NOTHING;
INSERT INTO public."InvoiceLineItem" ("id", "invoiceId", "lineType", "referenceItemId", "description", "quantity", "unitPrice", "discountPercent", "taxRate", "taxAmount", "lineTotal", "sortOrder") VALUES ('cmq9h6bwk000gnymzicbym54f', 'cmq92yrnf0009q3jpk0m70ift', 'CUSTOM_CHARGE', NULL, 'ACTIV CASTROL 20W40 900ML', '1.00', '470.00', '5.00', '0.00', '0.00', '446.50', '0') ON CONFLICT DO NOTHING;

-- Phase B · Payment from local dump (12 rows)
INSERT INTO public."Payment" ("id", "invoiceId", "amount", "paymentMode", "paymentDate", "referenceNumber", "notes", "receivedByAdminId", "createdAt") VALUES ('cmq8elong009mtk9w745kbjov', 'cmq8ellq6009ctk9wms0m2olr', '1239.00', 'UPI', '2026-06-03 18:29:10.441', 'UPI-REF-98765', NULL, 'cmofh1jig0004106yjgbfqrdx', '2026-06-10 18:30:06.605') ON CONFLICT DO NOTHING;
INSERT INTO public."Payment" ("id", "invoiceId", "amount", "paymentMode", "paymentDate", "referenceNumber", "notes", "receivedByAdminId", "createdAt") VALUES ('cmq8elp7n009otk9w3haq0rh1', 'cmq8elnnb009htk9wdfl8o5cw', '796.50', 'CASH', '2026-06-05 18:29:10.441', NULL, NULL, 'cmofh1jig0004106yjgbfqrdx', '2026-06-10 18:30:07.332') ON CONFLICT DO NOTHING;
INSERT INTO public."Payment" ("id", "invoiceId", "amount", "paymentMode", "paymentDate", "referenceNumber", "notes", "receivedByAdminId", "createdAt") VALUES ('cmq93o1870002984m7o19byqd', 'cmq8zs5rz0002ogmd9zwxup9e', '74.00', 'UPI', '2026-06-10 18:30:00', NULL, NULL, 'cmofh1jig0004106yjgbfqrdx', '2026-06-11 06:11:46.616') ON CONFLICT DO NOTHING;
INSERT INTO public."Payment" ("id", "invoiceId", "amount", "paymentMode", "paymentDate", "referenceNumber", "notes", "receivedByAdminId", "createdAt") VALUES ('cmq94y9dp000acw11je17l480', 'cmq94q77b0009qplbs2jqz4au', '750.00', 'CASH', '2026-06-10 18:30:00', NULL, NULL, 'cmofh1jig0004106yjgbfqrdx', '2026-06-11 06:47:43.357') ON CONFLICT DO NOTHING;
INSERT INTO public."Payment" ("id", "invoiceId", "amount", "paymentMode", "paymentDate", "referenceNumber", "notes", "receivedByAdminId", "createdAt") VALUES ('cmq958s5t000a8xw062h5rbki', 'cmq9345uu000lq3jpvlx0szcg', '49.00', 'UPI', '2026-06-10 18:30:00', NULL, NULL, 'cmofh1jig0004106yjgbfqrdx', '2026-06-11 06:55:54.258') ON CONFLICT DO NOTHING;
INSERT INTO public."Payment" ("id", "invoiceId", "amount", "paymentMode", "paymentDate", "referenceNumber", "notes", "receivedByAdminId", "createdAt") VALUES ('cmq98tq1k0004nxsqasobvisp', 'cmq916ux6000pw3520720u1ao', '49.00', 'UPI', '2026-06-10 18:30:00', NULL, NULL, 'cmofh1jig0004106yjgbfqrdx', '2026-06-11 08:36:10.136') ON CONFLICT DO NOTHING;
INSERT INTO public."Payment" ("id", "invoiceId", "amount", "paymentMode", "paymentDate", "referenceNumber", "notes", "receivedByAdminId", "createdAt") VALUES ('cmq9aatyd000evigv8uthbo12', 'cmq95bak6000m8xw0p6gsxrj9', '1604.00', 'UPI', '2026-06-10 18:30:00', NULL, NULL, 'cmofh1jig0004106yjgbfqrdx', '2026-06-11 09:17:27.973') ON CONFLICT DO NOTHING;
INSERT INTO public."Payment" ("id", "invoiceId", "amount", "paymentMode", "paymentDate", "referenceNumber", "notes", "receivedByAdminId", "createdAt") VALUES ('cmq9e8y570005h7eip4j5ghis', 'cmq8zhnej0009c0upr3cpkxqa', '449.00', 'UPI', '2026-06-10 18:30:00', NULL, NULL, 'cmofh1jig0004106yjgbfqrdx', '2026-06-11 11:07:58.555') ON CONFLICT DO NOTHING;
INSERT INTO public."Payment" ("id", "invoiceId", "amount", "paymentMode", "paymentDate", "referenceNumber", "notes", "receivedByAdminId", "createdAt") VALUES ('cmq9ewv9w000td39o1vjvl7ub', 'cmq90e6du000lv0ip3ewuut5w', '449.00', 'UPI', '2026-06-10 18:30:00', NULL, NULL, 'cmofh1jig0004106yjgbfqrdx', '2026-06-11 11:26:34.58') ON CONFLICT DO NOTHING;
INSERT INTO public."Payment" ("id", "invoiceId", "amount", "paymentMode", "paymentDate", "referenceNumber", "notes", "receivedByAdminId", "createdAt") VALUES ('cmq9f80xb000yd39o1adi3juc', 'cmq90967f0009v0ip7g7euqvj', '802.00', 'UPI', '2026-06-10 18:30:00', NULL, NULL, 'cmofh1jig0004106yjgbfqrdx', '2026-06-11 11:35:15.119') ON CONFLICT DO NOTHING;
INSERT INTO public."Payment" ("id", "invoiceId", "amount", "paymentMode", "paymentDate", "referenceNumber", "notes", "receivedByAdminId", "createdAt") VALUES ('cmq9gx9yr000qbumpj5eqzml8', 'cmq90rmlw0009w352mswdp0ec', '1148.00', 'UPI', '2026-06-10 18:30:00', NULL, NULL, 'cmofh1jig0004106yjgbfqrdx', '2026-06-11 12:22:52.851') ON CONFLICT DO NOTHING;
INSERT INTO public."Payment" ("id", "invoiceId", "amount", "paymentMode", "paymentDate", "referenceNumber", "notes", "receivedByAdminId", "createdAt") VALUES ('cmq9hbsjh000nnymzt8avvulc', 'cmq92yrnf0009q3jpk0m70ift', '797.00', 'CASH', '2026-06-10 18:30:00', NULL, NULL, 'cmofh1jig0004106yjgbfqrdx', '2026-06-11 12:34:10.109') ON CONFLICT DO NOTHING;

-- Phase B · AmcContract from local dump (2 rows)
INSERT INTO public."AmcContract" ("id", "contractNumber", "customerId", "vehicleId", "amcPlanId", "startDate", "endDate", "totalServices", "servicesUsed", "servicesRemaining", "amountPaid", "paymentMode", "paymentDate", "status", "notes", "createdAt", "updatedAt") VALUES ('cmq99pslm0002soo6jh8pb72d', 'AMC-00001', 'cmq95ac2j000d8xw0nzx65tyh', 'cmq95awcf000h8xw0bjuy7tzj', 'cmq95rpld000023mdg7rzokgj', '2026-06-11 00:00:00', '2027-06-11 00:00:00', '3', '0', '3', '1485.00', 'UPI', '2026-06-11 09:01:06.441', 'ACTIVE', '', '2026-06-11 09:01:06.442', '2026-06-11 09:01:06.442') ON CONFLICT DO NOTHING;
INSERT INTO public."AmcContract" ("id", "contractNumber", "customerId", "vehicleId", "amcPlanId", "startDate", "endDate", "totalServices", "servicesUsed", "servicesRemaining", "amountPaid", "paymentMode", "paymentDate", "status", "notes", "createdAt", "updatedAt") VALUES ('cmq9aatzu000fvigvi862kl1v', 'AMC-UU84TC2PRNWF', 'cmq95ac2j000d8xw0nzx65tyh', 'cmq95awcf000h8xw0bjuy7tzj', 'cmq95rpld000023mdg7rzokgj', '2026-06-11 09:17:28.025', '2027-06-11 09:17:28.025', '3', '1', '2', '1485.00', NULL, '2026-06-11 09:17:28.025', 'ACTIVE', NULL, '2026-06-11 09:17:28.026', '2026-06-11 09:17:28.026') ON CONFLICT DO NOTHING;

-- Phase B · AmcServiceUsage from local dump (1 rows)
INSERT INTO public."AmcServiceUsage" ("id", "amcContractId", "jobCardId", "serviceNumber", "serviceDate", "notes", "createdAt") VALUES ('cmq9aau01000gvigvcnrj6bnf', 'cmq9aatzu000fvigvi862kl1v', 'cmq95baj2000l8xw07dglk68b', '1', '2026-06-11 09:17:28.025', NULL, '2026-06-11 09:17:28.034') ON CONFLICT DO NOTHING;

-- Phase B · Expense from local dump (10 rows)
INSERT INTO public."Expense" ("id", "expenseDate", "categoryId", "title", "amount", "vendorName", "paymentMode", "referenceNumber", "notes", "createdByAdminId", "createdAt", "updatedAt") VALUES ('cmq8ek60p004wtk9wcmmby0td', '2026-04-01 00:00:00', 'cmq8ek205004rtk9wt2uohlhj', 'April Shop Rent', '25000.00', 'Landlord - Ashok Dutta', 'BANK_TRANSFER', NULL, NULL, 'cmofh1jig0004106yjgbfqrdx', '2026-06-10 18:28:55.802', '2026-06-10 18:28:55.802') ON CONFLICT DO NOTHING;
INSERT INTO public."Expense" ("id", "expenseDate", "categoryId", "title", "amount", "vendorName", "paymentMode", "referenceNumber", "notes", "createdByAdminId", "createdAt", "updatedAt") VALUES ('cmq8ek6l1004ytk9wufcdwslm', '2026-04-05 00:00:00', 'cmq8ek0zv004qtk9wqfibd399', 'Electricity Bill March', '4500.00', 'CESC', 'UPI', NULL, NULL, 'cmofh1jig0004106yjgbfqrdx', '2026-06-10 18:28:56.533', '2026-06-10 18:28:56.533') ON CONFLICT DO NOTHING;
INSERT INTO public."Expense" ("id", "expenseDate", "categoryId", "title", "amount", "vendorName", "paymentMode", "referenceNumber", "notes", "createdByAdminId", "createdAt", "updatedAt") VALUES ('cmq8ek7530050tk9w0hw4hemb', '2026-04-08 00:00:00', 'cmq8ek50j004utk9wj3df7vqt', 'New Torque Wrench', '3200.00', 'Kolkata Tools Mart', 'CASH', NULL, NULL, 'cmofh1jig0004106yjgbfqrdx', '2026-06-10 18:28:57.256', '2026-06-10 18:28:57.256') ON CONFLICT DO NOTHING;
INSERT INTO public."Expense" ("id", "expenseDate", "categoryId", "title", "amount", "vendorName", "paymentMode", "referenceNumber", "notes", "createdByAdminId", "createdAt", "updatedAt") VALUES ('cmq8ek7pn0052tk9wxxye91tt', '2026-04-10 00:00:00', 'cmq8ek40g004ttk9wj1soxhmp', 'Drinking Water Cans', '600.00', 'Bisleri Dealer', 'CASH', NULL, NULL, 'cmofh1jig0004106yjgbfqrdx', '2026-06-10 18:28:57.995', '2026-06-10 18:28:57.995') ON CONFLICT DO NOTHING;
INSERT INTO public."Expense" ("id", "expenseDate", "categoryId", "title", "amount", "vendorName", "paymentMode", "referenceNumber", "notes", "createdByAdminId", "createdAt", "updatedAt") VALUES ('cmq8ek89u0054tk9w3dzv13ix', '2026-04-30 00:00:00', 'cmq8ek30d004stk9wf25b8usz', 'Raju Salary April', '18000.00', 'Raju Mistri', 'BANK_TRANSFER', NULL, NULL, 'cmofh1jig0004106yjgbfqrdx', '2026-06-10 18:28:58.722', '2026-06-10 18:28:58.722') ON CONFLICT DO NOTHING;
INSERT INTO public."Expense" ("id", "expenseDate", "categoryId", "title", "amount", "vendorName", "paymentMode", "referenceNumber", "notes", "createdByAdminId", "createdAt", "updatedAt") VALUES ('cmq8ek8tx0056tk9wg6hdm9q1', '2026-04-30 00:00:00', 'cmq8ek30d004stk9wf25b8usz', 'Bablu Salary April', '15000.00', 'Bablu Das', 'BANK_TRANSFER', NULL, NULL, 'cmofh1jig0004106yjgbfqrdx', '2026-06-10 18:28:59.445', '2026-06-10 18:28:59.445') ON CONFLICT DO NOTHING;
INSERT INTO public."Expense" ("id", "expenseDate", "categoryId", "title", "amount", "vendorName", "paymentMode", "referenceNumber", "notes", "createdByAdminId", "createdAt", "updatedAt") VALUES ('cmq8ek9dy0058tk9wau2ld9iu', '2026-04-12 00:00:00', 'cmq8ek40g004ttk9wj1soxhmp', 'Chain Cleaning Spray', '450.00', 'Amazon', 'UPI', NULL, NULL, 'cmofh1jig0004106yjgbfqrdx', '2026-06-10 18:29:00.166', '2026-06-10 18:29:00.166') ON CONFLICT DO NOTHING;
INSERT INTO public."Expense" ("id", "expenseDate", "categoryId", "title", "amount", "vendorName", "paymentMode", "referenceNumber", "notes", "createdByAdminId", "createdAt", "updatedAt") VALUES ('cmq8ek9xz005atk9we3l6d0tn', '2026-04-15 00:00:00', 'cmq8ek50j004utk9wj3df7vqt', 'New Air Compressor', '8500.00', 'Howrah Industrial', 'CARD', NULL, NULL, 'cmofh1jig0004106yjgbfqrdx', '2026-06-10 18:29:00.887', '2026-06-10 18:29:00.887') ON CONFLICT DO NOTHING;
INSERT INTO public."Expense" ("id", "expenseDate", "categoryId", "title", "amount", "vendorName", "paymentMode", "referenceNumber", "notes", "createdByAdminId", "createdAt", "updatedAt") VALUES ('cmq8ekam2005ctk9w8q61wdhz', '2026-04-18 00:00:00', 'cmq8ek40g004ttk9wj1soxhmp', 'Internet Bill', '1200.00', 'Airtel', 'UPI', NULL, NULL, 'cmofh1jig0004106yjgbfqrdx', '2026-06-10 18:29:01.609', '2026-06-10 18:29:01.609') ON CONFLICT DO NOTHING;
INSERT INTO public."Expense" ("id", "expenseDate", "categoryId", "title", "amount", "vendorName", "paymentMode", "referenceNumber", "notes", "createdByAdminId", "createdAt", "updatedAt") VALUES ('cmq8ekb63005etk9wcm1s2840', '2026-04-30 00:00:00', 'cmq8ek30d004stk9wf25b8usz', 'Tapan Salary April', '15000.00', 'Tapan Karmakar', 'BANK_TRANSFER', NULL, NULL, 'cmofh1jig0004106yjgbfqrdx', '2026-06-10 18:29:02.475', '2026-06-10 18:29:02.475') ON CONFLICT DO NOTHING;

-- Phase B · StockMovement from local dump (6 rows)

-- Phase B · ActivityLog from local dump (146 rows)
INSERT INTO public."ActivityLog" ("id", "entityType", "entityId", "action", "previousValueJson", "newValueJson", "actorType", "actorId", "requestId", "ipAddress", "userAgent", "createdAt") VALUES ('cmq8ffr8100016w2p3veguurp', 'AdminUser', 'cmofh1jig0004106yjgbfqrdx', 'auth.login', NULL, NULL, 'ADMIN', 'cmofh1jig0004106yjgbfqrdx', NULL, '::1', 'curl/8.7.1', '2026-06-10 18:53:29.617') ON CONFLICT DO NOTHING;
INSERT INTO public."ActivityLog" ("id", "entityType", "entityId", "action", "previousValueJson", "newValueJson", "actorType", "actorId", "requestId", "ipAddress", "userAgent", "createdAt") VALUES ('cmq8fq2sb0001i6kf648kza0x', 'AdminUser', 'cmofh1jig0004106yjgbfqrdx', 'auth.login', NULL, NULL, 'ADMIN', 'cmofh1jig0004106yjgbfqrdx', NULL, '::1', 'curl/8.7.1', '2026-06-10 19:01:31.163') ON CONFLICT DO NOTHING;
INSERT INTO public."ActivityLog" ("id", "entityType", "entityId", "action", "previousValueJson", "newValueJson", "actorType", "actorId", "requestId", "ipAddress", "userAgent", "createdAt") VALUES ('cmq8fs0pu0003i6kfbixjmumz', 'AdminUser', 'cmofh1jig0004106yjgbfqrdx', 'auth.login', NULL, NULL, 'ADMIN', 'cmofh1jig0004106yjgbfqrdx', NULL, '::1', 'curl/8.7.1', '2026-06-10 19:03:01.794') ON CONFLICT DO NOTHING;
INSERT INTO public."ActivityLog" ("id", "entityType", "entityId", "action", "previousValueJson", "newValueJson", "actorType", "actorId", "requestId", "ipAddress", "userAgent", "createdAt") VALUES ('cmq8fs9xb0001nasv21enggaf', 'AdminUser', 'cmofh1jig0004106yjgbfqrdx', 'auth.login', NULL, NULL, 'ADMIN', 'cmofh1jig0004106yjgbfqrdx', NULL, '152.58.139.113', 'Mozilla/5.0 (Linux; Android 10; K) AppleWebKit/537.36 (KHTML, like Gecko) Chrome/149.0.0.0 Mobile Safari/537.36', '2026-06-10 19:03:13.728') ON CONFLICT DO NOTHING;
INSERT INTO public."ActivityLog" ("id", "entityType", "entityId", "action", "previousValueJson", "newValueJson", "actorType", "actorId", "requestId", "ipAddress", "userAgent", "createdAt") VALUES ('cmq8fsna0000ci6kfw2mhmuj3', 'Appointment', 'cmq8fskk6000ai6kfwhophszx', 'appointment.created', NULL, '{"id": "cmq8fskk6000ai6kfwhophszx", "bayId": null, "status": "CONFIRMED", "slotEnd": "2026-06-20T10:00:00.000Z", "createdAt": "2026-06-10T19:03:27.510Z", "slotStart": "2026-06-20T09:00:00.000Z", "updatedAt": "2026-06-10T19:03:27.510Z", "vehicleId": "cmq8eirvx0030tk9wvczo33g6", "customerId": "cmq8eim6z002gtk9wm1yn00a2", "referenceId": "APT-EKIXJNASUIDG", "bookingSource": "WALK_IN", "appointmentDate": "2026-06-20T00:00:00.000Z", "assignedWorkerId": "cmq8ej36f003atk9wucd5ypah", "confirmationMode": null, "rescheduleReason": null, "serviceRequestId": null, "cancellationReason": null, "confirmedByAdminId": "cmq8eh4ei0006tk9wa9s35hy4"}', 'ADMIN', 'cmofh1jig0004106yjgbfqrdx', NULL, NULL, NULL, '2026-06-10 19:03:27.953') ON CONFLICT DO NOTHING;
INSERT INTO public."ActivityLog" ("id", "entityType", "entityId", "action", "previousValueJson", "newValueJson", "actorType", "actorId", "requestId", "ipAddress", "userAgent", "createdAt") VALUES ('cmq8xyv3l0001ei5iawazxjl9', 'AdminUser', 'cmofh1jig0004106yjgbfqrdx', 'auth.login', NULL, NULL, 'ADMIN', 'cmofh1jig0004106yjgbfqrdx', NULL, '49.47.154.16', 'Mozilla/5.0 (Windows NT 10.0; Win64; x64) AppleWebKit/537.36 (KHTML, like Gecko) Chrome/149.0.0.0 Safari/537.36', '2026-06-11 03:32:14.194') ON CONFLICT DO NOTHING;
INSERT INTO public."ActivityLog" ("id", "entityType", "entityId", "action", "previousValueJson", "newValueJson", "actorType", "actorId", "requestId", "ipAddress", "userAgent", "createdAt") VALUES ('cmq8y4e7d0001tcfql7kfoq5n', 'AdminUser', 'cmofh1jig0004106yjgbfqrdx', 'auth.login', NULL, NULL, 'ADMIN', 'cmofh1jig0004106yjgbfqrdx', NULL, '49.206.9.144', 'Mozilla/5.0 (Macintosh; Intel Mac OS X 10_15_7) AppleWebKit/537.36 (KHTML, like Gecko) Chrome/148.0.0.0 Safari/537.36', '2026-06-11 03:36:32.233') ON CONFLICT DO NOTHING;
INSERT INTO public."ActivityLog" ("id", "entityType", "entityId", "action", "previousValueJson", "newValueJson", "actorType", "actorId", "requestId", "ipAddress", "userAgent", "createdAt") VALUES ('cmq8yi3ki00015638sa08exkf', 'AdminUser', 'cmofh1jig0004106yjgbfqrdx', 'auth.login', NULL, NULL, 'ADMIN', 'cmofh1jig0004106yjgbfqrdx', NULL, '49.47.154.16', 'Mozilla/5.0 (Windows NT 10.0; Win64; x64) AppleWebKit/537.36 (KHTML, like Gecko) Chrome/149.0.0.0 Safari/537.36', '2026-06-11 03:47:11.635') ON CONFLICT DO NOTHING;
INSERT INTO public."ActivityLog" ("id", "entityType", "entityId", "action", "previousValueJson", "newValueJson", "actorType", "actorId", "requestId", "ipAddress", "userAgent", "createdAt") VALUES ('cmq8yz8ud0004ei5ih2016gqd', 'Customer', 'cmq8yz8tu0002ei5io346nbz6', 'customer.created', NULL, '{"id": "cmq8yz8tu0002ei5io346nbz6", "city": null, "email": "gearup.sgnk.ai@gmail.com", "notes": null, "state": null, "source": "JOB_CARD_FORM", "fullName": "shanti ranjan kar", "createdAt": "2026-06-11T04:00:31.583Z", "updatedAt": "2026-06-11T04:00:31.583Z", "archivedAt": null, "postalCode": null, "phoneNumber": "9832758529", "addressLine1": null, "addressLine2": null, "alternatePhone": null}', 'ADMIN', 'cmofh1jig0004106yjgbfqrdx', NULL, NULL, NULL, '2026-06-11 04:00:31.621') ON CONFLICT DO NOTHING;
INSERT INTO public."ActivityLog" ("id", "entityType", "entityId", "action", "previousValueJson", "newValueJson", "actorType", "actorId", "requestId", "ipAddress", "userAgent", "createdAt") VALUES ('cmq8z0hqp0008ei5ih3qqe6yh', 'Vehicle', 'cmq8z0hq40006ei5ifaqsfpcr', 'vehicle.created', NULL, '{"id": "cmq8z0hq40006ei5ifaqsfpcr", "vin": null, "brand": "tvs ", "color": null, "model": "xl100", "notes": null, "variant": null, "engineCC": null, "fuelType": null, "createdAt": "2026-06-11T04:01:29.778Z", "updatedAt": "2026-06-11T04:01:29.778Z", "customerId": "cmq8yz8tu0002ei5io346nbz6", "vehicleType": "BIKE", "engineNumber": null, "transmission": null, "chassisNumber": null, "odometerReading": null, "yearOfManufacture": null, "registrationNumber": "WB-68-W-4828"}', 'ADMIN', 'cmofh1jig0004106yjgbfqrdx', NULL, NULL, NULL, '2026-06-11 04:01:29.81') ON CONFLICT DO NOTHING;
INSERT INTO public."ActivityLog" ("id", "entityType", "entityId", "action", "previousValueJson", "newValueJson", "actorType", "actorId", "requestId", "ipAddress", "userAgent", "createdAt") VALUES ('cmq8z0ylu000dei5iincod2wn', 'JobCard', 'cmq8z0yj4000aei5ir1tgdsfe', 'job-card.created', NULL, '{"id": "cmq8z0yj4000aei5ir1tgdsfe", "status": "CREATED", "priority": "", "createdAt": "2026-06-11T04:01:51.561Z", "updatedAt": "2026-06-11T04:01:51.561Z", "vehicleId": "cmq8z0hq40006ei5ifaqsfpcr", "customerId": "cmq8yz8tu0002ei5io346nbz6", "finalTotal": "0", "intakeDate": "2026-06-11T04:01:51.560Z", "issueSummary": "general servicing", "appointmentId": null, "estimateNotes": null, "fuelIndicator": "1/2", "internalNotes": null, "jobCardNumber": "JC-QC88LOT4", "approvalStatus": "PENDING", "diagnosisNotes": null, "estimatedTotal": "0", "finalLaborCost": "0", "finalOtherCost": "0", "finalPartsCost": "0", "actualDeliveryAt": null, "odometerAtIntake": 5668, "serviceRequestId": null, "customerComplaints": "", "estimatedLaborCost": "0", "estimatedOtherCost": "0", "estimatedPartsCost": "0", "estimatedDeliveryAt": null, "customerVisibleNotes": null, "assignedServiceManagerId": null}', 'ADMIN', 'cmofh1jig0004106yjgbfqrdx', NULL, NULL, NULL, '2026-06-11 04:01:51.667') ON CONFLICT DO NOTHING;
INSERT INTO public."ActivityLog" ("id", "entityType", "entityId", "action", "previousValueJson", "newValueJson", "actorType", "actorId", "requestId", "ipAddress", "userAgent", "createdAt") VALUES ('cmq8zbs5w000fei5isudmvw69', 'JobCard', 'cmq8z0yj4000aei5ir1tgdsfe', 'job-card.updated', NULL, '{"issueSummary": "general servicing mobil change castrol"}', 'ADMIN', 'cmofh1jig0004106yjgbfqrdx', NULL, NULL, NULL, '2026-06-11 04:10:16.532') ON CONFLICT DO NOTHING;
INSERT INTO public."ActivityLog" ("id", "entityType", "entityId", "action", "previousValueJson", "newValueJson", "actorType", "actorId", "requestId", "ipAddress", "userAgent", "createdAt") VALUES ('cmq8zftcb00015ikcu12dw1ka', 'AdminUser', 'cmofh1jig0004106yjgbfqrdx', 'auth.login', NULL, NULL, 'ADMIN', 'cmofh1jig0004106yjgbfqrdx', NULL, '152.58.162.29', 'Mozilla/5.0 (Linux; Android 10; K) AppleWebKit/537.36 (KHTML, like Gecko) Chrome/149.0.0.0 Mobile Safari/537.36', '2026-06-11 04:13:24.683') ON CONFLICT DO NOTHING;
INSERT INTO public."ActivityLog" ("id", "entityType", "entityId", "action", "previousValueJson", "newValueJson", "actorType", "actorId", "requestId", "ipAddress", "userAgent", "createdAt") VALUES ('cmq8zfu3q00035ikchkrxl2eq', 'AdminUser', 'cmofh1jig0004106yjgbfqrdx', 'auth.login', NULL, NULL, 'ADMIN', 'cmofh1jig0004106yjgbfqrdx', NULL, '152.58.162.29', 'Mozilla/5.0 (Linux; Android 10; K) AppleWebKit/537.36 (KHTML, like Gecko) Chrome/149.0.0.0 Mobile Safari/537.36', '2026-06-11 04:13:25.671') ON CONFLICT DO NOTHING;
INSERT INTO public."ActivityLog" ("id", "entityType", "entityId", "action", "previousValueJson", "newValueJson", "actorType", "actorId", "requestId", "ipAddress", "userAgent", "createdAt") VALUES ('cmq8zgfkj0002c0up0r8410b8', 'Customer', 'cmq8zgfk10000c0uptfnpc77f', 'customer.created', NULL, '{"id": "cmq8zgfk10000c0uptfnpc77f", "city": null, "email": "gearup.sgnk.ai@gmail.com", "notes": null, "state": null, "source": "JOB_CARD_FORM", "fullName": "Tapas Tantubai", "createdAt": "2026-06-11T04:13:53.473Z", "updatedAt": "2026-06-11T04:13:53.473Z", "archivedAt": null, "postalCode": null, "phoneNumber": "9851841943", "addressLine1": null, "addressLine2": null, "alternatePhone": null}', 'ADMIN', 'cmofh1jig0004106yjgbfqrdx', NULL, NULL, NULL, '2026-06-11 04:13:53.492') ON CONFLICT DO NOTHING;
INSERT INTO public."ActivityLog" ("id", "entityType", "entityId", "action", "previousValueJson", "newValueJson", "actorType", "actorId", "requestId", "ipAddress", "userAgent", "createdAt") VALUES ('cmq8zgx7a0006c0up9470ligb', 'Vehicle', 'cmq8zgx6t0004c0up8blgf3a3', 'vehicle.created', NULL, '{"id": "cmq8zgx6t0004c0up8blgf3a3", "vin": null, "brand": "Avengers ", "color": null, "model": "B4", "notes": null, "variant": null, "engineCC": null, "fuelType": null, "createdAt": "2026-06-11T04:14:16.321Z", "updatedAt": "2026-06-11T04:14:16.321Z", "customerId": "cmq8zgfk10000c0uptfnpc77f", "vehicleType": "BIKE", "engineNumber": null, "transmission": null, "chassisNumber": null, "odometerReading": null, "yearOfManufacture": null, "registrationNumber": "WB-68-W-4341"}', 'ADMIN', 'cmofh1jig0004106yjgbfqrdx', NULL, NULL, NULL, '2026-06-11 04:14:16.342') ON CONFLICT DO NOTHING;
INSERT INTO public."ActivityLog" ("id", "entityType", "entityId", "action", "previousValueJson", "newValueJson", "actorType", "actorId", "requestId", "ipAddress", "userAgent", "createdAt") VALUES ('cmq8zhnfy000bc0uppt93m55k', 'JobCard', 'cmq8zhndk0008c0upmdloj9do', 'job-card.created', NULL, '{"id": "cmq8zhndk0008c0upmdloj9do", "status": "CREATED", "priority": "", "createdAt": "2026-06-11T04:14:50.258Z", "updatedAt": "2026-06-11T04:14:50.258Z", "vehicleId": "cmq8zgx6t0004c0up8blgf3a3", "customerId": "cmq8zgfk10000c0uptfnpc77f", "finalTotal": "0", "intakeDate": "2026-06-11T04:14:50.257Z", "issueSummary": "General Servicing \nFront brake check \nFoam wash", "appointmentId": null, "estimateNotes": null, "fuelIndicator": "1/4", "internalNotes": null, "jobCardNumber": "JC-R225V1C3", "approvalStatus": "PENDING", "diagnosisNotes": null, "estimatedTotal": "0", "finalLaborCost": "0", "finalOtherCost": "0", "finalPartsCost": "0", "actualDeliveryAt": null, "odometerAtIntake": 9506, "serviceRequestId": null, "customerComplaints": "", "estimatedLaborCost": "0", "estimatedOtherCost": "0", "estimatedPartsCost": "0", "estimatedDeliveryAt": null, "customerVisibleNotes": null, "assignedServiceManagerId": null}', 'ADMIN', 'cmofh1jig0004106yjgbfqrdx', NULL, NULL, NULL, '2026-06-11 04:14:50.351') ON CONFLICT DO NOTHING;
INSERT INTO public."ActivityLog" ("id", "entityType", "entityId", "action", "previousValueJson", "newValueJson", "actorType", "actorId", "requestId", "ipAddress", "userAgent", "createdAt") VALUES ('cmq98q5j7000fuif52aa2b5d8', 'InvoiceLineItem', 'cmq98pqyv0009uif55c3mofkf', 'invoice.line.removed', NULL, NULL, 'ADMIN', 'cmofh1jig0004106yjgbfqrdx', NULL, NULL, NULL, '2026-06-11 08:33:23.588') ON CONFLICT DO NOTHING;
INSERT INTO public."ActivityLog" ("id", "entityType", "entityId", "action", "previousValueJson", "newValueJson", "actorType", "actorId", "requestId", "ipAddress", "userAgent", "createdAt") VALUES ('cmq98t0yb000ruif5rtefndgw', 'InvoiceLineItem', 'cmq98t0v4000nuif5trw5v76r', 'invoice.line.added', NULL, '{"taxRate": 0, "lineType": "CUSTOM_CHARGE", "quantity": 1, "unitPrice": 0, "description": "washing charge", "discountPercent": 0}', 'ADMIN', 'cmofh1jig0004106yjgbfqrdx', NULL, NULL, NULL, '2026-06-11 08:35:37.619') ON CONFLICT DO NOTHING;
INSERT INTO public."ActivityLog" ("id", "entityType", "entityId", "action", "previousValueJson", "newValueJson", "actorType", "actorId", "requestId", "ipAddress", "userAgent", "createdAt") VALUES ('cmq8zpxp300024pnf85s1sjzf', 'Customer', 'cmq8zpxoa00004pnfqeua0fxf', 'customer.created', NULL, '{"id": "cmq8zpxoa00004pnfqeua0fxf", "city": null, "email": "gearup.sgnk.ai@gmail.com", "notes": null, "state": null, "source": "JOB_CARD_FORM", "fullName": "Sudip Karmakar ", "createdAt": "2026-06-11T04:21:16.858Z", "updatedAt": "2026-06-11T04:21:16.858Z", "archivedAt": null, "postalCode": null, "phoneNumber": "8016197754", "addressLine1": null, "addressLine2": null, "alternatePhone": null}', 'ADMIN', 'cmofh1jig0004106yjgbfqrdx', NULL, NULL, NULL, '2026-06-11 04:21:16.887') ON CONFLICT DO NOTHING;
INSERT INTO public."ActivityLog" ("id", "entityType", "entityId", "action", "previousValueJson", "newValueJson", "actorType", "actorId", "requestId", "ipAddress", "userAgent", "createdAt") VALUES ('cmq8zqd4g00064pnfwtcok8tz', 'Vehicle', 'cmq8zqd3m00044pnf93zcloss', 'vehicle.created', NULL, '{"id": "cmq8zqd3m00044pnf93zcloss", "vin": null, "brand": "Honda ", "color": null, "model": "Hornet", "notes": null, "variant": null, "engineCC": null, "fuelType": null, "createdAt": "2026-06-11T04:21:36.851Z", "updatedAt": "2026-06-11T04:21:36.851Z", "customerId": "cmq8zpxoa00004pnfqeua0fxf", "vehicleType": "BIKE", "engineNumber": null, "transmission": null, "chassisNumber": null, "odometerReading": null, "yearOfManufacture": null, "registrationNumber": "WB-67-H-6582"}', 'ADMIN', 'cmofh1jig0004106yjgbfqrdx', NULL, NULL, NULL, '2026-06-11 04:21:36.88') ON CONFLICT DO NOTHING;
INSERT INTO public."ActivityLog" ("id", "entityType", "entityId", "action", "previousValueJson", "newValueJson", "actorType", "actorId", "requestId", "ipAddress", "userAgent", "createdAt") VALUES ('cmq8zwsm5000hei5igmmynh1d', 'AdminUser', 'cmofh1jig0004106yjgbfqrdx', 'auth.login', NULL, NULL, 'ADMIN', 'cmofh1jig0004106yjgbfqrdx', NULL, '49.47.154.16', 'Mozilla/5.0 (Windows NT 10.0; Win64; x64) AppleWebKit/537.36 (KHTML, like Gecko) Chrome/149.0.0.0 Safari/537.36', '2026-06-11 04:26:36.894') ON CONFLICT DO NOTHING;
INSERT INTO public."ActivityLog" ("id", "entityType", "entityId", "action", "previousValueJson", "newValueJson", "actorType", "actorId", "requestId", "ipAddress", "userAgent", "createdAt") VALUES ('cmq906y160002v0ip9xqzeu5l', 'Customer', 'cmq906y050000v0ipb3zif22u', 'customer.created', NULL, '{"id": "cmq906y050000v0ipb3zif22u", "city": null, "email": "gearup.sgnk.ai@gmail.com", "notes": null, "state": null, "source": "JOB_CARD_FORM", "fullName": "Subrata Mandal", "createdAt": "2026-06-11T04:34:30.429Z", "updatedAt": "2026-06-11T04:34:30.429Z", "archivedAt": null, "postalCode": null, "phoneNumber": "9800574142", "addressLine1": null, "addressLine2": null, "alternatePhone": null}', 'ADMIN', 'cmofh1jig0004106yjgbfqrdx', NULL, NULL, NULL, '2026-06-11 04:34:30.475') ON CONFLICT DO NOTHING;
INSERT INTO public."ActivityLog" ("id", "entityType", "entityId", "action", "previousValueJson", "newValueJson", "actorType", "actorId", "requestId", "ipAddress", "userAgent", "createdAt") VALUES ('cmq907hjv0006v0ipk7vkdq04', 'Vehicle', 'cmq907hjc0004v0ipiiop2nqj', 'vehicle.created', NULL, '{"id": "cmq907hjc0004v0ipiiop2nqj", "vin": null, "brand": "Hero ", "color": null, "model": "Hf deluxe ", "notes": null, "variant": null, "engineCC": null, "fuelType": null, "createdAt": "2026-06-11T04:34:55.742Z", "updatedAt": "2026-06-11T04:34:55.742Z", "customerId": "cmq906y050000v0ipb3zif22u", "vehicleType": "BIKE", "engineNumber": null, "transmission": null, "chassisNumber": null, "odometerReading": null, "yearOfManufacture": null, "registrationNumber": "WB-68-N-0885"}', 'ADMIN', 'cmofh1jig0004106yjgbfqrdx', NULL, NULL, NULL, '2026-06-11 04:34:55.772') ON CONFLICT DO NOTHING;
INSERT INTO public."ActivityLog" ("id", "entityType", "entityId", "action", "previousValueJson", "newValueJson", "actorType", "actorId", "requestId", "ipAddress", "userAgent", "createdAt") VALUES ('cmq90968t000bv0ipn46n5bco', 'JobCard', 'cmq9096670008v0ipef6ae0m3', 'job-card.created', NULL, '{"id": "cmq9096670008v0ipef6ae0m3", "status": "CREATED", "priority": "", "createdAt": "2026-06-11T04:36:14.324Z", "updatedAt": "2026-06-11T04:36:14.324Z", "vehicleId": "cmq907hjc0004v0ipiiop2nqj", "customerId": "cmq906y050000v0ipb3zif22u", "finalTotal": "0", "intakeDate": "2026-06-11T04:36:14.324Z", "issueSummary": "Mileage issue\nMobil check\nFoam wash ", "appointmentId": null, "estimateNotes": null, "fuelIndicator": "1/4", "internalNotes": null, "jobCardNumber": "JC-JO9QW52H", "approvalStatus": "PENDING", "diagnosisNotes": null, "estimatedTotal": "0", "finalLaborCost": "0", "finalOtherCost": "0", "finalPartsCost": "0", "actualDeliveryAt": null, "odometerAtIntake": 5299, "serviceRequestId": null, "customerComplaints": "", "estimatedLaborCost": "0", "estimatedOtherCost": "0", "estimatedPartsCost": "0", "estimatedDeliveryAt": null, "customerVisibleNotes": null, "assignedServiceManagerId": null}', 'ADMIN', 'cmofh1jig0004106yjgbfqrdx', NULL, NULL, NULL, '2026-06-11 04:36:14.429') ON CONFLICT DO NOTHING;
INSERT INTO public."ActivityLog" ("id", "entityType", "entityId", "action", "previousValueJson", "newValueJson", "actorType", "actorId", "requestId", "ipAddress", "userAgent", "createdAt") VALUES ('cmq90e6fw000nv0ipzxg5b3cm', 'JobCard', 'cmq90e6ci000kv0ipbrl8rywb', 'job-card.created', NULL, '{"id": "cmq90e6ci000kv0ipbrl8rywb", "status": "CREATED", "priority": "", "createdAt": "2026-06-11T04:40:07.811Z", "updatedAt": "2026-06-11T04:40:07.811Z", "vehicleId": "cmq90b5ad000gv0ip606qeqm6", "customerId": "cmq90aqgy000cv0ipx2o9ehnl", "finalTotal": "0", "intakeDate": "2026-06-11T04:40:07.810Z", "issueSummary": "General Servicing, Rear break loose, Foam Wash, Engine Oil check, Gear Check", "appointmentId": null, "estimateNotes": null, "fuelIndicator": "E", "internalNotes": null, "jobCardNumber": "JC-LGM922DV", "approvalStatus": "PENDING", "diagnosisNotes": null, "estimatedTotal": "0", "finalLaborCost": "0", "finalOtherCost": "0", "finalPartsCost": "0", "actualDeliveryAt": null, "odometerAtIntake": 14605, "serviceRequestId": null, "customerComplaints": "Scratch ", "estimatedLaborCost": "0", "estimatedOtherCost": "0", "estimatedPartsCost": "0", "estimatedDeliveryAt": null, "customerVisibleNotes": null, "assignedServiceManagerId": null}', 'ADMIN', 'cmofh1jig0004106yjgbfqrdx', NULL, NULL, NULL, '2026-06-11 04:40:07.965') ON CONFLICT DO NOTHING;
INSERT INTO public."ActivityLog" ("id", "entityType", "entityId", "action", "previousValueJson", "newValueJson", "actorType", "actorId", "requestId", "ipAddress", "userAgent", "createdAt") VALUES ('cmq90qcc60002w352iul7wo0t', 'Customer', 'cmq90qcbi0000w352n3yauaux', 'customer.created', NULL, '{"id": "cmq90qcbi0000w352n3yauaux", "city": null, "email": "gearup.sgnk.ai@gmail.com", "notes": null, "state": null, "source": "JOB_CARD_FORM", "fullName": "Binit Das", "createdAt": "2026-06-11T04:49:35.455Z", "updatedAt": "2026-06-11T04:49:35.455Z", "archivedAt": null, "postalCode": null, "phoneNumber": "9679828343", "addressLine1": null, "addressLine2": null, "alternatePhone": null}', 'ADMIN', 'cmofh1jig0004106yjgbfqrdx', NULL, NULL, NULL, '2026-06-11 04:49:35.479') ON CONFLICT DO NOTHING;
INSERT INTO public."ActivityLog" ("id", "entityType", "entityId", "action", "previousValueJson", "newValueJson", "actorType", "actorId", "requestId", "ipAddress", "userAgent", "createdAt") VALUES ('cmq90qum10006w352b2grdeqv', 'Vehicle', 'cmq90qukt0004w352hl9rne4u', 'vehicle.created', NULL, '{"id": "cmq90qukt0004w352hl9rne4u", "vin": null, "brand": "Royal", "color": null, "model": "Enfield ", "notes": null, "variant": null, "engineCC": null, "fuelType": null, "createdAt": "2026-06-11T04:49:59.097Z", "updatedAt": "2026-06-11T04:49:59.097Z", "customerId": "cmq90qcbi0000w352n3yauaux", "vehicleType": "BIKE", "engineNumber": null, "transmission": null, "chassisNumber": null, "odometerReading": null, "yearOfManufacture": null, "registrationNumber": "WB-68-AF-2813"}', 'ADMIN', 'cmofh1jig0004106yjgbfqrdx', NULL, NULL, NULL, '2026-06-11 04:49:59.161') ON CONFLICT DO NOTHING;
INSERT INTO public."ActivityLog" ("id", "entityType", "entityId", "action", "previousValueJson", "newValueJson", "actorType", "actorId", "requestId", "ipAddress", "userAgent", "createdAt") VALUES ('cmq90rmnr000bw3526ftam0bq', 'JobCard', 'cmq90rmkl0008w352tck2ie43', 'job-card.created', NULL, '{"id": "cmq90rmkl0008w352tck2ie43", "status": "CREATED", "priority": "", "createdAt": "2026-06-11T04:50:35.379Z", "updatedAt": "2026-06-11T04:50:35.379Z", "vehicleId": "cmq90qukt0004w352hl9rne4u", "customerId": "cmq90qcbi0000w352n3yauaux", "finalTotal": "0", "intakeDate": "2026-06-11T04:50:35.378Z", "issueSummary": "General Servicing \nSelf check\nBearing check\nMobil check", "appointmentId": null, "estimateNotes": null, "fuelIndicator": "1/2", "internalNotes": null, "jobCardNumber": "JC-F2A4VYXN", "approvalStatus": "PENDING", "diagnosisNotes": null, "estimatedTotal": "0", "finalLaborCost": "0", "finalOtherCost": "0", "finalPartsCost": "0", "actualDeliveryAt": null, "odometerAtIntake": 9686, "serviceRequestId": null, "customerComplaints": "", "estimatedLaborCost": "0", "estimatedOtherCost": "0", "estimatedPartsCost": "0", "estimatedDeliveryAt": null, "customerVisibleNotes": null, "assignedServiceManagerId": null}', 'ADMIN', 'cmofh1jig0004106yjgbfqrdx', NULL, NULL, NULL, '2026-06-11 04:50:35.511') ON CONFLICT DO NOTHING;
INSERT INTO public."ActivityLog" ("id", "entityType", "entityId", "action", "previousValueJson", "newValueJson", "actorType", "actorId", "requestId", "ipAddress", "userAgent", "createdAt") VALUES ('cmq911q1y000dw352669g6ibs', 'JobCard', 'cmq8z0yj4000aei5ir1tgdsfe', 'job-card.updated', NULL, '{"status": "ESTIMATE_PREPARED"}', 'ADMIN', 'cmofh1jig0004106yjgbfqrdx', NULL, NULL, NULL, '2026-06-11 04:58:26.47') ON CONFLICT DO NOTHING;
INSERT INTO public."ActivityLog" ("id", "entityType", "entityId", "action", "previousValueJson", "newValueJson", "actorType", "actorId", "requestId", "ipAddress", "userAgent", "createdAt") VALUES ('cmq911rn4000fw3521jekjsor', 'JobCard', 'cmq8z0yj4000aei5ir1tgdsfe', 'job-card.updated', NULL, '{"status": "WORK_IN_PROGRESS"}', 'ADMIN', 'cmofh1jig0004106yjgbfqrdx', NULL, NULL, NULL, '2026-06-11 04:58:28.529') ON CONFLICT DO NOTHING;
INSERT INTO public."ActivityLog" ("id", "entityType", "entityId", "action", "previousValueJson", "newValueJson", "actorType", "actorId", "requestId", "ipAddress", "userAgent", "createdAt") VALUES ('cmq8zs5t80004ogmdu73yrbl6', 'JobCard', 'cmq8zs5qt0001ogmd2g7onc6s', 'job-card.created', NULL, '{"id": "cmq8zs5qt0001ogmd2g7onc6s", "status": "CREATED", "priority": "", "createdAt": "2026-06-11T04:23:00.625Z", "updatedAt": "2026-06-11T04:23:00.625Z", "vehicleId": "cmq8zqd3m00044pnf93zcloss", "customerId": "cmq8zpxoa00004pnfqeua0fxf", "finalTotal": "0", "intakeDate": "2026-06-11T04:23:00.624Z", "issueSummary": "Foam Wash \nChain clean \n", "appointmentId": null, "estimateNotes": null, "fuelIndicator": "1/4", "internalNotes": null, "jobCardNumber": "JC-4AQPSIXJ", "approvalStatus": "PENDING", "diagnosisNotes": null, "estimatedTotal": "0", "finalLaborCost": "0", "finalOtherCost": "0", "finalPartsCost": "0", "actualDeliveryAt": null, "odometerAtIntake": 9865, "serviceRequestId": null, "customerComplaints": "", "estimatedLaborCost": "0", "estimatedOtherCost": "0", "estimatedPartsCost": "0", "estimatedDeliveryAt": null, "customerVisibleNotes": null, "assignedServiceManagerId": null}', 'ADMIN', 'cmofh1jig0004106yjgbfqrdx', NULL, NULL, NULL, '2026-06-11 04:23:00.716') ON CONFLICT DO NOTHING;
INSERT INTO public."ActivityLog" ("id", "entityType", "entityId", "action", "previousValueJson", "newValueJson", "actorType", "actorId", "requestId", "ipAddress", "userAgent", "createdAt") VALUES ('cmq90aqhg000ev0ip9po0s67n', 'Customer', 'cmq90aqgy000cv0ipx2o9ehnl', 'customer.created', NULL, '{"id": "cmq90aqgy000cv0ipx2o9ehnl", "city": null, "email": null, "notes": null, "state": null, "source": "JOB_CARD_FORM", "fullName": "Biplab Pati", "createdAt": "2026-06-11T04:37:27.298Z", "updatedAt": "2026-06-11T04:37:27.298Z", "archivedAt": null, "postalCode": null, "phoneNumber": "9647918638", "addressLine1": null, "addressLine2": null, "alternatePhone": null}', 'ADMIN', 'cmofh1jig0004106yjgbfqrdx', NULL, NULL, NULL, '2026-06-11 04:37:27.316') ON CONFLICT DO NOTHING;
INSERT INTO public."ActivityLog" ("id", "entityType", "entityId", "action", "previousValueJson", "newValueJson", "actorType", "actorId", "requestId", "ipAddress", "userAgent", "createdAt") VALUES ('cmq90b5av000iv0ipe3d7606s', 'Vehicle', 'cmq90b5ad000gv0ip606qeqm6', 'vehicle.created', NULL, '{"id": "cmq90b5ad000gv0ip606qeqm6", "vin": null, "brand": "Honda", "color": null, "model": "SP125", "notes": null, "variant": null, "engineCC": null, "fuelType": null, "createdAt": "2026-06-11T04:37:46.498Z", "updatedAt": "2026-06-11T04:37:46.498Z", "customerId": "cmq90aqgy000cv0ipx2o9ehnl", "vehicleType": "BIKE", "engineNumber": null, "transmission": null, "chassisNumber": null, "odometerReading": null, "yearOfManufacture": null, "registrationNumber": "WB-68-AM-1263"}', 'ADMIN', 'cmofh1jig0004106yjgbfqrdx', NULL, NULL, NULL, '2026-06-11 04:37:46.519') ON CONFLICT DO NOTHING;
INSERT INTO public."ActivityLog" ("id", "entityType", "entityId", "action", "previousValueJson", "newValueJson", "actorType", "actorId", "requestId", "ipAddress", "userAgent", "createdAt") VALUES ('cmq9164f7000iw3523gtzav5o', 'Customer', 'cmq9164ef000gw352im1qlnev', 'customer.created', NULL, '{"id": "cmq9164ef000gw352im1qlnev", "city": null, "email": "gearup.sgnk.ai@gmail.com", "notes": null, "state": null, "source": "JOB_CARD_FORM", "fullName": "Sukhen ", "createdAt": "2026-06-11T05:01:51.682Z", "updatedAt": "2026-06-11T05:01:51.682Z", "archivedAt": null, "postalCode": null, "phoneNumber": "8695291893", "addressLine1": null, "addressLine2": null, "alternatePhone": null}', 'ADMIN', 'cmofh1jig0004106yjgbfqrdx', NULL, NULL, NULL, '2026-06-11 05:01:51.715') ON CONFLICT DO NOTHING;
INSERT INTO public."ActivityLog" ("id", "entityType", "entityId", "action", "previousValueJson", "newValueJson", "actorType", "actorId", "requestId", "ipAddress", "userAgent", "createdAt") VALUES ('cmq916mfu000mw3526z8ugixm', 'Vehicle', 'cmq916mf0000kw352sukhqh2a', 'vehicle.created', NULL, '{"id": "cmq916mf0000kw352sukhqh2a", "vin": null, "brand": "Royal Enfield ", "color": null, "model": "Classic 350", "notes": null, "variant": null, "engineCC": null, "fuelType": null, "createdAt": "2026-06-11T05:02:15.008Z", "updatedAt": "2026-06-11T05:02:15.008Z", "customerId": "cmq9164ef000gw352im1qlnev", "vehicleType": "BIKE", "engineNumber": null, "transmission": null, "chassisNumber": null, "odometerReading": null, "yearOfManufacture": null, "registrationNumber": "WB-68-AP-6411"}', 'ADMIN', 'cmofh1jig0004106yjgbfqrdx', NULL, NULL, NULL, '2026-06-11 05:02:15.066') ON CONFLICT DO NOTHING;
INSERT INTO public."ActivityLog" ("id", "entityType", "entityId", "action", "previousValueJson", "newValueJson", "actorType", "actorId", "requestId", "ipAddress", "userAgent", "createdAt") VALUES ('cmq916uzh000rw352l0eq07rg', 'JobCard', 'cmq916uvk000ow352jjiacaui', 'job-card.created', NULL, '{"id": "cmq916uvk000ow352jjiacaui", "status": "CREATED", "priority": "", "createdAt": "2026-06-11T05:02:25.984Z", "updatedAt": "2026-06-11T05:02:25.984Z", "vehicleId": "cmq916mf0000kw352sukhqh2a", "customerId": "cmq9164ef000gw352im1qlnev", "finalTotal": "0", "intakeDate": "2026-06-11T05:02:25.983Z", "issueSummary": "Foam wash ", "appointmentId": null, "estimateNotes": null, "fuelIndicator": "1/2", "internalNotes": null, "jobCardNumber": "JC-WVPBWGSW", "approvalStatus": "PENDING", "diagnosisNotes": null, "estimatedTotal": "0", "finalLaborCost": "0", "finalOtherCost": "0", "finalPartsCost": "0", "actualDeliveryAt": null, "odometerAtIntake": 68062, "serviceRequestId": null, "customerComplaints": "", "estimatedLaborCost": "0", "estimatedOtherCost": "0", "estimatedPartsCost": "0", "estimatedDeliveryAt": null, "customerVisibleNotes": null, "assignedServiceManagerId": null}', 'ADMIN', 'cmofh1jig0004106yjgbfqrdx', NULL, NULL, NULL, '2026-06-11 05:02:26.141') ON CONFLICT DO NOTHING;
INSERT INTO public."ActivityLog" ("id", "entityType", "entityId", "action", "previousValueJson", "newValueJson", "actorType", "actorId", "requestId", "ipAddress", "userAgent", "createdAt") VALUES ('cmq92syuv0002q3jponqae6yd', 'Customer', 'cmq92syu40000q3jpsrf3z87h', 'customer.created', NULL, '{"id": "cmq92syu40000q3jpsrf3z87h", "city": null, "email": null, "notes": null, "state": null, "source": "JOB_CARD_FORM", "fullName": "Sumanta Mukherjee ", "createdAt": "2026-06-11T05:47:37.177Z", "updatedAt": "2026-06-11T05:47:37.177Z", "archivedAt": null, "postalCode": null, "phoneNumber": "9064458228", "addressLine1": null, "addressLine2": null, "alternatePhone": null}', 'ADMIN', 'cmofh1jig0004106yjgbfqrdx', NULL, NULL, NULL, '2026-06-11 05:47:37.208') ON CONFLICT DO NOTHING;
INSERT INTO public."ActivityLog" ("id", "entityType", "entityId", "action", "previousValueJson", "newValueJson", "actorType", "actorId", "requestId", "ipAddress", "userAgent", "createdAt") VALUES ('cmq92ucj20006q3jp3gdxuvl1', 'Vehicle', 'cmq92ucij0004q3jp9rbw3nli', 'vehicle.created', NULL, '{"id": "cmq92ucij0004q3jp9rbw3nli", "vin": null, "brand": "Honda", "color": null, "model": "Dream Neo 110", "notes": null, "variant": null, "engineCC": null, "fuelType": null, "createdAt": "2026-06-11T05:48:41.557Z", "updatedAt": "2026-06-11T05:48:41.557Z", "customerId": "cmq92syu40000q3jpsrf3z87h", "vehicleType": "BIKE", "engineNumber": null, "transmission": null, "chassisNumber": null, "odometerReading": null, "yearOfManufacture": null, "registrationNumber": "WB-68-R-2377"}', 'ADMIN', 'cmofh1jig0004106yjgbfqrdx', NULL, NULL, NULL, '2026-06-11 05:48:41.583') ON CONFLICT DO NOTHING;
INSERT INTO public."ActivityLog" ("id", "entityType", "entityId", "action", "previousValueJson", "newValueJson", "actorType", "actorId", "requestId", "ipAddress", "userAgent", "createdAt") VALUES ('cmq92yrox000bq3jpx8vf64oh', 'JobCard', 'cmq92yrma0008q3jpgvtowqan', 'job-card.created', NULL, '{"id": "cmq92yrma0008q3jpgvtowqan", "status": "CREATED", "priority": "", "createdAt": "2026-06-11T05:52:07.757Z", "updatedAt": "2026-06-11T05:52:07.757Z", "vehicleId": "cmq92ucij0004q3jp9rbw3nli", "customerId": "cmq92syu40000q3jpsrf3z87h", "finalTotal": "0", "intakeDate": "2026-06-11T05:52:07.756Z", "issueSummary": "Mobil Change Castrol, Clutch Adjust, Chain Adjust, Air Filter Check, General Servicing ", "appointmentId": null, "estimateNotes": null, "fuelIndicator": "E", "internalNotes": null, "jobCardNumber": "JC-CGWF0WXP", "approvalStatus": "PENDING", "diagnosisNotes": null, "estimatedTotal": "0", "finalLaborCost": "0", "finalOtherCost": "0", "finalPartsCost": "0", "actualDeliveryAt": null, "odometerAtIntake": 43371, "serviceRequestId": null, "customerComplaints": "", "estimatedLaborCost": "0", "estimatedOtherCost": "0", "estimatedPartsCost": "0", "estimatedDeliveryAt": null, "customerVisibleNotes": null, "assignedServiceManagerId": null}', 'ADMIN', 'cmofh1jig0004106yjgbfqrdx', NULL, NULL, NULL, '2026-06-11 05:52:07.857') ON CONFLICT DO NOTHING;
INSERT INTO public."ActivityLog" ("id", "entityType", "entityId", "action", "previousValueJson", "newValueJson", "actorType", "actorId", "requestId", "ipAddress", "userAgent", "createdAt") VALUES ('cmq9321yo000eq3jpfi6wgdn7', 'Customer', 'cmq9321y4000cq3jpjjbuad34', 'customer.created', NULL, '{"id": "cmq9321y4000cq3jpjjbuad34", "city": null, "email": null, "notes": null, "state": null, "source": "JOB_CARD_FORM", "fullName": "Debabrata Patra", "createdAt": "2026-06-11T05:54:41.112Z", "updatedAt": "2026-06-11T05:54:41.112Z", "archivedAt": null, "postalCode": null, "phoneNumber": "7407944841", "addressLine1": null, "addressLine2": null, "alternatePhone": null}', 'ADMIN', 'cmofh1jig0004106yjgbfqrdx', NULL, NULL, NULL, '2026-06-11 05:54:41.136') ON CONFLICT DO NOTHING;
INSERT INTO public."ActivityLog" ("id", "entityType", "entityId", "action", "previousValueJson", "newValueJson", "actorType", "actorId", "requestId", "ipAddress", "userAgent", "createdAt") VALUES ('cmq932ico000iq3jpzswe0op1', 'Vehicle', 'cmq932ic7000gq3jprhxini79', 'vehicle.created', NULL, '{"id": "cmq932ic7000gq3jprhxini79", "vin": null, "brand": "Hero ", "color": null, "model": "Glamour ", "notes": null, "variant": null, "engineCC": null, "fuelType": null, "createdAt": "2026-06-11T05:55:02.350Z", "updatedAt": "2026-06-11T05:55:02.350Z", "customerId": "cmq9321y4000cq3jpjjbuad34", "vehicleType": "BIKE", "engineNumber": null, "transmission": null, "chassisNumber": null, "odometerReading": null, "yearOfManufacture": null, "registrationNumber": "WB-68-AG-6605"}', 'ADMIN', 'cmofh1jig0004106yjgbfqrdx', NULL, NULL, NULL, '2026-06-11 05:55:02.376') ON CONFLICT DO NOTHING;
INSERT INTO public."ActivityLog" ("id", "entityType", "entityId", "action", "previousValueJson", "newValueJson", "actorType", "actorId", "requestId", "ipAddress", "userAgent", "createdAt") VALUES ('cmq98t1ws000tuif52224pn2y', 'Invoice', 'cmq916ux6000pw3520720u1ao', 'invoice.finalized', NULL, NULL, 'ADMIN', 'cmofh1jig0004106yjgbfqrdx', NULL, NULL, NULL, '2026-06-11 08:35:38.861') ON CONFLICT DO NOTHING;
INSERT INTO public."ActivityLog" ("id", "entityType", "entityId", "action", "previousValueJson", "newValueJson", "actorType", "actorId", "requestId", "ipAddress", "userAgent", "createdAt") VALUES ('cmq98t8m1000vuif5cgrf7fdy', 'Invoice', 'cmq916ux6000pw3520720u1ao', 'invoice.reverted-to-draft', NULL, NULL, 'ADMIN', 'cmofh1jig0004106yjgbfqrdx', NULL, NULL, NULL, '2026-06-11 08:35:47.545') ON CONFLICT DO NOTHING;
INSERT INTO public."ActivityLog" ("id", "entityType", "entityId", "action", "previousValueJson", "newValueJson", "actorType", "actorId", "requestId", "ipAddress", "userAgent", "createdAt") VALUES ('cmq9345w8000nq3jpx75qpt3g', 'JobCard', 'cmq9345tu000kq3jpytm93djn', 'job-card.created', NULL, '{"id": "cmq9345tu000kq3jpytm93djn", "status": "CREATED", "priority": "", "createdAt": "2026-06-11T05:56:19.451Z", "updatedAt": "2026-06-11T05:56:19.451Z", "vehicleId": "cmq932ic7000gq3jprhxini79", "customerId": "cmq9321y4000cq3jpjjbuad34", "finalTotal": "0", "intakeDate": "2026-06-11T05:56:19.450Z", "issueSummary": "Foam Wash ", "appointmentId": null, "estimateNotes": null, "fuelIndicator": "3/4", "internalNotes": null, "jobCardNumber": "JC-D5SCQAQY", "approvalStatus": "PENDING", "diagnosisNotes": null, "estimatedTotal": "0", "finalLaborCost": "0", "finalOtherCost": "0", "finalPartsCost": "0", "actualDeliveryAt": null, "odometerAtIntake": 57742, "serviceRequestId": null, "customerComplaints": "", "estimatedLaborCost": "0", "estimatedOtherCost": "0", "estimatedPartsCost": "0", "estimatedDeliveryAt": null, "customerVisibleNotes": null, "assignedServiceManagerId": null}', 'ADMIN', 'cmofh1jig0004106yjgbfqrdx', NULL, NULL, NULL, '2026-06-11 05:56:19.544') ON CONFLICT DO NOTHING;
INSERT INTO public."ActivityLog" ("id", "entityType", "entityId", "action", "previousValueJson", "newValueJson", "actorType", "actorId", "requestId", "ipAddress", "userAgent", "createdAt") VALUES ('cmq93no790005pdphg4zgoxsj', 'InvoiceLineItem', 'cmq93no4l0001pdph8b908yue', 'invoice.line.added', NULL, '{"taxRate": 0, "lineType": "SERVICE_CHARGE", "quantity": 1, "unitPrice": 25, "description": "CHAIN CLEAN", "discountPercent": 0}', 'ADMIN', 'cmofh1jig0004106yjgbfqrdx', NULL, NULL, NULL, '2026-06-11 06:11:29.734') ON CONFLICT DO NOTHING;
INSERT INTO public."ActivityLog" ("id", "entityType", "entityId", "action", "previousValueJson", "newValueJson", "actorType", "actorId", "requestId", "ipAddress", "userAgent", "createdAt") VALUES ('cmq93nvb4000bpdphfl2ey38e', 'InvoiceLineItem', 'cmq93nv8s0007pdphv6zc78p8', 'invoice.line.added', NULL, '{"taxRate": 0, "lineType": "SERVICE_CHARGE", "quantity": 1, "unitPrice": 49, "description": "FOAM WASH", "discountPercent": 0}', 'ADMIN', 'cmofh1jig0004106yjgbfqrdx', NULL, NULL, NULL, '2026-06-11 06:11:38.944') ON CONFLICT DO NOTHING;
INSERT INTO public."ActivityLog" ("id", "entityType", "entityId", "action", "previousValueJson", "newValueJson", "actorType", "actorId", "requestId", "ipAddress", "userAgent", "createdAt") VALUES ('cmq93nx0c000dpdphrv7lmj14', 'Invoice', 'cmq8zs5rz0002ogmd9zwxup9e', 'invoice.finalized', NULL, NULL, 'ADMIN', 'cmofh1jig0004106yjgbfqrdx', NULL, NULL, NULL, '2026-06-11 06:11:41.148') ON CONFLICT DO NOTHING;
INSERT INTO public."ActivityLog" ("id", "entityType", "entityId", "action", "previousValueJson", "newValueJson", "actorType", "actorId", "requestId", "ipAddress", "userAgent", "createdAt") VALUES ('cmq93o19k0004984m4dthxfnj', 'Payment', 'cmq93o1870002984m7o19byqd', 'payment.recorded', NULL, '{"amount": 74, "paymentDate": "2026-06-11T00:00:00+05:30", "paymentMode": "UPI"}', 'ADMIN', 'cmofh1jig0004106yjgbfqrdx', NULL, NULL, NULL, '2026-06-11 06:11:46.665') ON CONFLICT DO NOTHING;
INSERT INTO public."ActivityLog" ("id", "entityType", "entityId", "action", "previousValueJson", "newValueJson", "actorType", "actorId", "requestId", "ipAddress", "userAgent", "createdAt") VALUES ('cmq93vtf9000gpdphk0nwannb', 'Customer', 'cmq93vtem000epdphfnndmaf5', 'customer.created', NULL, '{"id": "cmq93vtem000epdphfnndmaf5", "city": null, "email": "gearup.sgnk.ai@gmail.com", "notes": null, "state": null, "source": "JOB_CARD_FORM", "fullName": "ABIR DASMODAK ", "createdAt": "2026-06-11T06:17:49.722Z", "updatedAt": "2026-06-11T06:17:49.722Z", "archivedAt": null, "postalCode": null, "phoneNumber": "9832201386", "addressLine1": null, "addressLine2": null, "alternatePhone": null}', 'ADMIN', 'cmofh1jig0004106yjgbfqrdx', NULL, NULL, NULL, '2026-06-11 06:17:49.749') ON CONFLICT DO NOTHING;
INSERT INTO public."ActivityLog" ("id", "entityType", "entityId", "action", "previousValueJson", "newValueJson", "actorType", "actorId", "requestId", "ipAddress", "userAgent", "createdAt") VALUES ('cmq93wc14000kpdphvvls7pkn', 'Vehicle', 'cmq93wc0i000ipdphqz3sbeul', 'vehicle.created', NULL, '{"id": "cmq93wc0i000ipdphqz3sbeul", "vin": null, "brand": "HORNET ", "color": null, "model": "160", "notes": null, "variant": null, "engineCC": null, "fuelType": null, "createdAt": "2026-06-11T06:18:13.823Z", "updatedAt": "2026-06-11T06:18:13.823Z", "customerId": "cmq93vtem000epdphfnndmaf5", "vehicleType": "BIKE", "engineNumber": null, "transmission": null, "chassisNumber": null, "odometerReading": null, "yearOfManufacture": null, "registrationNumber": "WB-68-W-9225"}', 'ADMIN', 'cmofh1jig0004106yjgbfqrdx', NULL, NULL, NULL, '2026-06-11 06:18:13.865') ON CONFLICT DO NOTHING;
INSERT INTO public."ActivityLog" ("id", "entityType", "entityId", "action", "previousValueJson", "newValueJson", "actorType", "actorId", "requestId", "ipAddress", "userAgent", "createdAt") VALUES ('cmq93x2ez000ppdphssnc88m0', 'JobCard', 'cmq93x2bu000mpdphexus3983', 'job-card.created', NULL, '{"id": "cmq93x2bu000mpdphexus3983", "status": "CREATED", "priority": "", "createdAt": "2026-06-11T06:18:47.933Z", "updatedAt": "2026-06-11T06:18:47.933Z", "vehicleId": "cmq93wc0i000ipdphqz3sbeul", "customerId": "cmq93vtem000epdphfnndmaf5", "finalTotal": "0", "intakeDate": "2026-06-11T06:18:47.933Z", "issueSummary": "FOAM WASH ", "appointmentId": null, "estimateNotes": null, "fuelIndicator": "1/2", "internalNotes": null, "jobCardNumber": "JC-G6ORWAI0", "approvalStatus": "PENDING", "diagnosisNotes": null, "estimatedTotal": "0", "finalLaborCost": "0", "finalOtherCost": "0", "finalPartsCost": "0", "actualDeliveryAt": null, "odometerAtIntake": 5662, "serviceRequestId": null, "customerComplaints": "", "estimatedLaborCost": "0", "estimatedOtherCost": "0", "estimatedPartsCost": "0", "estimatedDeliveryAt": null, "customerVisibleNotes": null, "assignedServiceManagerId": null}', 'ADMIN', 'cmofh1jig0004106yjgbfqrdx', NULL, NULL, NULL, '2026-06-11 06:18:48.059') ON CONFLICT DO NOTHING;
INSERT INTO public."ActivityLog" ("id", "entityType", "entityId", "action", "previousValueJson", "newValueJson", "actorType", "actorId", "requestId", "ipAddress", "userAgent", "createdAt") VALUES ('cmq93zs0g000spdphob7kw95i', 'Customer', 'cmq93zrzr000qpdph0uog4py3', 'customer.created', NULL, '{"id": "cmq93zrzr000qpdph0uog4py3", "city": null, "email": "gearup.sgnk.ai@gmail.com", "notes": null, "state": null, "source": "JOB_CARD_FORM", "fullName": "GOURAV BHATTACHARYAA", "createdAt": "2026-06-11T06:20:54.515Z", "updatedAt": "2026-06-11T06:20:54.515Z", "archivedAt": null, "postalCode": null, "phoneNumber": "7550883795", "addressLine1": null, "addressLine2": null, "alternatePhone": null}', 'ADMIN', 'cmofh1jig0004106yjgbfqrdx', NULL, NULL, NULL, '2026-06-11 06:20:54.544') ON CONFLICT DO NOTHING;
INSERT INTO public."ActivityLog" ("id", "entityType", "entityId", "action", "previousValueJson", "newValueJson", "actorType", "actorId", "requestId", "ipAddress", "userAgent", "createdAt") VALUES ('cmq9407qy000wpdphuenn3u6j', 'Vehicle', 'cmq9407qc000updphadqqd9b2', 'vehicle.created', NULL, '{"id": "cmq9407qc000updphadqqd9b2", "vin": null, "brand": "R ", "color": null, "model": "15", "notes": null, "variant": null, "engineCC": null, "fuelType": null, "createdAt": "2026-06-11T06:21:14.904Z", "updatedAt": "2026-06-11T06:21:14.904Z", "customerId": "cmq93zrzr000qpdph0uog4py3", "vehicleType": "BIKE", "engineNumber": null, "transmission": null, "chassisNumber": null, "odometerReading": null, "yearOfManufacture": null, "registrationNumber": "WB-68-AN-1061"}', 'ADMIN', 'cmofh1jig0004106yjgbfqrdx', NULL, NULL, NULL, '2026-06-11 06:21:14.939') ON CONFLICT DO NOTHING;
INSERT INTO public."ActivityLog" ("id", "entityType", "entityId", "action", "previousValueJson", "newValueJson", "actorType", "actorId", "requestId", "ipAddress", "userAgent", "createdAt") VALUES ('cmq940qxx0011pdph3tcza65q', 'JobCard', 'cmq940qut000ypdphcqnz22b2', 'job-card.created', NULL, '{"id": "cmq940qut000ypdphcqnz22b2", "status": "CREATED", "priority": "", "createdAt": "2026-06-11T06:21:39.663Z", "updatedAt": "2026-06-11T06:21:39.663Z", "vehicleId": "cmq9407qc000updphadqqd9b2", "customerId": "cmq93zrzr000qpdph0uog4py3", "finalTotal": "0", "intakeDate": "2026-06-11T06:21:39.660Z", "issueSummary": "NORMAL WASH", "appointmentId": null, "estimateNotes": null, "fuelIndicator": "1/2", "internalNotes": null, "jobCardNumber": "JC-9D63LOKF", "approvalStatus": "PENDING", "diagnosisNotes": null, "estimatedTotal": "0", "finalLaborCost": "0", "finalOtherCost": "0", "finalPartsCost": "0", "actualDeliveryAt": null, "odometerAtIntake": 5656, "serviceRequestId": null, "customerComplaints": "", "estimatedLaborCost": "0", "estimatedOtherCost": "0", "estimatedPartsCost": "0", "estimatedDeliveryAt": null, "customerVisibleNotes": null, "assignedServiceManagerId": null}', 'ADMIN', 'cmofh1jig0004106yjgbfqrdx', NULL, NULL, NULL, '2026-06-11 06:21:39.813') ON CONFLICT DO NOTHING;
INSERT INTO public."ActivityLog" ("id", "entityType", "entityId", "action", "previousValueJson", "newValueJson", "actorType", "actorId", "requestId", "ipAddress", "userAgent", "createdAt") VALUES ('cmq94p39w0002qplb7esmgmex', 'Customer', 'cmq94p3920000qplb19fz53pl', 'customer.created', NULL, '{"id": "cmq94p3920000qplb19fz53pl", "city": null, "email": null, "notes": null, "state": null, "source": "JOB_CARD_FORM", "fullName": "SANAT BOSE", "createdAt": "2026-06-11T06:40:35.506Z", "updatedAt": "2026-06-11T06:40:35.506Z", "archivedAt": null, "postalCode": null, "phoneNumber": "8670518015", "addressLine1": null, "addressLine2": null, "alternatePhone": null}', 'ADMIN', 'cmofh1jig0004106yjgbfqrdx', NULL, NULL, NULL, '2026-06-11 06:40:35.54') ON CONFLICT DO NOTHING;
INSERT INTO public."ActivityLog" ("id", "entityType", "entityId", "action", "previousValueJson", "newValueJson", "actorType", "actorId", "requestId", "ipAddress", "userAgent", "createdAt") VALUES ('cmq94px8d0006qplbi9r9qt0b', 'Vehicle', 'cmq94px7i0004qplberzhfail', 'vehicle.created', NULL, '{"id": "cmq94px7i0004qplberzhfail", "vin": null, "brand": "HONDA", "color": null, "model": "ACTIVA ", "notes": null, "variant": null, "engineCC": null, "fuelType": null, "createdAt": "2026-06-11T06:41:14.319Z", "updatedAt": "2026-06-11T06:41:14.319Z", "customerId": "cmq94p3920000qplb19fz53pl", "vehicleType": "BIKE", "engineNumber": null, "transmission": null, "chassisNumber": null, "odometerReading": null, "yearOfManufacture": null, "registrationNumber": "WB-68-Z-7041"}', 'ADMIN', 'cmofh1jig0004106yjgbfqrdx', NULL, NULL, NULL, '2026-06-11 06:41:14.366') ON CONFLICT DO NOTHING;
INSERT INTO public."ActivityLog" ("id", "entityType", "entityId", "action", "previousValueJson", "newValueJson", "actorType", "actorId", "requestId", "ipAddress", "userAgent", "createdAt") VALUES ('cmq98qb80000luif5zuiqigrk', 'InvoiceLineItem', 'cmq98qb4z000huif54xi3zvfr', 'invoice.line.added', NULL, '{"taxRate": 0, "lineType": "AMC", "quantity": 1, "amcPlanId": "cmq95rpld000023mdg7rzokgj", "unitPrice": 1650, "description": "AMC — GOLD (350cc+)", "discountPercent": 10}', 'ADMIN', 'cmofh1jig0004106yjgbfqrdx', NULL, NULL, NULL, '2026-06-11 08:33:30.96') ON CONFLICT DO NOTHING;
INSERT INTO public."ActivityLog" ("id", "entityType", "entityId", "action", "previousValueJson", "newValueJson", "actorType", "actorId", "requestId", "ipAddress", "userAgent", "createdAt") VALUES ('cmq94q795000bqplbdu1ay3ar', 'JobCard', 'cmq94q7600008qplbsmhf4nq9', 'job-card.created', NULL, '{"id": "cmq94q7600008qplbsmhf4nq9", "status": "CREATED", "priority": "", "createdAt": "2026-06-11T06:41:27.236Z", "updatedAt": "2026-06-11T06:41:27.236Z", "vehicleId": "cmq94px7i0004qplberzhfail", "customerId": "cmq94p3920000qplb19fz53pl", "finalTotal": "0", "intakeDate": "2026-06-11T06:41:27.235Z", "issueSummary": "GENERAL SERVICING ", "appointmentId": null, "estimateNotes": null, "fuelIndicator": "1/4", "internalNotes": null, "jobCardNumber": "JC-NHYTALAW", "approvalStatus": "PENDING", "diagnosisNotes": null, "estimatedTotal": "0", "finalLaborCost": "0", "finalOtherCost": "0", "finalPartsCost": "0", "actualDeliveryAt": null, "odometerAtIntake": 8642, "serviceRequestId": null, "customerComplaints": "", "estimatedLaborCost": "0", "estimatedOtherCost": "0", "estimatedPartsCost": "0", "estimatedDeliveryAt": null, "customerVisibleNotes": null, "assignedServiceManagerId": null}', 'ADMIN', 'cmofh1jig0004106yjgbfqrdx', NULL, NULL, NULL, '2026-06-11 06:41:27.353') ON CONFLICT DO NOTHING;
INSERT INTO public."ActivityLog" ("id", "entityType", "entityId", "action", "previousValueJson", "newValueJson", "actorType", "actorId", "requestId", "ipAddress", "userAgent", "createdAt") VALUES ('cmq94s18v0005cw11tl48m5qm', 'InvoiceLineItem', 'cmq94s1740001cw11qoiyw162', 'invoice.line.added', NULL, '{"taxRate": 0, "lineType": "CUSTOM_CHARGE", "quantity": 1, "unitPrice": 400, "description": "CASTROL 10W30", "discountPercent": 5}', 'ADMIN', 'cmofh1jig0004106yjgbfqrdx', NULL, NULL, NULL, '2026-06-11 06:42:52.879') ON CONFLICT DO NOTHING;
INSERT INTO public."ActivityLog" ("id", "entityType", "entityId", "action", "previousValueJson", "newValueJson", "actorType", "actorId", "requestId", "ipAddress", "userAgent", "createdAt") VALUES ('cmq94s7ba00058xw0rrafflj2', 'InvoiceLineItem', 'cmq94s79d00018xw0dmzleeh1', 'invoice.line.added', NULL, '{"taxRate": 0, "lineType": "SERVICE_CHARGE", "quantity": 1, "unitPrice": 370, "description": "General Service", "discountPercent": 0}', 'ADMIN', 'cmofh1jig0004106yjgbfqrdx', NULL, NULL, NULL, '2026-06-11 06:43:00.743') ON CONFLICT DO NOTHING;
INSERT INTO public."ActivityLog" ("id", "entityType", "entityId", "action", "previousValueJson", "newValueJson", "actorType", "actorId", "requestId", "ipAddress", "userAgent", "createdAt") VALUES ('cmq94slra0007cw116uwwvkup', 'Invoice', 'cmq94q77b0009qplbs2jqz4au', 'invoice.finalized', NULL, NULL, 'ADMIN', 'cmofh1jig0004106yjgbfqrdx', NULL, NULL, NULL, '2026-06-11 06:43:19.463') ON CONFLICT DO NOTHING;
INSERT INTO public."ActivityLog" ("id", "entityType", "entityId", "action", "previousValueJson", "newValueJson", "actorType", "actorId", "requestId", "ipAddress", "userAgent", "createdAt") VALUES ('cmq94y9eo000ccw11h92hib2q', 'Payment', 'cmq94y9dp000acw11je17l480', 'payment.recorded', NULL, '{"amount": 750, "paymentDate": "2026-06-11T00:00:00+05:30", "paymentMode": "CASH"}', 'ADMIN', 'cmofh1jig0004106yjgbfqrdx', NULL, NULL, NULL, '2026-06-11 06:47:43.392') ON CONFLICT DO NOTHING;
INSERT INTO public."ActivityLog" ("id", "entityType", "entityId", "action", "previousValueJson", "newValueJson", "actorType", "actorId", "requestId", "ipAddress", "userAgent", "createdAt") VALUES ('cmq958ng3000icw117xmauelu', 'InvoiceLineItem', 'cmq958ned000ecw11e0yg5qgk', 'invoice.line.added', NULL, '{"taxRate": 0, "lineType": "SERVICE_CHARGE", "quantity": 1, "unitPrice": 49, "description": "FOAM WASH", "discountPercent": 0}', 'ADMIN', 'cmofh1jig0004106yjgbfqrdx', NULL, NULL, NULL, '2026-06-11 06:55:48.148') ON CONFLICT DO NOTHING;
INSERT INTO public."ActivityLog" ("id", "entityType", "entityId", "action", "previousValueJson", "newValueJson", "actorType", "actorId", "requestId", "ipAddress", "userAgent", "createdAt") VALUES ('cmq958p4h00078xw08lercfcg', 'Invoice', 'cmq9345uu000lq3jpvlx0szcg', 'invoice.finalized', NULL, NULL, 'ADMIN', 'cmofh1jig0004106yjgbfqrdx', NULL, NULL, NULL, '2026-06-11 06:55:50.321') ON CONFLICT DO NOTHING;
INSERT INTO public."ActivityLog" ("id", "entityType", "entityId", "action", "previousValueJson", "newValueJson", "actorType", "actorId", "requestId", "ipAddress", "userAgent", "createdAt") VALUES ('cmq958s6v000c8xw0bxsrpcgt', 'Payment', 'cmq958s5t000a8xw062h5rbki', 'payment.recorded', NULL, '{"amount": 49, "paymentDate": "2026-06-11T00:00:00+05:30", "paymentMode": "UPI"}', 'ADMIN', 'cmofh1jig0004106yjgbfqrdx', NULL, NULL, NULL, '2026-06-11 06:55:54.296') ON CONFLICT DO NOTHING;
INSERT INTO public."ActivityLog" ("id", "entityType", "entityId", "action", "previousValueJson", "newValueJson", "actorType", "actorId", "requestId", "ipAddress", "userAgent", "createdAt") VALUES ('cmq95ac35000f8xw0o1rhcj1l', 'Customer', 'cmq95ac2j000d8xw0nzx65tyh', 'customer.created', NULL, '{"id": "cmq95ac2j000d8xw0nzx65tyh", "city": null, "email": "gearup.sgnk.ai@gmail.com", "notes": null, "state": null, "source": "JOB_CARD_FORM", "fullName": "PRADIP KUMAR MODAK", "createdAt": "2026-06-11T06:57:06.711Z", "updatedAt": "2026-06-11T06:57:06.711Z", "archivedAt": null, "postalCode": null, "phoneNumber": "9933593493", "addressLine1": null, "addressLine2": null, "alternatePhone": null}', 'ADMIN', 'cmofh1jig0004106yjgbfqrdx', NULL, NULL, NULL, '2026-06-11 06:57:06.737') ON CONFLICT DO NOTHING;
INSERT INTO public."ActivityLog" ("id", "entityType", "entityId", "action", "previousValueJson", "newValueJson", "actorType", "actorId", "requestId", "ipAddress", "userAgent", "createdAt") VALUES ('cmq95awcz000j8xw0akr51dnt', 'Vehicle', 'cmq95awcf000h8xw0bjuy7tzj', 'vehicle.created', NULL, '{"id": "cmq95awcf000h8xw0bjuy7tzj", "vin": null, "brand": "CLASSIC", "color": null, "model": "350", "notes": null, "variant": null, "engineCC": null, "fuelType": null, "createdAt": "2026-06-11T06:57:32.979Z", "updatedAt": "2026-06-11T06:57:32.979Z", "customerId": "cmq95ac2j000d8xw0nzx65tyh", "vehicleType": "BIKE", "engineNumber": null, "transmission": null, "chassisNumber": null, "odometerReading": null, "yearOfManufacture": null, "registrationNumber": "W-68-AQ-3433"}', 'ADMIN', 'cmofh1jig0004106yjgbfqrdx', NULL, NULL, NULL, '2026-06-11 06:57:33.011') ON CONFLICT DO NOTHING;
INSERT INTO public."ActivityLog" ("id", "entityType", "entityId", "action", "previousValueJson", "newValueJson", "actorType", "actorId", "requestId", "ipAddress", "userAgent", "createdAt") VALUES ('cmq95balq000o8xw05q0f1rzl', 'JobCard', 'cmq95baj2000l8xw07dglk68b', 'job-card.created', NULL, '{"id": "cmq95baj2000l8xw07dglk68b", "status": "CREATED", "priority": "", "createdAt": "2026-06-11T06:57:51.364Z", "updatedAt": "2026-06-11T06:57:51.364Z", "vehicleId": "cmq95awcf000h8xw0bjuy7tzj", "customerId": "cmq95ac2j000d8xw0nzx65tyh", "finalTotal": "0", "intakeDate": "2026-06-11T06:57:51.363Z", "issueSummary": "FOAM WASH ", "appointmentId": null, "estimateNotes": null, "fuelIndicator": "1/4", "internalNotes": null, "jobCardNumber": "JC-HRQR3L5S", "approvalStatus": "PENDING", "diagnosisNotes": null, "estimatedTotal": "0", "finalLaborCost": "0", "finalOtherCost": "0", "finalPartsCost": "0", "actualDeliveryAt": null, "odometerAtIntake": 5565, "serviceRequestId": null, "customerComplaints": "", "estimatedLaborCost": "0", "estimatedOtherCost": "0", "estimatedPartsCost": "0", "estimatedDeliveryAt": null, "customerVisibleNotes": null, "assignedServiceManagerId": null}', 'ADMIN', 'cmofh1jig0004106yjgbfqrdx', NULL, NULL, NULL, '2026-06-11 06:57:51.47') ON CONFLICT DO NOTHING;
INSERT INTO public."ActivityLog" ("id", "entityType", "entityId", "action", "previousValueJson", "newValueJson", "actorType", "actorId", "requestId", "ipAddress", "userAgent", "createdAt") VALUES ('cmq95ci5u000q8xw0umr85rkk', 'JobCard', 'cmq95baj2000l8xw07dglk68b', 'job-card.updated', NULL, '{"issueSummary": "FOAM WASH SILICON POLISH"}', 'ADMIN', 'cmofh1jig0004106yjgbfqrdx', NULL, NULL, NULL, '2026-06-11 06:58:47.923') ON CONFLICT DO NOTHING;
INSERT INTO public."ActivityLog" ("id", "entityType", "entityId", "action", "previousValueJson", "newValueJson", "actorType", "actorId", "requestId", "ipAddress", "userAgent", "createdAt") VALUES ('cmq983rcg00058ev6581ae3u0', 'InvoiceLineItem', 'cmq983r9f00018ev6fdrk3tiy', 'invoice.line.added', NULL, '{"taxRate": 0, "lineType": "CUSTOM_CHARGE", "quantity": 1, "unitPrice": 350, "description": "Labour charges ", "discountPercent": 0}', 'ADMIN', 'cmofh1jig0004106yjgbfqrdx', NULL, NULL, NULL, '2026-06-11 08:15:58.769') ON CONFLICT DO NOTHING;
INSERT INTO public."ActivityLog" ("id", "entityType", "entityId", "action", "previousValueJson", "newValueJson", "actorType", "actorId", "requestId", "ipAddress", "userAgent", "createdAt") VALUES ('cmq984f8g0005galz3bx6mm4g', 'InvoiceLineItem', 'cmq984f5f0001galzt4ge8bgb', 'invoice.line.added', NULL, '{"taxRate": 0, "lineType": "CUSTOM_CHARGE", "quantity": 1, "unitPrice": 470, "description": "Castrol 20w40", "discountPercent": 50}', 'ADMIN', 'cmofh1jig0004106yjgbfqrdx', NULL, NULL, NULL, '2026-06-11 08:16:29.728') ON CONFLICT DO NOTHING;
INSERT INTO public."ActivityLog" ("id", "entityType", "entityId", "action", "previousValueJson", "newValueJson", "actorType", "actorId", "requestId", "ipAddress", "userAgent", "createdAt") VALUES ('cmq984nph0007galz4tjkd6yk', 'InvoiceLineItem', 'cmq984f5f0001galzt4ge8bgb', 'invoice.line.removed', NULL, NULL, 'ADMIN', 'cmofh1jig0004106yjgbfqrdx', NULL, NULL, NULL, '2026-06-11 08:16:40.709') ON CONFLICT DO NOTHING;
INSERT INTO public."ActivityLog" ("id", "entityType", "entityId", "action", "previousValueJson", "newValueJson", "actorType", "actorId", "requestId", "ipAddress", "userAgent", "createdAt") VALUES ('cmq9859fa000b8ev6g3ucdo1f', 'InvoiceLineItem', 'cmq9859cf00078ev6rk8d52rv', 'invoice.line.added', NULL, '{"taxRate": 0, "lineType": "SERVICE_CHARGE", "quantity": 1, "unitPrice": 470, "description": "Activ Castrol 20w40", "discountPercent": 50}', 'ADMIN', 'cmofh1jig0004106yjgbfqrdx', NULL, NULL, NULL, '2026-06-11 08:17:08.854') ON CONFLICT DO NOTHING;
INSERT INTO public."ActivityLog" ("id", "entityType", "entityId", "action", "previousValueJson", "newValueJson", "actorType", "actorId", "requestId", "ipAddress", "userAgent", "createdAt") VALUES ('cmq985jsj000d8ev60plcleus', 'InvoiceLineItem', 'cmq9859cf00078ev6rk8d52rv', 'invoice.line.removed', NULL, NULL, 'ADMIN', 'cmofh1jig0004106yjgbfqrdx', NULL, NULL, NULL, '2026-06-11 08:17:22.292') ON CONFLICT DO NOTHING;
INSERT INTO public."ActivityLog" ("id", "entityType", "entityId", "action", "previousValueJson", "newValueJson", "actorType", "actorId", "requestId", "ipAddress", "userAgent", "createdAt") VALUES ('cmq9865p3000j8ev6eec47inu', 'InvoiceLineItem', 'cmq9865m2000f8ev6loxjroz4', 'invoice.line.added', NULL, '{"taxRate": 0, "lineType": "SERVICE_CHARGE", "quantity": 1, "unitPrice": 470, "description": "Activ Castrol 20w40 ", "discountPercent": 5}', 'ADMIN', 'cmofh1jig0004106yjgbfqrdx', NULL, NULL, NULL, '2026-06-11 08:17:50.68') ON CONFLICT DO NOTHING;
INSERT INTO public."ActivityLog" ("id", "entityType", "entityId", "action", "previousValueJson", "newValueJson", "actorType", "actorId", "requestId", "ipAddress", "userAgent", "createdAt") VALUES ('cmq986lzs0009galzynvyzbd0', 'Invoice', 'cmq8z0yke000bei5ikzc3h6wc', 'invoice.finalized', NULL, NULL, 'ADMIN', 'cmofh1jig0004106yjgbfqrdx', NULL, NULL, NULL, '2026-06-11 08:18:11.8') ON CONFLICT DO NOTHING;
INSERT INTO public."ActivityLog" ("id", "entityType", "entityId", "action", "previousValueJson", "newValueJson", "actorType", "actorId", "requestId", "ipAddress", "userAgent", "createdAt") VALUES ('cmq98pd8u0005uif52purq2oj', 'InvoiceLineItem', 'cmq98pd5p0001uif544eetkrd', 'invoice.line.added', NULL, '{"taxRate": 0, "lineType": "AMC", "quantity": 1, "amcPlanId": "cmq95rpld000023mdg7rzokgj", "unitPrice": 1650, "description": "AMC — GOLD (350cc+)", "discountPercent": 10}', 'ADMIN', 'cmofh1jig0004106yjgbfqrdx', NULL, NULL, NULL, '2026-06-11 08:32:46.926') ON CONFLICT DO NOTHING;
INSERT INTO public."ActivityLog" ("id", "entityType", "entityId", "action", "previousValueJson", "newValueJson", "actorType", "actorId", "requestId", "ipAddress", "userAgent", "createdAt") VALUES ('cmq98pjg10007uif5pxcgkmrt', 'InvoiceLineItem', 'cmq98pd5p0001uif544eetkrd', 'invoice.line.removed', NULL, NULL, 'ADMIN', 'cmofh1jig0004106yjgbfqrdx', NULL, NULL, NULL, '2026-06-11 08:32:54.962') ON CONFLICT DO NOTHING;
INSERT INTO public."ActivityLog" ("id", "entityType", "entityId", "action", "previousValueJson", "newValueJson", "actorType", "actorId", "requestId", "ipAddress", "userAgent", "createdAt") VALUES ('cmq98pr2b000duif52k3jcpcj', 'InvoiceLineItem', 'cmq98pqyv0009uif55c3mofkf', 'invoice.line.added', NULL, '{"taxRate": 0, "lineType": "AMC", "quantity": 1, "amcPlanId": "cmq95rpld000023mdg7rzokgj", "unitPrice": 1650, "description": "AMC — GOLD (350cc+)", "discountPercent": 10}', 'ADMIN', 'cmofh1jig0004106yjgbfqrdx', NULL, NULL, NULL, '2026-06-11 08:33:04.836') ON CONFLICT DO NOTHING;
INSERT INTO public."ActivityLog" ("id", "entityType", "entityId", "action", "previousValueJson", "newValueJson", "actorType", "actorId", "requestId", "ipAddress", "userAgent", "createdAt") VALUES ('cmq98taaf000xuif54fqhszmx', 'InvoiceLineItem', 'cmq98t0v4000nuif5trw5v76r', 'invoice.line.removed', NULL, NULL, 'ADMIN', 'cmofh1jig0004106yjgbfqrdx', NULL, NULL, NULL, '2026-06-11 08:35:49.72') ON CONFLICT DO NOTHING;
INSERT INTO public."ActivityLog" ("id", "entityType", "entityId", "action", "previousValueJson", "newValueJson", "actorType", "actorId", "requestId", "ipAddress", "userAgent", "createdAt") VALUES ('cmq98tl7l0013uif5nl9x7mex', 'InvoiceLineItem', 'cmq98tl4i000zuif55kd3y0dr', 'invoice.line.added', NULL, '{"taxRate": 0, "lineType": "SERVICE_CHARGE", "quantity": 1, "unitPrice": 49, "description": "foam wash ", "discountPercent": 0}', 'ADMIN', 'cmofh1jig0004106yjgbfqrdx', NULL, NULL, NULL, '2026-06-11 08:36:03.874') ON CONFLICT DO NOTHING;
INSERT INTO public."ActivityLog" ("id", "entityType", "entityId", "action", "previousValueJson", "newValueJson", "actorType", "actorId", "requestId", "ipAddress", "userAgent", "createdAt") VALUES ('cmq98tmt40001nxsqqs2633rw', 'Invoice', 'cmq916ux6000pw3520720u1ao', 'invoice.finalized', NULL, NULL, 'ADMIN', 'cmofh1jig0004106yjgbfqrdx', NULL, NULL, NULL, '2026-06-11 08:36:05.945') ON CONFLICT DO NOTHING;
INSERT INTO public."ActivityLog" ("id", "entityType", "entityId", "action", "previousValueJson", "newValueJson", "actorType", "actorId", "requestId", "ipAddress", "userAgent", "createdAt") VALUES ('cmq98tq3l0006nxsq96xfkyn2', 'Payment', 'cmq98tq1k0004nxsqasobvisp', 'payment.recorded', NULL, '{"amount": 49, "paymentDate": "2026-06-11T00:00:00+05:30", "paymentMode": "UPI"}', 'ADMIN', 'cmofh1jig0004106yjgbfqrdx', NULL, NULL, NULL, '2026-06-11 08:36:10.209') ON CONFLICT DO NOTHING;
INSERT INTO public."ActivityLog" ("id", "entityType", "entityId", "action", "previousValueJson", "newValueJson", "actorType", "actorId", "requestId", "ipAddress", "userAgent", "createdAt") VALUES ('cmq996xkt0001e1hkzznt69qb', 'InvoiceLineItem', 'cmq98qb4z000huif54xi3zvfr', 'invoice.line.removed', NULL, NULL, 'ADMIN', 'cmofh1jig0004106yjgbfqrdx', NULL, NULL, NULL, '2026-06-11 08:46:26.429') ON CONFLICT DO NOTHING;
INSERT INTO public."ActivityLog" ("id", "entityType", "entityId", "action", "previousValueJson", "newValueJson", "actorType", "actorId", "requestId", "ipAddress", "userAgent", "createdAt") VALUES ('cmq9970md0007e1hk5n5tep89', 'InvoiceLineItem', 'cmq9970kq0003e1hksek0oc19', 'invoice.line.added', NULL, '{"taxRate": 0, "lineType": "AMC", "quantity": 1, "amcPlanId": "cmq95rpld000023mdg7rzokgj", "unitPrice": 1485, "description": "AMC — GOLD (350cc+)", "discountPercent": 0}', 'ADMIN', 'cmofh1jig0004106yjgbfqrdx', NULL, NULL, NULL, '2026-06-11 08:46:30.373') ON CONFLICT DO NOTHING;
INSERT INTO public."ActivityLog" ("id", "entityType", "entityId", "action", "previousValueJson", "newValueJson", "actorType", "actorId", "requestId", "ipAddress", "userAgent", "createdAt") VALUES ('cmq99k5n100012aesgpwlporw', 'AdminUser', 'cmofh1jig0004106yjgbfqrdx', 'auth.login', NULL, NULL, 'ADMIN', 'cmofh1jig0004106yjgbfqrdx', NULL, '49.47.155.197', 'Mozilla/5.0 (Windows NT 10.0; Win64; x64) AppleWebKit/537.36 (KHTML, like Gecko) Chrome/149.0.0.0 Safari/537.36', '2026-06-11 08:56:43.406') ON CONFLICT DO NOTHING;
INSERT INTO public."ActivityLog" ("id", "entityType", "entityId", "action", "previousValueJson", "newValueJson", "actorType", "actorId", "requestId", "ipAddress", "userAgent", "createdAt") VALUES ('cmq99n51b0006f2yk0dfxdrf4', 'InvoiceLineItem', 'cmq99n4zv0002f2yk9306ecde', 'invoice.line.added', NULL, '{"taxRate": 0, "lineType": "SERVICE_CHARGE", "quantity": 1, "unitPrice": 49, "description": "foam wash", "discountPercent": 0}', 'ADMIN', 'cmofh1jig0004106yjgbfqrdx', NULL, NULL, NULL, '2026-06-11 08:59:02.592') ON CONFLICT DO NOTHING;
INSERT INTO public."ActivityLog" ("id", "entityType", "entityId", "action", "previousValueJson", "newValueJson", "actorType", "actorId", "requestId", "ipAddress", "userAgent", "createdAt") VALUES ('cmq99nhyy000df2ykh0uepmnz', 'InvoiceLineItem', 'cmq99nhxa0009f2ykrmag4b9p', 'invoice.line.added', NULL, '{"taxRate": 0, "lineType": "SERVICE_CHARGE", "quantity": 1, "unitPrice": 70, "description": "silicon  polish ", "discountPercent": 0}', 'ADMIN', 'cmofh1jig0004106yjgbfqrdx', NULL, NULL, NULL, '2026-06-11 08:59:19.355') ON CONFLICT DO NOTHING;
INSERT INTO public."ActivityLog" ("id", "entityType", "entityId", "action", "previousValueJson", "newValueJson", "actorType", "actorId", "requestId", "ipAddress", "userAgent", "createdAt") VALUES ('cmq99nu4w000kf2ykvc3pphtq', 'InvoiceLineItem', 'cmq99nu3k000gf2ykwafb5dtj', 'invoice.line.added', NULL, '{"taxRate": 0, "lineType": "AMC", "quantity": 1, "amcPlanId": "cmq95rpld000023mdg7rzokgj", "unitPrice": 1485, "description": "AMC — GOLD (350cc+)", "discountPercent": 0}', 'ADMIN', 'cmofh1jig0004106yjgbfqrdx', NULL, NULL, NULL, '2026-06-11 08:59:35.12') ON CONFLICT DO NOTHING;
INSERT INTO public."ActivityLog" ("id", "entityType", "entityId", "action", "previousValueJson", "newValueJson", "actorType", "actorId", "requestId", "ipAddress", "userAgent", "createdAt") VALUES ('cmq99nx2i000nf2yknjebh58x', 'InvoiceLineItem', 'cmq99nu3k000gf2ykwafb5dtj', 'invoice.line.removed', NULL, NULL, 'ADMIN', 'cmofh1jig0004106yjgbfqrdx', NULL, NULL, NULL, '2026-06-11 08:59:38.922') ON CONFLICT DO NOTHING;
INSERT INTO public."ActivityLog" ("id", "entityType", "entityId", "action", "previousValueJson", "newValueJson", "actorType", "actorId", "requestId", "ipAddress", "userAgent", "createdAt") VALUES ('cmq99o068000qf2ykzp4v9yu5', 'Invoice', 'cmq95bak6000m8xw0p6gsxrj9', 'invoice.finalized', NULL, NULL, 'ADMIN', 'cmofh1jig0004106yjgbfqrdx', NULL, NULL, NULL, '2026-06-11 08:59:42.944') ON CONFLICT DO NOTHING;
INSERT INTO public."ActivityLog" ("id", "entityType", "entityId", "action", "previousValueJson", "newValueJson", "actorType", "actorId", "requestId", "ipAddress", "userAgent", "createdAt") VALUES ('cmq99os2v000sf2yk3lyga9x2', 'AdminUser', 'cmofh1jig0004106yjgbfqrdx', 'auth.login', NULL, NULL, 'ADMIN', 'cmofh1jig0004106yjgbfqrdx', NULL, '49.47.155.197', 'Mozilla/5.0 (Windows NT 10.0; Win64; x64) AppleWebKit/537.36 (KHTML, like Gecko) Chrome/149.0.0.0 Safari/537.36', '2026-06-11 09:00:19.111') ON CONFLICT DO NOTHING;
INSERT INTO public."ActivityLog" ("id", "entityType", "entityId", "action", "previousValueJson", "newValueJson", "actorType", "actorId", "requestId", "ipAddress", "userAgent", "createdAt") VALUES ('cmq9a6x820001vigv8584zsmb', 'JobCard', 'cmq95baj2000l8xw07dglk68b', 'job-card.updated', NULL, '{"status": "ESTIMATE_PREPARED"}', 'ADMIN', 'cmofh1jig0004106yjgbfqrdx', NULL, NULL, NULL, '2026-06-11 09:14:25.586') ON CONFLICT DO NOTHING;
INSERT INTO public."ActivityLog" ("id", "entityType", "entityId", "action", "previousValueJson", "newValueJson", "actorType", "actorId", "requestId", "ipAddress", "userAgent", "createdAt") VALUES ('cmq9a70qe0003vigv07j6jnva', 'JobCard', 'cmq95baj2000l8xw07dglk68b', 'job-card.updated', NULL, '{"status": "CREATED"}', 'ADMIN', 'cmofh1jig0004106yjgbfqrdx', NULL, NULL, NULL, '2026-06-11 09:14:30.135') ON CONFLICT DO NOTHING;
INSERT INTO public."ActivityLog" ("id", "entityType", "entityId", "action", "previousValueJson", "newValueJson", "actorType", "actorId", "requestId", "ipAddress", "userAgent", "createdAt") VALUES ('cmq9a745t0005vigvuy98f7vq', 'JobCard', 'cmq95baj2000l8xw07dglk68b', 'job-card.updated', NULL, '{"status": "ESTIMATE_PREPARED"}', 'ADMIN', 'cmofh1jig0004106yjgbfqrdx', NULL, NULL, NULL, '2026-06-11 09:14:34.577') ON CONFLICT DO NOTHING;
INSERT INTO public."ActivityLog" ("id", "entityType", "entityId", "action", "previousValueJson", "newValueJson", "actorType", "actorId", "requestId", "ipAddress", "userAgent", "createdAt") VALUES ('cmq9a7eab0007vigvts20p71r', 'JobCard', 'cmq95baj2000l8xw07dglk68b', 'job-card.updated', NULL, '{"status": "CREATED"}', 'ADMIN', 'cmofh1jig0004106yjgbfqrdx', NULL, NULL, NULL, '2026-06-11 09:14:47.699') ON CONFLICT DO NOTHING;
INSERT INTO public."ActivityLog" ("id", "entityType", "entityId", "action", "previousValueJson", "newValueJson", "actorType", "actorId", "requestId", "ipAddress", "userAgent", "createdAt") VALUES ('cmq9a7fhw0009vigvyyz1yovu', 'JobCard', 'cmq95baj2000l8xw07dglk68b', 'job-card.updated', NULL, '{"status": "ESTIMATE_PREPARED"}', 'ADMIN', 'cmofh1jig0004106yjgbfqrdx', NULL, NULL, NULL, '2026-06-11 09:14:49.268') ON CONFLICT DO NOTHING;
INSERT INTO public."ActivityLog" ("id", "entityType", "entityId", "action", "previousValueJson", "newValueJson", "actorType", "actorId", "requestId", "ipAddress", "userAgent", "createdAt") VALUES ('cmq9a7h6d000bvigvkvhvx8fa', 'JobCard', 'cmq95baj2000l8xw07dglk68b', 'job-card.updated', NULL, '{"status": "CREATED"}', 'ADMIN', 'cmofh1jig0004106yjgbfqrdx', NULL, NULL, NULL, '2026-06-11 09:14:51.445') ON CONFLICT DO NOTHING;
INSERT INTO public."ActivityLog" ("id", "entityType", "entityId", "action", "previousValueJson", "newValueJson", "actorType", "actorId", "requestId", "ipAddress", "userAgent", "createdAt") VALUES ('cmq9a7wta0001yvrrshbcusu5', 'JobCard', 'cmq95baj2000l8xw07dglk68b', 'job-card.updated', NULL, '{"status": "WORK_IN_PROGRESS"}', 'ADMIN', 'cmofh1jig0004106yjgbfqrdx', NULL, NULL, NULL, '2026-06-11 09:15:11.71') ON CONFLICT DO NOTHING;
INSERT INTO public."ActivityLog" ("id", "entityType", "entityId", "action", "previousValueJson", "newValueJson", "actorType", "actorId", "requestId", "ipAddress", "userAgent", "createdAt") VALUES ('cmq9a8j2l0005yvrrs3b6w3ns', 'JobCardTask', 'cmq9a8j1i0003yvrrhgupyaqw', 'job-card.task.added', NULL, '{"taskName": "CHAIN LUBE", "jobCardId": "cmq95baj2000l8xw07dglk68b"}', 'ADMIN', 'cmofh1jig0004106yjgbfqrdx', NULL, NULL, NULL, '2026-06-11 09:15:40.557') ON CONFLICT DO NOTHING;
INSERT INTO public."ActivityLog" ("id", "entityType", "entityId", "action", "previousValueJson", "newValueJson", "actorType", "actorId", "requestId", "ipAddress", "userAgent", "createdAt") VALUES ('cmq9aa0eb0007yvrr6jj79wrk', 'JobCard', 'cmq95baj2000l8xw07dglk68b', 'job-card.updated', NULL, '{"status": "READY_FOR_DELIVERY"}', 'ADMIN', 'cmofh1jig0004106yjgbfqrdx', NULL, NULL, NULL, '2026-06-11 09:16:49.668') ON CONFLICT DO NOTHING;
INSERT INTO public."ActivityLog" ("id", "entityType", "entityId", "action", "previousValueJson", "newValueJson", "actorType", "actorId", "requestId", "ipAddress", "userAgent", "createdAt") VALUES ('cmq9aau0j000ivigvf9jfbq40', 'Payment', 'cmq9aatyd000evigv8uthbo12', 'payment.recorded', NULL, '{"amount": 1604, "paymentDate": "2026-06-11T00:00:00+05:30", "paymentMode": "UPI"}', 'ADMIN', 'cmofh1jig0004106yjgbfqrdx', NULL, NULL, NULL, '2026-06-11 09:17:28.051') ON CONFLICT DO NOTHING;
INSERT INTO public."ActivityLog" ("id", "entityType", "entityId", "action", "previousValueJson", "newValueJson", "actorType", "actorId", "requestId", "ipAddress", "userAgent", "createdAt") VALUES ('cmq9ae8ae000lvigvmdaxrvl9', 'JobCard', 'cmq940qut000ypdphcqnz22b2', 'job-card.deleted', NULL, NULL, 'ADMIN', 'cmofh1jig0004106yjgbfqrdx', NULL, NULL, NULL, '2026-06-11 09:20:06.518') ON CONFLICT DO NOTHING;
INSERT INTO public."ActivityLog" ("id", "entityType", "entityId", "action", "previousValueJson", "newValueJson", "actorType", "actorId", "requestId", "ipAddress", "userAgent", "createdAt") VALUES ('cmq9aedtv000ayvrrh69jt6yj', 'JobCard', 'cmq93x2bu000mpdphexus3983', 'job-card.deleted', NULL, NULL, 'ADMIN', 'cmofh1jig0004106yjgbfqrdx', NULL, NULL, NULL, '2026-06-11 09:20:13.699') ON CONFLICT DO NOTHING;
INSERT INTO public."ActivityLog" ("id", "entityType", "entityId", "action", "previousValueJson", "newValueJson", "actorType", "actorId", "requestId", "ipAddress", "userAgent", "createdAt") VALUES ('cmq9aeq1h000cyvrrtzerxc8m', 'JobCard', 'cmq92yrma0008q3jpgvtowqan', 'job-card.updated', NULL, '{"status": "ESTIMATE_PREPARED"}', 'ADMIN', 'cmofh1jig0004106yjgbfqrdx', NULL, NULL, NULL, '2026-06-11 09:20:29.525') ON CONFLICT DO NOTHING;
INSERT INTO public."ActivityLog" ("id", "entityType", "entityId", "action", "previousValueJson", "newValueJson", "actorType", "actorId", "requestId", "ipAddress", "userAgent", "createdAt") VALUES ('cmq9cacc90006lize41lghapj', 'InvoiceLineItem', 'cmq9cacb90002lizewjwt1v9t', 'invoice.line.added', NULL, '{"taxRate": 0, "lineType": "CUSTOM_CHARGE", "quantity": 1, "unitPrice": 470, "description": "ACTIV 20W40 900ML", "discountPercent": 0}', 'ADMIN', 'cmofh1jig0004106yjgbfqrdx', NULL, NULL, NULL, '2026-06-11 10:13:04.377') ON CONFLICT DO NOTHING;
INSERT INTO public."ActivityLog" ("id", "entityType", "entityId", "action", "previousValueJson", "newValueJson", "actorType", "actorId", "requestId", "ipAddress", "userAgent", "createdAt") VALUES ('cmq9cadh20009lize6tpien4f', 'InvoiceLineItem', 'cmq9cacb90002lizewjwt1v9t', 'invoice.line.removed', NULL, NULL, 'ADMIN', 'cmofh1jig0004106yjgbfqrdx', NULL, NULL, NULL, '2026-06-11 10:13:05.847') ON CONFLICT DO NOTHING;
INSERT INTO public."ActivityLog" ("id", "entityType", "entityId", "action", "previousValueJson", "newValueJson", "actorType", "actorId", "requestId", "ipAddress", "userAgent", "createdAt") VALUES ('cmq9cb5cm000glizesdcezded', 'InvoiceLineItem', 'cmq9cb5bv000clized8hmrmuv', 'invoice.line.added', NULL, '{"taxRate": 0, "lineType": "CUSTOM_CHARGE", "quantity": 1, "unitPrice": 470, "description": "ACTIV 20W40 900ML", "discountPercent": 5}', 'ADMIN', 'cmofh1jig0004106yjgbfqrdx', NULL, NULL, NULL, '2026-06-11 10:13:41.974') ON CONFLICT DO NOTHING;
INSERT INTO public."ActivityLog" ("id", "entityType", "entityId", "action", "previousValueJson", "newValueJson", "actorType", "actorId", "requestId", "ipAddress", "userAgent", "createdAt") VALUES ('cmq9cbhfg0006bcfulpahjcyw', 'InvoiceLineItem', 'cmq9cbhe60002bcfuxmgzu3yy', 'invoice.line.added', NULL, '{"taxRate": 0, "lineType": "CUSTOM_CHARGE", "quantity": 1, "unitPrice": 5, "description": "SILICON CHAIN CAP", "discountPercent": 0}', 'ADMIN', 'cmofh1jig0004106yjgbfqrdx', NULL, NULL, NULL, '2026-06-11 10:13:57.629') ON CONFLICT DO NOTHING;
INSERT INTO public."ActivityLog" ("id", "entityType", "entityId", "action", "previousValueJson", "newValueJson", "actorType", "actorId", "requestId", "ipAddress", "userAgent", "createdAt") VALUES ('cmq9cbqxd000nlizei3sg3usq', 'InvoiceLineItem', 'cmq9cbqwi000jlizepoexxvgx', 'invoice.line.added', NULL, '{"taxRate": 0, "lineType": "SERVICE_CHARGE", "quantity": 1, "unitPrice": 350, "description": "General Service", "discountPercent": 0}', 'ADMIN', 'cmofh1jig0004106yjgbfqrdx', NULL, NULL, NULL, '2026-06-11 10:14:09.937') ON CONFLICT DO NOTHING;
INSERT INTO public."ActivityLog" ("id", "entityType", "entityId", "action", "previousValueJson", "newValueJson", "actorType", "actorId", "requestId", "ipAddress", "userAgent", "createdAt") VALUES ('cmq9e7gks0006i07ipk4nd4hh', 'InvoiceLineItem', 'cmq9e7gjq0002i07iqxzjkq24', 'invoice.line.added', NULL, '{"taxRate": 0, "lineType": "SERVICE_CHARGE", "quantity": 1, "unitPrice": 400, "description": "General Service", "discountPercent": 0}', 'ADMIN', 'cmofh1jig0004106yjgbfqrdx', NULL, NULL, NULL, '2026-06-11 11:06:49.132') ON CONFLICT DO NOTHING;
INSERT INTO public."ActivityLog" ("id", "entityType", "entityId", "action", "previousValueJson", "newValueJson", "actorType", "actorId", "requestId", "ipAddress", "userAgent", "createdAt") VALUES ('cmq9e88eo000di07iz5ip1bza', 'InvoiceLineItem', 'cmq9e88dr0009i07ik3s7nqtj', 'invoice.line.added', NULL, '{"taxRate": 0, "lineType": "SERVICE_CHARGE", "quantity": 1, "unitPrice": 49, "description": "Foam Wash", "discountPercent": 0}', 'ADMIN', 'cmofh1jig0004106yjgbfqrdx', NULL, NULL, NULL, '2026-06-11 11:07:25.2') ON CONFLICT DO NOTHING;
INSERT INTO public."ActivityLog" ("id", "entityType", "entityId", "action", "previousValueJson", "newValueJson", "actorType", "actorId", "requestId", "ipAddress", "userAgent", "createdAt") VALUES ('cmq9e8ogc0002h7eixskla85p', 'Invoice', 'cmq8zhnej0009c0upr3cpkxqa', 'invoice.finalized', NULL, NULL, 'ADMIN', 'cmofh1jig0004106yjgbfqrdx', NULL, NULL, NULL, '2026-06-11 11:07:45.996') ON CONFLICT DO NOTHING;
INSERT INTO public."ActivityLog" ("id", "entityType", "entityId", "action", "previousValueJson", "newValueJson", "actorType", "actorId", "requestId", "ipAddress", "userAgent", "createdAt") VALUES ('cmq9e8y6y0007h7einzdkqlrl', 'Payment', 'cmq9e8y570005h7eip4j5ghis', 'payment.recorded', NULL, '{"amount": 449, "paymentDate": "2026-06-11T00:00:00+05:30", "paymentMode": "UPI"}', 'ADMIN', 'cmofh1jig0004106yjgbfqrdx', NULL, NULL, NULL, '2026-06-11 11:07:58.618') ON CONFLICT DO NOTHING;
INSERT INTO public."ActivityLog" ("id", "entityType", "entityId", "action", "previousValueJson", "newValueJson", "actorType", "actorId", "requestId", "ipAddress", "userAgent", "createdAt") VALUES ('cmq9e9zmy0009h7ei16yhtxpq', 'AdminUser', 'cmofh1jig0004106yjgbfqrdx', 'auth.login', NULL, NULL, 'ADMIN', 'cmofh1jig0004106yjgbfqrdx', NULL, '137.201.214.45', 'Mozilla/5.0 (X11; Linux x86_64) AppleWebKit/537.36 (KHTML, like Gecko) Chrome/149.0.0.0 Safari/537.36', '2026-06-11 11:08:47.147') ON CONFLICT DO NOTHING;
INSERT INTO public."ActivityLog" ("id", "entityType", "entityId", "action", "previousValueJson", "newValueJson", "actorType", "actorId", "requestId", "ipAddress", "userAgent", "createdAt") VALUES ('cmq9et7an0006d39os35d22lv', 'InvoiceLineItem', 'cmq9et79d0002d39osqa4bnzd', 'invoice.line.added', NULL, '{"taxRate": 0, "lineType": "SERVICE_CHARGE", "quantity": 1, "unitPrice": 350, "description": "General Service", "discountPercent": 0}', 'ADMIN', 'cmofh1jig0004106yjgbfqrdx', NULL, NULL, NULL, '2026-06-11 11:23:43.536') ON CONFLICT DO NOTHING;
INSERT INTO public."ActivityLog" ("id", "entityType", "entityId", "action", "previousValueJson", "newValueJson", "actorType", "actorId", "requestId", "ipAddress", "userAgent", "createdAt") VALUES ('cmq9etkw5000dd39o9aauzsxn', 'InvoiceLineItem', 'cmq9etkv10009d39o8trzxlsu', 'invoice.line.added', NULL, '{"taxRate": 0, "lineType": "SERVICE_CHARGE", "quantity": 1, "unitPrice": 49, "description": "FOAM WASH", "discountPercent": 0}', 'ADMIN', 'cmofh1jig0004106yjgbfqrdx', NULL, NULL, NULL, '2026-06-11 11:24:01.158') ON CONFLICT DO NOTHING;
INSERT INTO public."ActivityLog" ("id", "entityType", "entityId", "action", "previousValueJson", "newValueJson", "actorType", "actorId", "requestId", "ipAddress", "userAgent", "createdAt") VALUES ('cmq9etrtu000gd39ot86wfgge', 'Invoice', 'cmq90e6du000lv0ip3ewuut5w', 'invoice.finalized', NULL, NULL, 'ADMIN', 'cmofh1jig0004106yjgbfqrdx', NULL, NULL, NULL, '2026-06-11 11:24:10.147') ON CONFLICT DO NOTHING;
INSERT INTO public."ActivityLog" ("id", "entityType", "entityId", "action", "previousValueJson", "newValueJson", "actorType", "actorId", "requestId", "ipAddress", "userAgent", "createdAt") VALUES ('cmq9evq62000jd39on8p6bius', 'Invoice', 'cmq90e6du000lv0ip3ewuut5w', 'invoice.reverted-to-draft', NULL, NULL, 'ADMIN', 'cmofh1jig0004106yjgbfqrdx', NULL, NULL, NULL, '2026-06-11 11:25:41.306') ON CONFLICT DO NOTHING;
INSERT INTO public."ActivityLog" ("id", "entityType", "entityId", "action", "previousValueJson", "newValueJson", "actorType", "actorId", "requestId", "ipAddress", "userAgent", "createdAt") VALUES ('cmq9ewjp6000qd39oirbqqxc3', 'InvoiceLineItem', 'cmq9ewjnz000md39oifq5abwx', 'invoice.line.added', NULL, '{"taxRate": 0, "lineType": "SERVICE_CHARGE", "quantity": 1, "unitPrice": 50, "description": "CHAIN LUBE ", "discountPercent": 0}', 'ADMIN', 'cmofh1jig0004106yjgbfqrdx', NULL, NULL, NULL, '2026-06-11 11:26:19.578') ON CONFLICT DO NOTHING;
INSERT INTO public."ActivityLog" ("id", "entityType", "entityId", "action", "previousValueJson", "newValueJson", "actorType", "actorId", "requestId", "ipAddress", "userAgent", "createdAt") VALUES ('cmq9ewnyk0002vdxb3tc1b8n1', 'Invoice', 'cmq90e6du000lv0ip3ewuut5w', 'invoice.finalized', NULL, NULL, 'ADMIN', 'cmofh1jig0004106yjgbfqrdx', NULL, NULL, NULL, '2026-06-11 11:26:25.101') ON CONFLICT DO NOTHING;
INSERT INTO public."ActivityLog" ("id", "entityType", "entityId", "action", "previousValueJson", "newValueJson", "actorType", "actorId", "requestId", "ipAddress", "userAgent", "createdAt") VALUES ('cmq9ewvb5000vd39oqhlh9phh', 'Payment', 'cmq9ewv9w000td39o1vjvl7ub', 'payment.recorded', NULL, '{"amount": 449, "paymentDate": "2026-06-11T00:00:00+05:30", "paymentMode": "UPI"}', 'ADMIN', 'cmofh1jig0004106yjgbfqrdx', NULL, NULL, NULL, '2026-06-11 11:26:34.625') ON CONFLICT DO NOTHING;
INSERT INTO public."ActivityLog" ("id", "entityType", "entityId", "action", "previousValueJson", "newValueJson", "actorType", "actorId", "requestId", "ipAddress", "userAgent", "createdAt") VALUES ('cmq9f3t7s0005vdxbp1ub0l9a', 'Invoice', 'cmq90967f0009v0ip7g7euqvj', 'invoice.finalized', NULL, NULL, 'ADMIN', 'cmofh1jig0004106yjgbfqrdx', NULL, NULL, NULL, '2026-06-11 11:31:58.504') ON CONFLICT DO NOTHING;
INSERT INTO public."ActivityLog" ("id", "entityType", "entityId", "action", "previousValueJson", "newValueJson", "actorType", "actorId", "requestId", "ipAddress", "userAgent", "createdAt") VALUES ('cmq9f80yi0010d39opq7hb9n5', 'Payment', 'cmq9f80xb000yd39o1adi3juc', 'payment.recorded', NULL, '{"amount": 802, "paymentDate": "2026-06-11T00:00:00+05:30", "paymentMode": "UPI"}', 'ADMIN', 'cmofh1jig0004106yjgbfqrdx', NULL, NULL, NULL, '2026-06-11 11:35:15.162') ON CONFLICT DO NOTHING;
INSERT INTO public."ActivityLog" ("id", "entityType", "entityId", "action", "previousValueJson", "newValueJson", "actorType", "actorId", "requestId", "ipAddress", "userAgent", "createdAt") VALUES ('cmq9grvvp0006bumpy8opxir1', 'InvoiceLineItem', 'cmq9grvu80002bump35oikf3e', 'invoice.line.added', NULL, '{"taxRate": 0, "lineType": "SERVICE_CHARGE", "quantity": 1, "unitPrice": 550, "description": "General Service", "discountPercent": 0}', 'ADMIN', 'cmofh1jig0004106yjgbfqrdx', NULL, NULL, NULL, '2026-06-11 12:18:41.317') ON CONFLICT DO NOTHING;
INSERT INTO public."ActivityLog" ("id", "entityType", "entityId", "action", "previousValueJson", "newValueJson", "actorType", "actorId", "requestId", "ipAddress", "userAgent", "createdAt") VALUES ('cmq9gt6ny0006nymzm9a37ia4', 'InvoiceLineItem', 'cmq9gt6n50002nymzz1n2af6m', 'invoice.line.added', NULL, '{"taxRate": 0, "lineType": "CUSTOM_CHARGE", "quantity": 1, "unitPrice": 220, "description": "581007/A ELEMENT ", "discountPercent": 5}', 'ADMIN', 'cmofh1jig0004106yjgbfqrdx', NULL, NULL, NULL, '2026-06-11 12:19:41.951') ON CONFLICT DO NOTHING;
INSERT INTO public."ActivityLog" ("id", "entityType", "entityId", "action", "previousValueJson", "newValueJson", "actorType", "actorId", "requestId", "ipAddress", "userAgent", "createdAt") VALUES ('cmq9gulhx000dnymzqzm4dynr', 'InvoiceLineItem', 'cmq9gulh10009nymztvgu0byl', 'invoice.line.added', NULL, '{"taxRate": 0, "lineType": "CUSTOM_CHARGE", "quantity": 1, "unitPrice": 230, "description": "594698/A BRAKE PAD RR", "discountPercent": 5}', 'ADMIN', 'cmofh1jig0004106yjgbfqrdx', NULL, NULL, NULL, '2026-06-11 12:20:47.829') ON CONFLICT DO NOTHING;
INSERT INTO public."ActivityLog" ("id", "entityType", "entityId", "action", "previousValueJson", "newValueJson", "actorType", "actorId", "requestId", "ipAddress", "userAgent", "createdAt") VALUES ('cmq9gv2pa000dbumpjqdh1spj', 'InvoiceLineItem', 'cmq9gv2o30009bump3pw8s5ev', 'invoice.line.added', NULL, '{"taxRate": 0, "lineType": "CUSTOM_CHARGE", "quantity": 1, "unitPrice": 30, "description": "NPN DISC OIL ", "discountPercent": 0}', 'ADMIN', 'cmofh1jig0004106yjgbfqrdx', NULL, NULL, NULL, '2026-06-11 12:21:10.126') ON CONFLICT DO NOTHING;
INSERT INTO public."ActivityLog" ("id", "entityType", "entityId", "action", "previousValueJson", "newValueJson", "actorType", "actorId", "requestId", "ipAddress", "userAgent", "createdAt") VALUES ('cmq9gvurx000kbumpjekecdtx', 'InvoiceLineItem', 'cmq9gvuqr000gbumpux5a1yr7', 'invoice.line.added', NULL, '{"taxRate": 0, "lineType": "CUSTOM_CHARGE", "quantity": 1, "unitPrice": 140, "description": "CHAIN CLEAN CLEAN LUBE", "discountPercent": 0}', 'ADMIN', 'cmofh1jig0004106yjgbfqrdx', NULL, NULL, NULL, '2026-06-11 12:21:46.51') ON CONFLICT DO NOTHING;
INSERT INTO public."ActivityLog" ("id", "entityType", "entityId", "action", "previousValueJson", "newValueJson", "actorType", "actorId", "requestId", "ipAddress", "userAgent", "createdAt") VALUES ('cmq9gvx1t000nbumpdy32jhjw', 'Invoice', 'cmq90rmlw0009w352mswdp0ec', 'invoice.finalized', NULL, NULL, 'ADMIN', 'cmofh1jig0004106yjgbfqrdx', NULL, NULL, NULL, '2026-06-11 12:21:49.458') ON CONFLICT DO NOTHING;
INSERT INTO public."ActivityLog" ("id", "entityType", "entityId", "action", "previousValueJson", "newValueJson", "actorType", "actorId", "requestId", "ipAddress", "userAgent", "createdAt") VALUES ('cmq9gxa0a000sbump08pouqi4', 'Payment', 'cmq9gx9yr000qbumpj5eqzml8', 'payment.recorded', NULL, '{"amount": 1148, "paymentDate": "2026-06-11T00:00:00+05:30", "paymentMode": "UPI"}', 'ADMIN', 'cmofh1jig0004106yjgbfqrdx', NULL, NULL, NULL, '2026-06-11 12:22:52.907') ON CONFLICT DO NOTHING;
INSERT INTO public."ActivityLog" ("id", "entityType", "entityId", "action", "previousValueJson", "newValueJson", "actorType", "actorId", "requestId", "ipAddress", "userAgent", "createdAt") VALUES ('cmq9h5ggh000zbumpj1erhqbo', 'InvoiceLineItem', 'cmq9h5gez000vbumprpqfbwjg', 'invoice.line.added', NULL, '{"taxRate": 0, "lineType": "SERVICE_CHARGE", "quantity": 1, "unitPrice": 350, "description": "General Service", "discountPercent": 0}', 'ADMIN', 'cmofh1jig0004106yjgbfqrdx', NULL, NULL, NULL, '2026-06-11 12:29:14.514') ON CONFLICT DO NOTHING;
INSERT INTO public."ActivityLog" ("id", "entityType", "entityId", "action", "previousValueJson", "newValueJson", "actorType", "actorId", "requestId", "ipAddress", "userAgent", "createdAt") VALUES ('cmq9h6bxj000knymz39hiiso9', 'InvoiceLineItem', 'cmq9h6bwk000gnymzicbym54f', 'invoice.line.added', NULL, '{"taxRate": 0, "lineType": "CUSTOM_CHARGE", "quantity": 1, "unitPrice": 470, "description": "ACTIV CASTROL 20W40 900ML", "discountPercent": 5}', 'ADMIN', 'cmofh1jig0004106yjgbfqrdx', NULL, NULL, NULL, '2026-06-11 12:29:55.303') ON CONFLICT DO NOTHING;
INSERT INTO public."ActivityLog" ("id", "entityType", "entityId", "action", "previousValueJson", "newValueJson", "actorType", "actorId", "requestId", "ipAddress", "userAgent", "createdAt") VALUES ('cmq9h73x70012bumpf5in0zv2', 'Invoice', 'cmq92yrnf0009q3jpk0m70ift', 'invoice.finalized', NULL, NULL, 'ADMIN', 'cmofh1jig0004106yjgbfqrdx', NULL, NULL, NULL, '2026-06-11 12:30:31.579') ON CONFLICT DO NOTHING;
INSERT INTO public."ActivityLog" ("id", "entityType", "entityId", "action", "previousValueJson", "newValueJson", "actorType", "actorId", "requestId", "ipAddress", "userAgent", "createdAt") VALUES ('cmq9hbskf000pnymzwb50h926', 'Payment', 'cmq9hbsjh000nnymzt8avvulc', 'payment.recorded', NULL, '{"amount": 797, "paymentDate": "2026-06-11T00:00:00+05:30", "paymentMode": "CASH"}', 'ADMIN', 'cmofh1jig0004106yjgbfqrdx', NULL, NULL, NULL, '2026-06-11 12:34:10.144') ON CONFLICT DO NOTHING;
INSERT INTO public."ActivityLog" ("id", "entityType", "entityId", "action", "previousValueJson", "newValueJson", "actorType", "actorId", "requestId", "ipAddress", "userAgent", "createdAt") VALUES ('cmq9hzb3r0015bumphg6fqzwe', 'Customer', 'cmq9hzb2r0013bump1e0sj5tj', 'customer.created', NULL, '{"id": "cmq9hzb2r0013bump1e0sj5tj", "city": null, "email": "gearup.sgnk.ai@gmail.com", "notes": null, "state": null, "source": "JOB_CARD_FORM", "fullName": "TAMA ROY", "createdAt": "2026-06-11T12:52:27.213Z", "updatedAt": "2026-06-11T12:52:27.213Z", "archivedAt": null, "postalCode": null, "phoneNumber": "8538015165", "addressLine1": null, "addressLine2": null, "alternatePhone": null}', 'ADMIN', 'cmofh1jig0004106yjgbfqrdx', NULL, NULL, NULL, '2026-06-11 12:52:27.255') ON CONFLICT DO NOTHING;
INSERT INTO public."ActivityLog" ("id", "entityType", "entityId", "action", "previousValueJson", "newValueJson", "actorType", "actorId", "requestId", "ipAddress", "userAgent", "createdAt") VALUES ('cmq9hzvb10019bumpgcffytyx', 'Vehicle', 'cmq9hzva80017bumpfrgyh8e1', 'vehicle.created', NULL, '{"id": "cmq9hzva80017bumpfrgyh8e1", "vin": null, "brand": "YAMAHA ", "color": null, "model": "RAYZ", "notes": null, "variant": null, "engineCC": null, "fuelType": null, "createdAt": "2026-06-11T12:52:53.409Z", "updatedAt": "2026-06-11T12:52:53.409Z", "customerId": "cmq9hzb2r0013bump1e0sj5tj", "vehicleType": "BIKE", "engineNumber": null, "transmission": null, "chassisNumber": null, "odometerReading": null, "yearOfManufacture": null, "registrationNumber": "WB-68-V-9084"}', 'ADMIN', 'cmofh1jig0004106yjgbfqrdx', NULL, NULL, NULL, '2026-06-11 12:52:53.437') ON CONFLICT DO NOTHING;
INSERT INTO public."ActivityLog" ("id", "entityType", "entityId", "action", "previousValueJson", "newValueJson", "actorType", "actorId", "requestId", "ipAddress", "userAgent", "createdAt") VALUES ('cmq9iawup00013l83yg3t8k44', 'AdminUser', 'cmofh1jig0004106yjgbfqrdx', 'auth.login', NULL, NULL, 'ADMIN', 'cmofh1jig0004106yjgbfqrdx', NULL, '103.51.149.167', 'Mozilla/5.0 (Macintosh; Intel Mac OS X 10_15_7) AppleWebKit/537.36 (KHTML, like Gecko) Chrome/149.0.0.0 Safari/537.36', '2026-06-11 13:01:28.657') ON CONFLICT DO NOTHING;
INSERT INTO public."ActivityLog" ("id", "entityType", "entityId", "action", "previousValueJson", "newValueJson", "actorType", "actorId", "requestId", "ipAddress", "userAgent", "createdAt") VALUES ('cmq9iaylr0002w354p20d0sp9', 'Customer', 'cmq9iayky0000w3546ef1p6au', 'customer.created', NULL, '{"id": "cmq9iayky0000w3546ef1p6au", "city": null, "email": "gearup.sgnk.ai@gmail.com", "notes": null, "state": null, "source": "JOB_CARD_FORM", "fullName": "KUSH SHARMA", "createdAt": "2026-06-11T13:01:30.896Z", "updatedAt": "2026-06-11T13:01:30.896Z", "archivedAt": null, "postalCode": null, "phoneNumber": "8350959585", "addressLine1": null, "addressLine2": null, "alternatePhone": null}', 'ADMIN', 'cmofh1jig0004106yjgbfqrdx', NULL, NULL, NULL, '2026-06-11 13:01:30.928') ON CONFLICT DO NOTHING;
INSERT INTO public."ActivityLog" ("id", "entityType", "entityId", "action", "previousValueJson", "newValueJson", "actorType", "actorId", "requestId", "ipAddress", "userAgent", "createdAt") VALUES ('cmq9ibxf50006w354gavot0i1', 'Vehicle', 'cmq9ibxef0004w354buzvyei5', 'vehicle.created', NULL, '{"id": "cmq9ibxef0004w354buzvyei5", "vin": null, "brand": "BAJAJ", "color": null, "model": "DELUX", "notes": null, "variant": null, "engineCC": null, "fuelType": null, "createdAt": "2026-06-11T13:02:16.024Z", "updatedAt": "2026-06-11T13:02:16.024Z", "customerId": "cmq9iayky0000w3546ef1p6au", "vehicleType": "BIKE", "engineNumber": null, "transmission": null, "chassisNumber": null, "odometerReading": null, "yearOfManufacture": null, "registrationNumber": "WB-68-X-0607"}', 'ADMIN', 'cmofh1jig0004106yjgbfqrdx', NULL, NULL, NULL, '2026-06-11 13:02:16.049') ON CONFLICT DO NOTHING;
INSERT INTO public."ActivityLog" ("id", "entityType", "entityId", "action", "previousValueJson", "newValueJson", "actorType", "actorId", "requestId", "ipAddress", "userAgent", "createdAt") VALUES ('cmq9ic3h60008w354bddq2uhl', 'Backup', NULL, 'data.exported', NULL, '{"rowCounts": {"workers": 10, "expenses": 10, "invoices": 13, "jobCards": 16, "payments": 12, "settings": 6, "vehicles": 25, "customers": 25, "suppliers": 5, "appointments": 8, "inventoryItems": 10, "serviceRequests": 10, "inventoryCategories": 10}, "redactedSettingsKeys": true}', 'ADMIN', 'cmofh1jig0004106yjgbfqrdx', NULL, '103.51.149.167', 'Mozilla/5.0 (Macintosh; Intel Mac OS X 10_15_7) AppleWebKit/537.36 (KHTML, like Gecko) Chrome/149.0.0.0 Safari/537.36', '2026-06-11 13:02:23.898') ON CONFLICT DO NOTHING;
INSERT INTO public."ActivityLog" ("id", "entityType", "entityId", "action", "previousValueJson", "newValueJson", "actorType", "actorId", "requestId", "ipAddress", "userAgent", "createdAt") VALUES ('cmq9ig5gl0001pppeztkve7gz', 'AdminUser', 'cmofh1jig0004106yjgbfqrdx', 'auth.login', NULL, NULL, 'ADMIN', 'cmofh1jig0004106yjgbfqrdx', NULL, '::ffff:127.0.0.1', 'curl/8.7.1', '2026-06-11 13:05:33.093') ON CONFLICT DO NOTHING;
INSERT INTO public."ActivityLog" ("id", "entityType", "entityId", "action", "previousValueJson", "newValueJson", "actorType", "actorId", "requestId", "ipAddress", "userAgent", "createdAt") VALUES ('cmq9poaxg0001gg3cd6meo0ft', 'AdminUser', 'cmofh1jig0004106yjgbfqrdx', 'auth.login', NULL, NULL, 'ADMIN', 'cmofh1jig0004106yjgbfqrdx', NULL, '49.206.9.144', 'Mozilla/5.0 (Macintosh; Intel Mac OS X 10_15_7) AppleWebKit/537.36 (KHTML, like Gecko) Chrome/148.0.0.0 Safari/537.36', '2026-06-11 16:27:50.741') ON CONFLICT DO NOTHING;
INSERT INTO public."ActivityLog" ("id", "entityType", "entityId", "action", "previousValueJson", "newValueJson", "actorType", "actorId", "requestId", "ipAddress", "userAgent", "createdAt") VALUES ('cmq9ponwt00014712b4dy9jwx', 'Backup', NULL, 'data.exported', NULL, '{"rowCounts": {"workers": 10, "expenses": 10, "invoices": 13, "jobCards": 16, "payments": 12, "settings": 6, "vehicles": 25, "customers": 25, "suppliers": 5, "appointments": 8, "inventoryItems": 10, "serviceRequests": 10, "inventoryCategories": 10}, "redactedSettingsKeys": true}', 'ADMIN', 'cmofh1jig0004106yjgbfqrdx', NULL, '49.206.9.144', 'Mozilla/5.0 (Macintosh; Intel Mac OS X 10_15_7) AppleWebKit/537.36 (KHTML, like Gecko) Chrome/148.0.0.0 Safari/537.36', '2026-06-11 16:28:07.565') ON CONFLICT DO NOTHING;
INSERT INTO public."ActivityLog" ("id", "entityType", "entityId", "action", "previousValueJson", "newValueJson", "actorType", "actorId", "requestId", "ipAddress", "userAgent", "createdAt") VALUES ('cmq9rtvm50001rlp7npauxgqb', 'AdminUser', 'cmofh1jig0004106yjgbfqrdx', 'auth.login', NULL, NULL, 'ADMIN', 'cmofh1jig0004106yjgbfqrdx', NULL, '49.37.53.145', 'Mozilla/5.0 (Linux; Android 10; K) AppleWebKit/537.36 (KHTML, like Gecko) Chrome/149.0.0.0 Mobile Safari/537.36', '2026-06-11 17:28:10.062') ON CONFLICT DO NOTHING;

-- Phase B · WorkerLeave from local dump (2 rows)
INSERT INTO public."WorkerLeave" ("id", "workerId", "leaveType", "startDate", "endDate", "partialDay", "partialStartTime", "partialEndTime", "status", "reason", "approvedByAdminId", "createdAt", "updatedAt") VALUES ('cmq8elps3009qtk9wi3bhjzl8', 'cmq8eiwd20034tk9wnrnt27ko', 'CASUAL', '2026-06-12 18:29:10.441', '2026-06-13 18:29:10.441', 'f', NULL, NULL, 'APPROVED', 'Family function', 'cmofh1jig0004106yjgbfqrdx', '2026-06-10 18:30:08.068', '2026-06-10 18:30:08.068') ON CONFLICT DO NOTHING;
INSERT INTO public."WorkerLeave" ("id", "workerId", "leaveType", "startDate", "endDate", "partialDay", "partialStartTime", "partialEndTime", "status", "reason", "approvedByAdminId", "createdAt", "updatedAt") VALUES ('cmq8elqc9009stk9w47oxcmyf', 'cmq8ej0y00038tk9wbtd9k3b4', 'SICK', '2026-06-15 18:29:10.441', '2026-06-15 18:29:10.441', 'f', NULL, NULL, 'PENDING', 'Not feeling well', NULL, '2026-06-10 18:30:08.793', '2026-06-10 18:30:08.793') ON CONFLICT DO NOTHING;

-- Phase B · BlockedSlot from local dump (0 rows)


SET session_replication_role = DEFAULT;
COMMIT;

-- ============================================================
-- VERIFICATION — run as a separate query after COMMIT
-- ============================================================
/*
SELECT t, n FROM (
  SELECT 'Customer' AS t, COUNT(*) AS n FROM public."Customer"
  UNION ALL
  SELECT 'Vehicle' AS t, COUNT(*) AS n FROM public."Vehicle"
  UNION ALL
  SELECT 'ServiceRequest' AS t, COUNT(*) AS n FROM public."ServiceRequest"
  UNION ALL
  SELECT 'Appointment' AS t, COUNT(*) AS n FROM public."Appointment"
  UNION ALL
  SELECT 'JobCard' AS t, COUNT(*) AS n FROM public."JobCard"
  UNION ALL
  SELECT 'WorkerAssignment' AS t, COUNT(*) AS n FROM public."WorkerAssignment"
  UNION ALL
  SELECT 'JobCardTask' AS t, COUNT(*) AS n FROM public."JobCardTask"
  UNION ALL
  SELECT 'JobCardPart' AS t, COUNT(*) AS n FROM public."JobCardPart"
  UNION ALL
  SELECT 'Invoice' AS t, COUNT(*) AS n FROM public."Invoice"
  UNION ALL
  SELECT 'InvoiceLineItem' AS t, COUNT(*) AS n FROM public."InvoiceLineItem"
  UNION ALL
  SELECT 'Payment' AS t, COUNT(*) AS n FROM public."Payment"
  UNION ALL
  SELECT 'InventoryItem' AS t, COUNT(*) AS n FROM public."InventoryItem"
  UNION ALL
  SELECT 'InventoryCategory' AS t, COUNT(*) AS n FROM public."InventoryCategory"
  UNION ALL
  SELECT 'Supplier' AS t, COUNT(*) AS n FROM public."Supplier"
  UNION ALL
  SELECT 'StockMovement' AS t, COUNT(*) AS n FROM public."StockMovement"
  UNION ALL
  SELECT 'Worker' AS t, COUNT(*) AS n FROM public."Worker"
  UNION ALL
  SELECT 'WorkerLeave' AS t, COUNT(*) AS n FROM public."WorkerLeave"
  UNION ALL
  SELECT 'Expense' AS t, COUNT(*) AS n FROM public."Expense"
  UNION ALL
  SELECT 'ExpenseCategory' AS t, COUNT(*) AS n FROM public."ExpenseCategory"
  UNION ALL
  SELECT 'AmcPlan' AS t, COUNT(*) AS n FROM public."AmcPlan"
  UNION ALL
  SELECT 'AmcContract' AS t, COUNT(*) AS n FROM public."AmcContract"
  UNION ALL
  SELECT 'AmcServiceUsage' AS t, COUNT(*) AS n FROM public."AmcServiceUsage"
  UNION ALL
  SELECT 'AdminUser' AS t, COUNT(*) AS n FROM public."AdminUser"
  UNION ALL
  SELECT 'Role' AS t, COUNT(*) AS n FROM public."Role"
  UNION ALL
  SELECT 'Permission' AS t, COUNT(*) AS n FROM public."Permission"
  UNION ALL
  SELECT 'ActivityLog' AS t, COUNT(*) AS n FROM public."ActivityLog"
  UNION ALL
  SELECT 'Setting' AS t, COUNT(*) AS n FROM public."Setting"
  UNION ALL
  SELECT 'Holiday' AS t, COUNT(*) AS n FROM public."Holiday"
  UNION ALL
  SELECT 'NotificationTemplate' AS t, COUNT(*) AS n FROM public."NotificationTemplate"
  UNION ALL
  SELECT 'Notification' AS t, COUNT(*) AS n FROM public."Notification"
  UNION ALL
  SELECT 'AppointmentSlotRule' AS t, COUNT(*) AS n FROM public."AppointmentSlotRule"
  UNION ALL
  SELECT 'BlockedSlot' AS t, COUNT(*) AS n FROM public."BlockedSlot"
) x ORDER BY t;

-- FK integrity (all must be 0):
SELECT 'orphan_jobcards' issue, COUNT(*) FROM public."JobCard" jc LEFT JOIN public."Customer" c ON jc."customerId"=c.id WHERE c.id IS NULL
UNION ALL SELECT 'orphan_vehicles', COUNT(*) FROM public."Vehicle" v LEFT JOIN public."Customer" c ON v."customerId"=c.id WHERE c.id IS NULL
UNION ALL SELECT 'orphan_invoices', COUNT(*) FROM public."Invoice" i LEFT JOIN public."Customer" c ON i."customerId"=c.id WHERE c.id IS NULL
UNION ALL SELECT 'orphan_payments', COUNT(*) FROM public."Payment" p LEFT JOIN public."Invoice" i ON p."invoiceId"=i.id WHERE i.id IS NULL
UNION ALL SELECT 'orphan_lineitems', COUNT(*) FROM public."InvoiceLineItem" li LEFT JOIN public."Invoice" i ON li."invoiceId"=i.id WHERE i.id IS NULL
UNION ALL SELECT 'orphan_stockmoves', COUNT(*) FROM public."StockMovement" sm LEFT JOIN public."InventoryItem" ii ON sm."inventoryItemId"=ii.id WHERE ii.id IS NULL
UNION ALL SELECT 'orphan_assignments', COUNT(*) FROM public."WorkerAssignment" wa LEFT JOIN public."JobCard" jc ON wa."jobCardId"=jc.id WHERE jc.id IS NULL;
*/
